component_id,lot_id,component_type,parameter,value_0h_uA,value_24h_uA,value_96h_uA,value_168h_uA,datasheet_limit_uA,ground_truth_class
C00001,L001,Type_A,leakage_current,9.891,10.084,10.824,11.466,50.0,Healthy
C00002,L002,Type_A,leakage_current,10.126,17.288,38.985,60.995,50.0,Obvious_Failure
C00003,L003,Type_A,leakage_current,10.091,10.346,11.172,11.578,50.0,Healthy
C00004,L004,Type_B,leakage_current,10.543,10.953,11.631,12.573,50.0,Healthy
C00005,L005,Type_C,leakage_current,9.915,10.02,10.864,11.584,50.0,Healthy
C00006,L006,Type_A,leakage_current,11.271,11.751,12.788,14.11,50.0,Healthy
C00007,L007,Type_A,leakage_current,9.887,10.038,10.686,11.319,50.0,Healthy
C00008,L008,Type_B,leakage_current,10.681,10.909,11.253,11.749,50.0,Healthy
C00009,L009,Type_C,leakage_current,9.934,10.271,10.791,11.614,50.0,Healthy
C00010,L010,Type_A,leakage_current,9.898,9.97,10.524,11.148,50.0,Healthy
C00011,L011,Type_B,leakage_current,9.805,9.902,10.479,10.661,50.0,Healthy
C00012,L012,Type_B,leakage_current,9.79,9.937,10.731,11.338,50.0,Healthy
C00013,L013,Type_A,leakage_current,10.115,10.273,10.607,11.033,50.0,Healthy
C00014,L014,Type_A,leakage_current,10.973,11.138,11.687,12.533,50.0,Healthy
C00015,L015,Type_B,leakage_current,11.34,11.27,11.619,12.292,50.0,Healthy
C00016,L016,Type_B,leakage_current,11.67,11.675,12.816,13.459,50.0,Healthy
C00017,L017,Type_A,leakage_current,10.754,14.145,31.993,50.032,50.0,Rapid_Drift
C00018,L018,Type_B,leakage_current,9.892,10.117,10.73,11.336,50.0,Healthy
C00019,L019,Type_A,leakage_current,11.066,11.292,11.562,12.223,50.0,Healthy
C00020,L020,Type_A,leakage_current,10.134,12.291,33.006,38.836,50.0,Latent_Defect
C00021,L021,Type_B,leakage_current,11.073,11.307,11.483,12.36,50.0,Healthy
C00022,L022,Type_B,leakage_current,10.821,10.85,11.522,12.149,50.0,Healthy
C00023,L023,Type_A,leakage_current,10.283,10.508,11.239,11.729,50.0,Healthy
C00024,L024,Type_A,leakage_current,10.039,10.124,10.777,11.431,50.0,Healthy
C00025,L025,Type_A,leakage_current,8.576,10.049,28.247,46.296,50.0,Latent_Defect
C00026,L026,Type_C,leakage_current,9.719,10.185,11.386,12.035,50.0,Healthy
C00027,L027,Type_A,leakage_current,11.369,11.791,12.644,13.476,50.0,Healthy
C00028,L028,Type_C,leakage_current,9.212,9.413,10.011,10.653,50.0,Healthy
C00029,L029,Type_A,leakage_current,10.915,11.167,11.608,12.001,50.0,Healthy
C00030,L030,Type_A,leakage_current,8.861,8.98,9.438,10.06,50.0,Healthy
C00031,L031,Type_A,leakage_current,9.969,10.022,10.737,11.535,50.0,Healthy
C00032,L032,Type_A,leakage_current,10.611,10.869,11.693,12.328,50.0,Healthy
C00033,L033,Type_A,leakage_current,9.839,10.117,11.328,12.21,50.0,Healthy
C00034,L034,Type_A,leakage_current,9.711,9.975,11.015,11.766,50.0,Healthy
C00035,L035,Type_B,leakage_current,10.074,10.294,11.015,11.572,50.0,Healthy
C00036,L036,Type_B,leakage_current,10.799,10.98,11.334,11.715,50.0,Healthy
C00037,L037,Type_B,leakage_current,10.357,10.698,11.62,12.28,50.0,Healthy
C00038,L038,Type_A,leakage_current,9.249,9.354,9.862,10.4,50.0,Healthy
C00039,L039,Type_A,leakage_current,9.719,10.026,10.405,11.204,50.0,Healthy
C00040,L040,Type_A,leakage_current,11.216,11.37,11.593,12.333,50.0,Healthy
C00041,L041,Type_B,leakage_current,11.208,11.424,11.664,11.993,50.0,Healthy
C00042,L042,Type_B,leakage_current,11.586,11.805,12.684,13.501,50.0,Healthy
C00043,L043,Type_B,leakage_current,9.453,9.678,10.155,10.685,50.0,Healthy
C00044,L044,Type_A,leakage_current,9.857,10.023,10.429,10.657,50.0,Healthy
C00045,L045,Type_A,leakage_current,9.012,9.213,9.854,10.297,50.0,Healthy
C00046,L046,Type_A,leakage_current,9.272,9.675,10.098,10.813,50.0,Healthy
C00047,L047,Type_C,leakage_current,9.759,10.082,10.671,11.631,50.0,Healthy
C00048,L048,Type_B,leakage_current,10.201,10.485,11.553,12.41,50.0,Healthy
C00049,L049,Type_A,leakage_current,10.698,10.682,11.105,11.332,50.0,Healthy
C00050,L050,Type_B,leakage_current,11.006,11.034,11.192,11.515,50.0,Healthy
C00051,L051,Type_A,leakage_current,9.591,9.591,10.063,10.611,50.0,Healthy
C00052,L052,Type_A,leakage_current,10.609,12.611,25.549,37.744,50.0,Latent_Defect
C00053,L053,Type_A,leakage_current,10.431,10.606,11.445,12.042,50.0,Healthy
C00054,L054,Type_A,leakage_current,9.794,9.866,10.56,11.17,50.0,Healthy
C00055,L055,Type_A,leakage_current,9.513,9.763,10.254,10.116,50.0,Healthy
C00056,L056,Type_A,leakage_current,11.065,11.249,12.014,12.789,50.0,Healthy
C00057,L057,Type_B,leakage_current,10.635,13.986,41.351,68.593,50.0,Rapid_Drift
C00058,L058,Type_A,leakage_current,9.747,10.119,10.842,11.92,50.0,Healthy
C00059,L059,Type_B,leakage_current,10.92,11.105,11.873,12.575,50.0,Healthy
C00060,L060,Type_B,leakage_current,10.542,10.701,11.241,11.661,50.0,Healthy
C00061,L061,Type_A,leakage_current,11.307,11.63,12.03,12.311,50.0,Healthy
C00062,L062,Type_B,leakage_current,9.852,10.069,10.429,10.686,50.0,Healthy
C00063,L063,Type_A,leakage_current,11.283,11.667,11.92,12.376,50.0,Healthy
C00064,L064,Type_B,leakage_current,11.24,19.78,45.464,70.574,50.0,Obvious_Failure
C00065,L065,Type_A,leakage_current,9.872,10.068,10.591,11.172,50.0,Healthy
C00066,L066,Type_B,leakage_current,10.327,14.141,37.975,61.863,50.0,Rapid_Drift
C00067,L067,Type_A,leakage_current,10.619,11.032,11.918,12.635,50.0,Healthy
C00068,L068,Type_C,leakage_current,10.034,10.262,10.895,11.23,50.0,Healthy
C00069,L069,Type_B,leakage_current,11.739,12.017,12.389,13.101,50.0,Healthy
C00070,L070,Type_C,leakage_current,9.569,9.68,9.913,10.337,50.0,Healthy
C00071,L071,Type_A,leakage_current,10.517,13.642,38.796,63.961,50.0,Rapid_Drift
C00072,L072,Type_A,leakage_current,9.518,9.533,10.1,10.617,50.0,Healthy
C00073,L073,Type_A,leakage_current,8.786,8.995,9.598,10.275,50.0,Healthy
C00074,L074,Type_B,leakage_current,10.536,11.876,29.658,43.636,50.0,Latent_Defect
C00075,L075,Type_B,leakage_current,10.311,10.521,11.334,12.092,50.0,Healthy
C00076,L076,Type_B,leakage_current,11.197,11.558,12.541,13.515,50.0,Healthy
C00077,L077,Type_B,leakage_current,10.939,11.282,11.84,12.756,50.0,Healthy
C00078,L078,Type_B,leakage_current,11.602,18.99,40.29,62.067,50.0,Obvious_Failure
C00079,L079,Type_A,leakage_current,10.388,10.835,11.626,12.337,50.0,Healthy
C00080,L080,Type_B,leakage_current,10.518,10.634,11.32,11.707,50.0,Healthy
C00081,L081,Type_A,leakage_current,9.455,9.76,10.655,11.661,50.0,Healthy
C00082,L082,Type_A,leakage_current,10.072,10.214,10.541,10.754,50.0,Healthy
C00083,L083,Type_B,leakage_current,10.627,10.967,11.701,12.743,50.0,Healthy
C00084,L084,Type_B,leakage_current,10.543,10.625,11.499,12.088,50.0,Healthy
C00085,L085,Type_A,leakage_current,10.972,10.992,11.681,12.153,50.0,Healthy
C00086,L086,Type_B,leakage_current,10.648,10.785,11.864,12.641,50.0,Healthy
C00087,L087,Type_C,leakage_current,8.695,8.927,9.413,9.983,50.0,Healthy
C00088,L088,Type_C,leakage_current,8.782,9.079,9.722,10.369,50.0,Healthy
C00089,L089,Type_C,leakage_current,10.447,10.582,11.075,11.797,50.0,Healthy
C00090,L090,Type_A,leakage_current,10.349,10.581,11.105,11.508,50.0,Healthy
C00091,L091,Type_A,leakage_current,9.252,9.416,9.746,9.639,50.0,Healthy
C00092,L092,Type_B,leakage_current,10.575,12.395,29.8,39.336,50.0,Latent_Defect
C00093,L093,Type_B,leakage_current,9.665,9.74,10.256,10.785,50.0,Healthy
C00094,L094,Type_A,leakage_current,10.777,11.201,12.301,13.19,50.0,Healthy
C00095,L095,Type_A,leakage_current,10.36,10.524,11.3,12.175,50.0,Healthy
C00096,L096,Type_C,leakage_current,8.862,9.151,9.928,10.891,50.0,Healthy
C00097,L097,Type_A,leakage_current,9.15,9.059,9.782,10.132,50.0,Healthy
C00098,L098,Type_A,leakage_current,10.293,10.629,11.281,11.834,50.0,Healthy
C00099,L099,Type_A,leakage_current,10.208,10.626,11.362,12.296,50.0,Healthy
C00100,L100,Type_A,leakage_current,9.717,9.998,10.838,11.107,50.0,Healthy
C00101,L001,Type_A,leakage_current,9.33,9.532,10.497,10.96,50.0,Healthy
C00102,L002,Type_A,leakage_current,9.992,12.786,36.196,58.706,50.0,Rapid_Drift
C00103,L003,Type_C,leakage_current,9.811,9.893,10.241,10.338,50.0,Healthy
C00104,L004,Type_A,leakage_current,9.963,9.983,10.413,10.811,50.0,Healthy
C00105,L005,Type_A,leakage_current,9.617,18.746,46.037,72.545,50.0,Obvious_Failure
C00106,L006,Type_A,leakage_current,9.588,9.904,10.723,11.315,50.0,Healthy
C00107,L007,Type_B,leakage_current,10.695,10.851,11.695,12.427,50.0,Healthy
C00108,L008,Type_B,leakage_current,10.696,10.884,11.771,12.671,50.0,Healthy
C00109,L009,Type_A,leakage_current,9.874,11.036,29.196,40.407,50.0,Latent_Defect
C00110,L010,Type_A,leakage_current,9.477,9.734,10.198,10.69,50.0,Healthy
C00111,L011,Type_A,leakage_current,9.517,9.804,10.431,11.116,50.0,Healthy
C00112,L012,Type_B,leakage_current,10.601,10.791,11.391,12.147,50.0,Healthy
C00113,L013,Type_A,leakage_current,9.058,9.144,9.403,9.788,50.0,Healthy
C00114,L014,Type_A,leakage_current,10.926,12.805,32.594,44.233,50.0,Latent_Defect
C00115,L015,Type_A,leakage_current,10.315,11.627,27.281,42.614,50.0,Latent_Defect
C00116,L016,Type_A,leakage_current,9.14,9.364,10.211,11.017,50.0,Healthy
C00117,L017,Type_C,leakage_current,9.786,9.858,10.725,11.443,50.0,Healthy
C00118,L018,Type_A,leakage_current,10.711,10.94,11.252,11.794,50.0,Healthy
C00119,L019,Type_B,leakage_current,10.972,10.906,11.266,11.533,50.0,Healthy
C00120,L020,Type_A,leakage_current,10.589,10.652,10.916,11.586,50.0,Healthy
C00121,L021,Type_A,leakage_current,9.646,13.327,36.542,60.053,50.0,Rapid_Drift
C00122,L022,Type_B,leakage_current,10.709,10.877,11.43,11.743,50.0,Healthy
C00123,L023,Type_B,leakage_current,11.341,11.311,11.619,11.621,50.0,Healthy
C00124,L024,Type_B,leakage_current,11.112,11.392,12.153,12.683,50.0,Healthy
C00125,L025,Type_A,leakage_current,10.35,10.334,10.675,11.073,50.0,Healthy
C00126,L026,Type_B,leakage_current,11.542,11.534,11.877,12.344,50.0,Healthy
C00127,L027,Type_B,leakage_current,10.354,10.602,11.297,11.894,50.0,Healthy
C00128,L028,Type_B,leakage_current,10.251,10.138,10.569,11.084,50.0,Healthy
C00129,L029,Type_A,leakage_current,9.654,14.139,28.854,43.217,50.0,Obvious_Failure
C00130,L030,Type_C,leakage_current,10.107,16.128,34.539,52.792,50.0,Obvious_Failure
C00131,L031,Type_A,leakage_current,9.499,9.772,10.353,10.988,50.0,Healthy
C00132,L032,Type_B,leakage_current,11.092,11.26,11.774,12.189,50.0,Healthy
C00133,L033,Type_A,leakage_current,10.99,11.409,12.069,12.836,50.0,Healthy
C00134,L034,Type_A,leakage_current,10.965,11.006,11.686,12.424,50.0,Healthy
C00135,L035,Type_B,leakage_current,11.621,11.741,12.412,12.922,50.0,Healthy
C00136,L036,Type_A,leakage_current,10.647,11.066,11.721,12.483,50.0,Healthy
C00137,L037,Type_A,leakage_current,9.325,11.859,36.217,60.618,50.0,Rapid_Drift
C00138,L038,Type_A,leakage_current,9.625,9.985,10.27,10.873,50.0,Healthy
C00139,L039,Type_A,leakage_current,10.541,10.701,10.972,11.101,50.0,Healthy
C00140,L040,Type_C,leakage_current,9.685,12.668,30.633,48.515,50.0,Rapid_Drift
C00141,L041,Type_C,leakage_current,8.903,9.034,9.226,9.486,50.0,Healthy
C00142,L042,Type_A,leakage_current,9.388,12.719,31.235,49.71,50.0,Rapid_Drift
C00143,L043,Type_C,leakage_current,8.241,10.135,26.713,40.828,50.0,Latent_Defect
C00144,L044,Type_A,leakage_current,10.02,10.19,10.526,10.892,50.0,Healthy
C00145,L045,Type_A,leakage_current,9.679,10.087,10.654,11.191,50.0,Healthy
C00146,L046,Type_B,leakage_current,11.805,11.766,11.914,12.538,50.0,Healthy
C00147,L047,Type_C,leakage_current,9.986,9.937,10.16,10.553,50.0,Healthy
C00148,L048,Type_B,leakage_current,11.342,11.388,11.737,12.253,50.0,Healthy
C00149,L049,Type_A,leakage_current,9.972,10.295,11.162,12.002,50.0,Healthy
C00150,L050,Type_B,leakage_current,11.256,11.484,11.514,11.795,50.0,Healthy
C00151,L051,Type_A,leakage_current,9.462,9.368,10.1,10.772,50.0,Healthy
C00152,L052,Type_A,leakage_current,11.109,11.277,11.529,11.779,50.0,Healthy
C00153,L053,Type_B,leakage_current,10.276,12.588,32.245,44.905,50.0,Latent_Defect
C00154,L054,Type_A,leakage_current,8.887,8.89,9.136,9.618,50.0,Healthy
C00155,L055,Type_B,leakage_current,10.03,10.08,10.933,11.554,50.0,Healthy
C00156,L056,Type_A,leakage_current,8.998,9.166,9.813,10.709,50.0,Healthy
C00157,L057,Type_B,leakage_current,11.668,11.902,12.55,13.055,50.0,Healthy
C00158,L058,Type_A,leakage_current,9.603,9.791,9.732,9.962,50.0,Healthy
C00159,L059,Type_A,leakage_current,9.564,9.71,10.25,11.151,50.0,Healthy
C00160,L060,Type_A,leakage_current,8.576,8.848,9.421,9.923,50.0,Healthy
C00161,L061,Type_A,leakage_current,9.332,9.487,10.301,11.31,50.0,Healthy
C00162,L062,Type_A,leakage_current,9.571,9.547,10.506,11.05,50.0,Healthy
C00163,L063,Type_A,leakage_current,10.29,10.546,10.96,11.508,50.0,Healthy
C00164,L064,Type_B,leakage_current,10.842,10.979,11.154,11.477,50.0,Healthy
C00165,L065,Type_B,leakage_current,9.654,9.953,10.512,11.238,50.0,Healthy
C00166,L066,Type_B,leakage_current,11.117,11.484,11.965,12.262,50.0,Healthy
C00167,L067,Type_A,leakage_current,9.891,10.252,10.96,11.603,50.0,Healthy
C00168,L068,Type_B,leakage_current,9.593,9.693,10.009,10.404,50.0,Healthy
C00169,L069,Type_A,leakage_current,9.167,9.258,9.795,10.512,50.0,Healthy
C00170,L070,Type_B,leakage_current,11.218,11.238,11.843,12.448,50.0,Healthy
C00171,L071,Type_A,leakage_current,10.932,11.127,12.207,13.006,50.0,Healthy
C00172,L072,Type_A,leakage_current,10.217,10.294,11.077,11.79,50.0,Healthy
C00173,L073,Type_A,leakage_current,10.355,10.371,10.769,10.959,50.0,Healthy
C00174,L074,Type_B,leakage_current,11.158,13.686,33.783,54.669,50.0,Rapid_Drift
C00175,L075,Type_B,leakage_current,11.073,16.778,34.488,51.881,50.0,Obvious_Failure
C00176,L076,Type_A,leakage_current,9.152,9.527,10.182,10.913,50.0,Healthy
C00177,L077,Type_A,leakage_current,8.897,9.101,10.249,11.059,50.0,Healthy
C00178,L078,Type_A,leakage_current,9.934,10.028,10.209,10.429,50.0,Healthy
C00179,L079,Type_A,leakage_current,10.586,10.889,11.572,12.535,50.0,Healthy
C00180,L080,Type_A,leakage_current,9.635,9.76,10.276,10.794,50.0,Healthy
C00181,L081,Type_C,leakage_current,9.618,10.144,10.673,11.657,50.0,Healthy
C00182,L082,Type_A,leakage_current,10.602,10.764,11.301,11.607,50.0,Healthy
C00183,L083,Type_A,leakage_current,9.625,9.632,10.074,10.796,50.0,Healthy
C00184,L084,Type_C,leakage_current,9.05,8.993,9.697,10.598,50.0,Healthy
C00185,L085,Type_A,leakage_current,10.051,11.327,28.366,44.812,50.0,Latent_Defect
C00186,L086,Type_A,leakage_current,10.566,10.808,11.5,11.783,50.0,Healthy
C00187,L087,Type_A,leakage_current,10.057,15.007,30.373,45.886,50.0,Obvious_Failure
C00188,L088,Type_C,leakage_current,8.845,9.147,9.62,10.215,50.0,Healthy
C00189,L089,Type_A,leakage_current,10.679,10.887,11.753,12.216,50.0,Healthy
C00190,L090,Type_A,leakage_current,9.692,9.933,10.206,10.547,50.0,Healthy
C00191,L091,Type_A,leakage_current,9.761,9.673,9.589,9.899,50.0,Healthy
C00192,L092,Type_B,leakage_current,9.592,9.985,10.939,11.514,50.0,Healthy
C00193,L093,Type_C,leakage_current,10.318,10.822,11.431,12.084,50.0,Healthy
C00194,L094,Type_C,leakage_current,8.786,8.889,9.594,10.102,50.0,Healthy
C00195,L095,Type_C,leakage_current,9.721,9.875,10.548,11.663,50.0,Healthy
C00196,L096,Type_A,leakage_current,10.162,10.223,10.513,10.799,50.0,Healthy
C00197,L097,Type_A,leakage_current,9.758,9.812,10.294,10.988,50.0,Healthy
C00198,L098,Type_A,leakage_current,9.544,9.65,10.139,10.569,50.0,Healthy
C00199,L099,Type_B,leakage_current,11.16,11.41,11.961,12.305,50.0,Healthy
C00200,L100,Type_A,leakage_current,9.691,9.651,10.174,10.443,50.0,Healthy
C00201,L001,Type_A,leakage_current,9.359,9.43,10.176,10.95,50.0,Healthy
C00202,L002,Type_C,leakage_current,8.228,8.446,8.996,9.499,50.0,Healthy
C00203,L003,Type_B,leakage_current,10.877,11.112,11.56,12.105,50.0,Healthy
C00204,L004,Type_C,leakage_current,10.139,10.349,11.259,11.997,50.0,Healthy
C00205,L005,Type_B,leakage_current,11.213,11.422,12.079,12.424,50.0,Healthy
C00206,L006,Type_C,leakage_current,8.869,8.978,9.895,10.447,50.0,Healthy
C00207,L007,Type_A,leakage_current,9.944,10.05,10.303,10.581,50.0,Healthy
C00208,L008,Type_A,leakage_current,9.916,9.94,10.488,10.987,50.0,Healthy
C00209,L009,Type_A,leakage_current,10.556,10.743,11.241,11.558,50.0,Healthy
C00210,L010,Type_B,leakage_current,11.74,12.101,12.998,13.626,50.0,Healthy
C00211,L011,Type_A,leakage_current,9.902,9.957,10.495,10.887,50.0,Healthy
C00212,L012,Type_A,leakage_current,9.047,9.095,9.444,9.94,50.0,Healthy
C00213,L013,Type_C,leakage_current,8.937,10.205,25.679,39.703,50.0,Latent_Defect
C00214,L014,Type_A,leakage_current,10.68,10.764,11.099,11.889,50.0,Healthy
C00215,L015,Type_A,leakage_current,9.925,10.029,10.71,11.358,50.0,Healthy
C00216,L016,Type_A,leakage_current,9.214,9.321,9.857,10.574,50.0,Healthy
C00217,L017,Type_A,leakage_current,10.007,10.179,10.582,10.895,50.0,Healthy
C00218,L018,Type_A,leakage_current,10.222,10.529,11.344,11.994,50.0,Healthy
C00219,L019,Type_A,leakage_current,8.79,8.901,9.32,9.549,50.0,Healthy
C00220,L020,Type_A,leakage_current,10.235,10.219,11.028,11.513,50.0,Healthy
C00221,L021,Type_B,leakage_current,10.49,10.656,11.41,11.7,50.0,Healthy
C00222,L022,Type_A,leakage_current,9.712,11.844,29.661,38.102,50.0,Latent_Defect
C00223,L023,Type_A,leakage_current,11.345,11.609,12.066,12.549,50.0,Healthy
C00224,L024,Type_A,leakage_current,10.492,10.838,11.197,11.617,50.0,Healthy
C00225,L025,Type_C,leakage_current,9.124,9.247,10.28,11.363,50.0,Healthy
C00226,L026,Type_A,leakage_current,10.566,10.86,11.561,12.263,50.0,Healthy
C00227,L027,Type_C,leakage_current,9.388,9.608,10.163,10.709,50.0,Healthy
C00228,L028,Type_A,leakage_current,9.254,9.576,10.177,10.551,50.0,Healthy
C00229,L029,Type_C,leakage_current,10.407,10.825,11.353,11.877,50.0,Healthy
C00230,L030,Type_A,leakage_current,10.458,10.891,11.813,12.931,50.0,Healthy
C00231,L031,Type_A,leakage_current,10.592,10.856,11.479,11.97,50.0,Healthy
C00232,L032,Type_A,leakage_current,10.841,12.45,30.073,40.691,50.0,Latent_Defect
C00233,L033,Type_A,leakage_current,10.098,10.299,10.587,10.747,50.0,Healthy
C00234,L034,Type_B,leakage_current,11.161,11.386,11.999,12.748,50.0,Healthy
C00235,L035,Type_B,leakage_current,11.967,12.004,12.755,13.127,50.0,Healthy
C00236,L036,Type_B,leakage_current,11.025,12.193,31.58,41.14,50.0,Latent_Defect
C00237,L037,Type_B,leakage_current,10.848,12.11,25.507,38.395,50.0,Latent_Defect
C00238,L038,Type_A,leakage_current,9.244,9.386,10.072,10.603,50.0,Healthy
C00239,L039,Type_A,leakage_current,8.393,8.627,9.311,9.82,50.0,Healthy
C00240,L040,Type_A,leakage_current,8.814,12.532,40.819,68.697,50.0,Rapid_Drift
C00241,L041,Type_A,leakage_current,9.912,10.133,10.923,11.391,50.0,Healthy
C00242,L042,Type_A,leakage_current,10.546,10.643,11.746,12.929,50.0,Healthy
C00243,L043,Type_C,leakage_current,8.319,8.878,9.996,10.619,50.0,Healthy
C00244,L044,Type_A,leakage_current,9.982,12.887,39.689,66.607,50.0,Rapid_Drift
C00245,L045,Type_B,leakage_current,10.103,10.281,11.169,11.402,50.0,Healthy
C00246,L046,Type_A,leakage_current,8.642,10.265,30.572,40.131,50.0,Latent_Defect
C00247,L047,Type_B,leakage_current,10.88,11.175,11.352,12.182,50.0,Healthy
C00248,L048,Type_C,leakage_current,9.347,9.463,10.055,10.696,50.0,Healthy
C00249,L049,Type_A,leakage_current,9.539,9.677,10.27,11.09,50.0,Healthy
C00250,L050,Type_C,leakage_current,9.257,16.237,37.204,58.788,50.0,Obvious_Failure
C00251,L051,Type_A,leakage_current,9.337,9.425,10.184,10.731,50.0,Healthy
C00252,L052,Type_A,leakage_current,9.472,9.668,10.45,11.523,50.0,Healthy
C00253,L053,Type_A,leakage_current,10.695,10.889,11.752,12.471,50.0,Healthy
C00254,L054,Type_A,leakage_current,10.231,10.266,10.403,10.745,50.0,Healthy
C00255,L055,Type_A,leakage_current,10.086,10.135,10.321,10.427,50.0,Healthy
C00256,L056,Type_A,leakage_current,9.569,9.729,10.594,11.34,50.0,Healthy
C00257,L057,Type_A,leakage_current,9.891,10.226,10.751,11.097,50.0,Healthy
C00258,L058,Type_B,leakage_current,11.8,11.813,12.354,13.18,50.0,Healthy
C00259,L059,Type_C,leakage_current,10.009,9.942,10.34,10.867,50.0,Healthy
C00260,L060,Type_B,leakage_current,10.769,11.063,11.34,11.487,50.0,Healthy
C00261,L061,Type_A,leakage_current,9.452,9.603,10.303,10.891,50.0,Healthy
C00262,L062,Type_B,leakage_current,10.37,10.457,10.812,10.931,50.0,Healthy
C00263,L063,Type_B,leakage_current,11.076,11.336,12.094,12.645,50.0,Healthy
C00264,L064,Type_A,leakage_current,10.571,10.661,10.897,11.185,50.0,Healthy
C00265,L065,Type_A,leakage_current,10.601,10.986,11.846,12.766,50.0,Healthy
C00266,L066,Type_B,leakage_current,10.673,10.881,11.019,11.315,50.0,Healthy
C00267,L067,Type_A,leakage_current,10.572,10.782,11.473,11.985,50.0,Healthy
C00268,L068,Type_C,leakage_current,9.939,9.817,10.321,10.882,50.0,Healthy
C00269,L069,Type_B,leakage_current,11.725,11.954,12.622,13.56,50.0,Healthy
C00270,L070,Type_A,leakage_current,9.676,9.925,10.411,10.889,50.0,Healthy
C00271,L071,Type_C,leakage_current,10.781,11.062,11.586,12.242,50.0,Healthy
C00272,L072,Type_A,leakage_current,8.513,8.948,9.932,10.663,50.0,Healthy
C00273,L073,Type_B,leakage_current,9.522,9.578,10.085,10.54,50.0,Healthy
C00274,L074,Type_A,leakage_current,10.686,10.749,11.415,11.881,50.0,Healthy
C00275,L075,Type_A,leakage_current,9.414,9.502,9.808,10.348,50.0,Healthy
C00276,L076,Type_C,leakage_current,9.61,9.875,10.634,11.596,50.0,Healthy
C00277,L077,Type_B,leakage_current,10.865,10.938,11.283,11.813,50.0,Healthy
C00278,L078,Type_A,leakage_current,9.634,9.932,10.693,11.334,50.0,Healthy
C00279,L079,Type_A,leakage_current,10.779,10.606,10.749,10.821,50.0,Healthy
C00280,L080,Type_B,leakage_current,10.542,10.602,10.89,11.039,50.0,Healthy
C00281,L081,Type_A,leakage_current,11.228,11.377,11.854,12.111,50.0,Healthy
C00282,L082,Type_A,leakage_current,10.07,10.378,11.07,11.318,50.0,Healthy
C00283,L083,Type_A,leakage_current,10.264,10.506,11.304,12.293,50.0,Healthy
C00284,L084,Type_A,leakage_current,11.003,11.385,11.923,12.347,50.0,Healthy
C00285,L085,Type_B,leakage_current,10.158,10.504,11.3,12.024,50.0,Healthy
C00286,L086,Type_A,leakage_current,8.533,8.823,9.562,10.225,50.0,Healthy
C00287,L087,Type_A,leakage_current,9.515,9.826,10.455,10.935,50.0,Healthy
C00288,L088,Type_C,leakage_current,9.359,9.554,9.928,10.48,50.0,Healthy
C00289,L089,Type_B,leakage_current,11.02,11.261,12.041,12.658,50.0,Healthy
C00290,L090,Type_B,leakage_current,9.379,9.489,9.61,10.087,50.0,Healthy
C00291,L091,Type_B,leakage_current,11.034,11.259,11.82,12.659,50.0,Healthy
C00292,L092,Type_A,leakage_current,10.471,10.621,11.427,12.264,50.0,Healthy
C00293,L093,Type_A,leakage_current,9.987,10.067,10.797,11.415,50.0,Healthy
C00294,L094,Type_A,leakage_current,10.794,10.81,11.602,12.279,50.0,Healthy
C00295,L095,Type_B,leakage_current,10.729,11.115,11.607,11.92,50.0,Healthy
C00296,L096,Type_A,leakage_current,9.619,9.787,10.369,10.598,50.0,Healthy
C00297,L097,Type_A,leakage_current,9.858,9.933,10.171,10.561,50.0,Healthy
C00298,L098,Type_C,leakage_current,8.766,8.938,9.775,10.083,50.0,Healthy
C00299,L099,Type_C,leakage_current,8.485,8.622,9.243,9.579,50.0,Healthy
C00300,L100,Type_A,leakage_current,10.956,12.887,27.996,40.329,50.0,Latent_Defect
C00301,L001,Type_B,leakage_current,11.002,11.088,12.003,12.891,50.0,Healthy
C00302,L002,Type_A,leakage_current,10.034,12.595,26.894,41.155,50.0,Latent_Defect
C00303,L003,Type_A,leakage_current,9.929,10.388,11.361,12.245,50.0,Healthy
C00304,L004,Type_A,leakage_current,9.823,9.814,10.319,10.888,50.0,Healthy
C00305,L005,Type_B,leakage_current,11.067,13.868,34.648,55.48,50.0,Rapid_Drift
C00306,L006,Type_A,leakage_current,8.967,12.097,37.765,63.748,50.0,Rapid_Drift
C00307,L007,Type_A,leakage_current,9.973,9.769,10.343,10.643,50.0,Healthy
C00308,L008,Type_C,leakage_current,9.808,10.133,10.965,11.692,50.0,Healthy
C00309,L009,Type_B,leakage_current,10.502,14.336,43.067,71.948,50.0,Rapid_Drift
C00310,L010,Type_B,leakage_current,11.583,11.749,12.615,13.404,50.0,Healthy
C00311,L011,Type_A,leakage_current,9.506,9.861,10.424,11.089,50.0,Healthy
C00312,L012,Type_C,leakage_current,8.776,9.161,10.171,10.651,50.0,Healthy
C00313,L013,Type_C,leakage_current,8.842,8.943,9.498,10.355,50.0,Healthy
C00314,L014,Type_C,leakage_current,8.22,10.491,30.018,41.212,50.0,Latent_Defect
C00315,L015,Type_A,leakage_current,10.911,11.143,11.839,12.249,50.0,Healthy
C00316,L016,Type_A,leakage_current,7.598,7.486,7.733,8.3,50.0,Healthy
C00317,L017,Type_B,leakage_current,12.058,13.836,30.635,44.027,50.0,Latent_Defect
C00318,L018,Type_A,leakage_current,10.73,12.31,29.245,41.139,50.0,Latent_Defect
C00319,L019,Type_B,leakage_current,10.371,10.532,11.221,12.147,50.0,Healthy
C00320,L020,Type_B,leakage_current,10.657,10.761,11.263,11.31,50.0,Healthy
C00321,L021,Type_C,leakage_current,8.345,8.603,9.422,10.22,50.0,Healthy
C00322,L022,Type_A,leakage_current,9.219,9.509,10.091,10.581,50.0,Healthy
C00323,L023,Type_A,leakage_current,9.539,11.887,31.168,48.087,50.0,Latent_Defect
C00324,L024,Type_B,leakage_current,11.039,13.04,33.798,39.836,50.0,Latent_Defect
C00325,L025,Type_A,leakage_current,10.666,10.775,11.505,12.006,50.0,Healthy
C00326,L026,Type_A,leakage_current,10.729,10.878,11.286,11.65,50.0,Healthy
C00327,L027,Type_A,leakage_current,10.282,10.417,10.981,11.431,50.0,Healthy
C00328,L028,Type_A,leakage_current,9.012,14.036,29.656,45.553,50.0,Obvious_Failure
C00329,L029,Type_A,leakage_current,9.531,9.704,10.407,11.051,50.0,Healthy
C00330,L030,Type_A,leakage_current,9.82,9.826,10.349,10.604,50.0,Healthy
C00331,L031,Type_B,leakage_current,10.731,10.81,11.551,12.094,50.0,Healthy
C00332,L032,Type_B,leakage_current,11.019,18.483,41.444,64.202,50.0,Obvious_Failure
C00333,L033,Type_A,leakage_current,10.039,10.236,11.271,12.341,50.0,Healthy
C00334,L034,Type_A,leakage_current,9.916,10.17,10.803,11.986,50.0,Healthy
C00335,L035,Type_A,leakage_current,8.831,9.105,10.035,10.485,50.0,Healthy
C00336,L036,Type_B,leakage_current,10.097,10.227,10.651,10.819,50.0,Healthy
C00337,L037,Type_B,leakage_current,11.806,11.824,12.407,12.634,50.0,Healthy
C00338,L038,Type_A,leakage_current,10.108,10.339,10.868,11.597,50.0,Healthy
C00339,L039,Type_A,leakage_current,9.672,12.668,31.397,50.287,50.0,Rapid_Drift
C00340,L040,Type_B,leakage_current,10.893,13.156,27.7,41.36,50.0,Latent_Defect
C00341,L041,Type_B,leakage_current,10.378,10.707,11.512,12.391,50.0,Healthy
C00342,L042,Type_C,leakage_current,9.591,9.511,10.222,10.912,50.0,Healthy
C00343,L043,Type_A,leakage_current,10.042,10.251,10.807,11.448,50.0,Healthy
C00344,L044,Type_B,leakage_current,10.374,10.349,10.984,11.758,50.0,Healthy
C00345,L045,Type_C,leakage_current,9.594,9.703,10.334,10.735,50.0,Healthy
C00346,L046,Type_A,leakage_current,8.841,8.917,9.404,10.134,50.0,Healthy
C00347,L047,Type_A,leakage_current,8.82,9.064,9.592,9.654,50.0,Healthy
C00348,L048,Type_C,leakage_current,9.19,9.414,9.919,10.581,50.0,Healthy
C00349,L049,Type_A,leakage_current,10.159,10.416,10.852,11.799,50.0,Healthy
C00350,L050,Type_A,leakage_current,10.08,10.294,11.087,11.361,50.0,Healthy
C00351,L051,Type_A,leakage_current,9.323,9.498,9.892,10.391,50.0,Healthy
C00352,L052,Type_C,leakage_current,9.778,12.648,29.887,47.493,50.0,Rapid_Drift
C00353,L053,Type_A,leakage_current,9.498,9.719,9.869,10.085,50.0,Healthy
C00354,L054,Type_A,leakage_current,10.445,13.141,35.981,58.577,50.0,Rapid_Drift
C00355,L055,Type_A,leakage_current,10.937,11.008,11.864,12.45,50.0,Healthy
C00356,L056,Type_A,leakage_current,9.632,9.789,10.494,10.998,50.0,Healthy
C00357,L057,Type_B,leakage_current,11.326,11.437,12.431,13.658,50.0,Healthy
C00358,L058,Type_C,leakage_current,8.674,8.946,9.231,9.442,50.0,Healthy
C00359,L059,Type_C,leakage_current,10.161,10.31,11.003,11.549,50.0,Healthy
C00360,L060,Type_A,leakage_current,10.154,10.216,10.909,11.72,50.0,Healthy
C00361,L061,Type_A,leakage_current,9.584,9.571,10.091,10.535,50.0,Healthy
C00362,L062,Type_A,leakage_current,11.018,11.27,11.828,12.487,50.0,Healthy
C00363,L063,Type_B,leakage_current,10.94,11.164,11.54,12.627,50.0,Healthy
C00364,L064,Type_A,leakage_current,11.288,11.719,12.444,12.887,50.0,Healthy
C00365,L065,Type_A,leakage_current,10.351,10.449,11.106,11.282,50.0,Healthy
C00366,L066,Type_B,leakage_current,10.942,10.924,11.319,11.848,50.0,Healthy
C00367,L067,Type_A,leakage_current,10.433,10.706,11.459,12.123,50.0,Healthy
C00368,L068,Type_A,leakage_current,10.174,10.286,10.602,10.972,50.0,Healthy
C00369,L069,Type_C,leakage_current,10.461,12.011,24.407,36.674,50.0,Latent_Defect
C00370,L070,Type_A,leakage_current,10.978,11.423,11.88,12.526,50.0,Healthy
C00371,L071,Type_C,leakage_current,9.889,10.159,10.79,11.588,50.0,Healthy
C00372,L072,Type_C,leakage_current,9.116,9.308,9.958,10.536,50.0,Healthy
C00373,L073,Type_B,leakage_current,10.71,10.857,11.275,11.817,50.0,Healthy
C00374,L074,Type_B,leakage_current,11.295,11.368,12.064,12.663,50.0,Healthy
C00375,L075,Type_C,leakage_current,9.653,10.036,10.609,11.132,50.0,Healthy
C00376,L076,Type_B,leakage_current,10.473,12.017,29.843,38.222,50.0,Latent_Defect
C00377,L077,Type_B,leakage_current,10.881,11.052,11.28,11.685,50.0,Healthy
C00378,L078,Type_C,leakage_current,10.248,17.818,40.346,62.788,50.0,Obvious_Failure
C00379,L079,Type_A,leakage_current,8.71,9.062,9.8,10.642,50.0,Healthy
C00380,L080,Type_B,leakage_current,11.608,11.6,11.863,12.488,50.0,Healthy
C00381,L081,Type_A,leakage_current,10.189,10.245,10.914,11.41,50.0,Healthy
C00382,L082,Type_A,leakage_current,9.442,9.713,10.222,10.765,50.0,Healthy
C00383,L083,Type_B,leakage_current,11.217,11.331,12.05,12.576,50.0,Healthy
C00384,L084,Type_A,leakage_current,9.114,9.458,9.969,10.877,50.0,Healthy
C00385,L085,Type_A,leakage_current,9.564,9.533,10.04,10.557,50.0,Healthy
C00386,L086,Type_C,leakage_current,9.715,9.817,10.201,10.671,50.0,Healthy
C00387,L087,Type_B,leakage_current,10.62,13.726,31.991,49.69,50.0,Rapid_Drift
C00388,L088,Type_A,leakage_current,9.761,11.623,29.641,42.63,50.0,Latent_Defect
C00389,L089,Type_A,leakage_current,11.336,11.507,12.442,13.049,50.0,Healthy
C00390,L090,Type_A,leakage_current,10.889,11.089,11.825,12.656,50.0,Healthy
C00391,L091,Type_A,leakage_current,11.155,11.625,12.27,13.359,50.0,Healthy
C00392,L092,Type_A,leakage_current,10.197,10.047,10.658,10.95,50.0,Healthy
C00393,L093,Type_A,leakage_current,8.956,11.179,28.761,39.361,50.0,Latent_Defect
C00394,L094,Type_B,leakage_current,10.081,10.277,10.902,11.292,50.0,Healthy
C00395,L095,Type_C,leakage_current,8.95,9.072,9.791,10.411,50.0,Healthy
C00396,L096,Type_A,leakage_current,9.844,10.032,10.558,10.941,50.0,Healthy
C00397,L097,Type_A,leakage_current,9.892,10.17,10.522,10.888,50.0,Healthy
C00398,L098,Type_A,leakage_current,10.109,10.522,11.261,11.774,50.0,Healthy
C00399,L099,Type_C,leakage_current,9.841,9.854,10.258,10.349,50.0,Healthy
C00400,L100,Type_C,leakage_current,9.16,12.9,37.267,61.663,50.0,Rapid_Drift
C00401,L001,Type_A,leakage_current,8.69,8.835,9.117,9.523,50.0,Healthy
C00402,L002,Type_A,leakage_current,10.046,10.183,10.114,10.424,50.0,Healthy
C00403,L003,Type_A,leakage_current,10.925,11.279,12.135,13.036,50.0,Healthy
C00404,L004,Type_A,leakage_current,9.776,11.329,28.783,39.437,50.0,Latent_Defect
C00405,L005,Type_B,leakage_current,10.644,10.885,11.47,12.01,50.0,Healthy
C00406,L006,Type_B,leakage_current,10.659,10.909,11.389,11.985,50.0,Healthy
C00407,L007,Type_A,leakage_current,9.343,12.532,38.699,64.608,50.0,Rapid_Drift
C00408,L008,Type_A,leakage_current,10.909,11.112,11.985,12.99,50.0,Healthy
C00409,L009,Type_B,leakage_current,11.669,11.777,12.399,12.955,50.0,Healthy
C00410,L010,Type_A,leakage_current,10.577,10.852,11.644,12.442,50.0,Healthy
C00411,L011,Type_A,leakage_current,11.165,11.299,12.113,13.12,50.0,Healthy
C00412,L012,Type_C,leakage_current,10.251,11.6,31.289,47.056,50.0,Latent_Defect
C00413,L013,Type_A,leakage_current,9.433,9.839,10.372,10.935,50.0,Healthy
C00414,L014,Type_A,leakage_current,9.109,9.681,10.496,11.343,50.0,Healthy
C00415,L015,Type_B,leakage_current,10.536,13.923,39.326,64.671,50.0,Rapid_Drift
C00416,L016,Type_B,leakage_current,11.169,11.305,11.933,12.795,50.0,Healthy
C00417,L017,Type_A,leakage_current,9.848,12.575,38.151,63.694,50.0,Rapid_Drift
C00418,L018,Type_A,leakage_current,9.053,9.224,9.693,10.423,50.0,Healthy
C00419,L019,Type_A,leakage_current,9.586,9.749,10.215,10.227,50.0,Healthy
C00420,L020,Type_B,leakage_current,10.108,10.247,10.655,10.987,50.0,Healthy
C00421,L021,Type_B,leakage_current,11.434,11.712,12.65,13.498,50.0,Healthy
C00422,L022,Type_B,leakage_current,9.603,9.882,10.617,11.236,50.0,Healthy
C00423,L023,Type_A,leakage_current,11.554,11.926,13.104,13.951,50.0,Healthy
C00424,L024,Type_B,leakage_current,10.674,13.353,39.35,65.254,50.0,Rapid_Drift
C00425,L025,Type_A,leakage_current,9.641,9.541,10.204,10.864,50.0,Healthy
C00426,L026,Type_B,leakage_current,11.797,12.099,13.286,14.295,50.0,Healthy
C00427,L027,Type_C,leakage_current,10.451,10.901,11.068,11.739,50.0,Healthy
C00428,L028,Type_B,leakage_current,9.783,11.226,29.397,44.089,50.0,Latent_Defect
C00429,L029,Type_B,leakage_current,11.731,13.13,26.357,39.249,50.0,Latent_Defect
C00430,L030,Type_A,leakage_current,9.727,9.903,10.587,11.028,50.0,Healthy
C00431,L031,Type_A,leakage_current,9.574,10.009,10.562,10.997,50.0,Healthy
C00432,L032,Type_A,leakage_current,9.947,9.942,10.464,10.84,50.0,Healthy
C00433,L033,Type_B,leakage_current,10.456,10.726,11.309,12.072,50.0,Healthy
C00434,L034,Type_A,leakage_current,10.706,10.851,11.532,11.976,50.0,Healthy
C00435,L035,Type_A,leakage_current,8.552,16.31,40.275,64.222,50.0,Obvious_Failure
C00436,L036,Type_A,leakage_current,9.871,10.226,10.505,10.98,50.0,Healthy
C00437,L037,Type_B,leakage_current,11.24,13.489,31.537,39.809,50.0,Latent_Defect
C00438,L038,Type_A,leakage_current,9.439,9.422,9.833,10.038,50.0,Healthy
C00439,L039,Type_C,leakage_current,9.36,9.522,10.296,10.926,50.0,Healthy
C00440,L040,Type_A,leakage_current,10.437,10.8,11.456,12.336,50.0,Healthy
C00441,L041,Type_B,leakage_current,10.691,12.142,30.007,44.315,50.0,Latent_Defect
C00442,L042,Type_A,leakage_current,10.154,16.213,33.703,51.476,50.0,Obvious_Failure
C00443,L043,Type_B,leakage_current,10.916,11.055,11.34,11.785,50.0,Healthy
C00444,L044,Type_A,leakage_current,9.429,12.923,34.302,56.211,50.0,Rapid_Drift
C00445,L045,Type_A,leakage_current,10.215,10.395,10.788,11.26,50.0,Healthy
C00446,L046,Type_C,leakage_current,9.443,9.605,10.008,10.341,50.0,Healthy
C00447,L047,Type_B,leakage_current,11.593,11.621,12.127,12.42,50.0,Healthy
C00448,L048,Type_A,leakage_current,9.919,13.083,37.956,63.121,50.0,Rapid_Drift
C00449,L049,Type_B,leakage_current,11.217,11.439,11.925,12.799,50.0,Healthy
C00450,L050,Type_A,leakage_current,9.618,11.306,23.412,35.798,50.0,Latent_Defect
C00451,L051,Type_A,leakage_current,9.449,9.688,10.656,11.213,50.0,Healthy
C00452,L052,Type_B,leakage_current,11.97,13.49,30.267,47.434,50.0,Latent_Defect
C00453,L053,Type_A,leakage_current,9.074,9.198,9.949,10.661,50.0,Healthy
C00454,L054,Type_B,leakage_current,11.427,11.635,11.704,12.173,50.0,Healthy
C00455,L055,Type_A,leakage_current,11.319,11.282,11.477,12.201,50.0,Healthy
C00456,L056,Type_B,leakage_current,10.499,10.623,11.042,11.489,50.0,Healthy
C00457,L057,Type_A,leakage_current,9.553,9.749,10.301,10.946,50.0,Healthy
C00458,L058,Type_A,leakage_current,10.206,10.516,11.255,11.675,50.0,Healthy
C00459,L059,Type_A,leakage_current,9.442,9.371,9.778,10.528,50.0,Healthy
C00460,L060,Type_A,leakage_current,8.978,9.024,9.749,10.442,50.0,Healthy
C00461,L061,Type_B,leakage_current,10.626,10.873,11.199,11.502,50.0,Healthy
C00462,L062,Type_A,leakage_current,10.359,10.642,11.448,12.057,50.0,Healthy
C00463,L063,Type_B,leakage_current,10.789,11.15,11.849,12.878,50.0,Healthy
C00464,L064,Type_A,leakage_current,10.647,10.98,11.733,12.668,50.0,Healthy
C00465,L065,Type_B,leakage_current,11.279,11.49,12.233,12.952,50.0,Healthy
C00466,L066,Type_B,leakage_current,11.08,11.421,11.991,12.842,50.0,Healthy
C00467,L067,Type_A,leakage_current,9.86,10.118,10.442,10.859,50.0,Healthy
C00468,L068,Type_A,leakage_current,9.319,9.56,10.293,11.193,50.0,Healthy
C00469,L069,Type_C,leakage_current,8.764,8.922,9.214,9.688,50.0,Healthy
C00470,L070,Type_A,leakage_current,8.818,8.885,9.269,9.778,50.0,Healthy
C00471,L071,Type_C,leakage_current,9.157,11.786,36.048,60.138,50.0,Rapid_Drift
C00472,L072,Type_C,leakage_current,9.56,9.872,10.294,10.987,50.0,Healthy
C00473,L073,Type_A,leakage_current,10.849,10.947,11.948,12.852,50.0,Healthy
C00474,L074,Type_B,leakage_current,10.951,11.243,11.987,12.379,50.0,Healthy
C00475,L075,Type_A,leakage_current,10.217,10.467,10.775,11.469,50.0,Healthy
C00476,L076,Type_C,leakage_current,10.056,10.509,11.226,11.752,50.0,Healthy
C00477,L077,Type_A,leakage_current,9.014,18.203,45.936,72.958,50.0,Obvious_Failure
C00478,L078,Type_B,leakage_current,10.849,11.237,11.836,12.497,50.0,Healthy
C00479,L079,Type_A,leakage_current,10.072,10.311,10.743,10.825,50.0,Healthy
C00480,L080,Type_C,leakage_current,9.157,9.186,9.133,9.718,50.0,Healthy
C00481,L081,Type_B,leakage_current,10.52,10.536,11.123,11.674,50.0,Healthy
C00482,L082,Type_A,leakage_current,10.422,10.509,10.881,11.57,50.0,Healthy
C00483,L083,Type_B,leakage_current,11.561,15.292,39.664,65.001,50.0,Rapid_Drift
C00484,L084,Type_A,leakage_current,9.309,11.709,27.984,38.392,50.0,Latent_Defect
C00485,L085,Type_A,leakage_current,12.009,14.332,34.035,39.331,50.0,Latent_Defect
C00486,L086,Type_B,leakage_current,10.686,10.886,11.282,11.75,50.0,Healthy
C00487,L087,Type_A,leakage_current,10.84,12.787,31.645,43.477,50.0,Latent_Defect
C00488,L088,Type_A,leakage_current,9.888,10.218,10.784,11.265,50.0,Healthy
C00489,L089,Type_A,leakage_current,9.286,9.538,9.981,9.985,50.0,Healthy
C00490,L090,Type_C,leakage_current,10.393,10.635,11.381,12.184,50.0,Healthy
C00491,L091,Type_A,leakage_current,9.68,11.749,31.33,46.854,50.0,Latent_Defect
C00492,L092,Type_A,leakage_current,10.308,10.563,11.041,11.848,50.0,Healthy
C00493,L093,Type_A,leakage_current,11.008,11.442,11.926,12.603,50.0,Healthy
C00494,L094,Type_C,leakage_current,10.395,10.651,11.052,11.567,50.0,Healthy
C00495,L095,Type_A,leakage_current,10.599,10.995,11.542,11.736,50.0,Healthy
C00496,L096,Type_B,leakage_current,10.653,13.15,26.015,39.12,50.0,Latent_Defect
C00497,L097,Type_A,leakage_current,10.117,11.966,26.775,41.458,50.0,Latent_Defect
C00498,L098,Type_A,leakage_current,10.384,10.382,10.589,10.897,50.0,Healthy
C00499,L099,Type_B,leakage_current,11.133,11.474,12.469,13.3,50.0,Healthy
C00500,L100,Type_A,leakage_current,10.367,10.66,11.253,11.96,50.0,Healthy
C00501,L001,Type_B,leakage_current,10.162,10.339,10.619,11.504,50.0,Healthy
C00502,L002,Type_A,leakage_current,10.444,10.57,11.405,12.11,50.0,Healthy
C00503,L003,Type_A,leakage_current,10.131,10.161,10.443,10.868,50.0,Healthy
C00504,L004,Type_A,leakage_current,9.648,9.871,10.327,11.012,50.0,Healthy
C00505,L005,Type_B,leakage_current,9.889,10.198,10.599,11.319,50.0,Healthy
C00506,L006,Type_A,leakage_current,9.536,11.574,28.523,40.02,50.0,Latent_Defect
C00507,L007,Type_A,leakage_current,10.31,10.141,10.876,11.545,50.0,Healthy
C00508,L008,Type_A,leakage_current,10.237,10.26,11.113,11.871,50.0,Healthy
C00509,L009,Type_A,leakage_current,10.923,14.217,32.708,51.11,50.0,Rapid_Drift
C00510,L010,Type_B,leakage_current,10.921,10.911,11.407,11.659,50.0,Healthy
C00511,L011,Type_B,leakage_current,11.47,11.602,12.043,12.479,50.0,Healthy
C00512,L012,Type_C,leakage_current,9.761,10.178,10.584,11.137,50.0,Healthy
C00513,L013,Type_A,leakage_current,10.844,11.023,11.332,11.622,50.0,Healthy
C00514,L014,Type_A,leakage_current,10.082,13.653,35.872,58.335,50.0,Rapid_Drift
C00515,L015,Type_A,leakage_current,10.358,10.637,11.623,12.856,50.0,Healthy
C00516,L016,Type_A,leakage_current,9.762,9.882,10.821,11.691,50.0,Healthy
C00517,L017,Type_C,leakage_current,8.947,10.47,28.798,43.157,50.0,Latent_Defect
C00518,L018,Type_B,leakage_current,11.058,11.374,11.824,12.261,50.0,Healthy
C00519,L019,Type_A,leakage_current,10.194,10.229,10.361,10.392,50.0,Healthy
C00520,L020,Type_B,leakage_current,10.114,10.317,10.854,11.096,50.0,Healthy
C00521,L021,Type_A,leakage_current,9.87,9.877,10.417,11.179,50.0,Healthy
C00522,L022,Type_A,leakage_current,9.424,11.192,29.629,41.247,50.0,Latent_Defect
C00523,L023,Type_B,leakage_current,10.663,10.683,11.138,11.746,50.0,Healthy
C00524,L024,Type_A,leakage_current,10.084,10.299,10.981,11.503,50.0,Healthy
C00525,L025,Type_A,leakage_current,9.068,9.073,9.512,9.652,50.0,Healthy
C00526,L026,Type_A,leakage_current,9.544,9.798,10.407,11.347,50.0,Healthy
C00527,L027,Type_C,leakage_current,9.712,12.14,40.828,69.328,50.0,Rapid_Drift
C00528,L028,Type_A,leakage_current,9.077,12.006,37.106,61.956,50.0,Rapid_Drift
C00529,L029,Type_A,leakage_current,9.832,10.077,10.672,11.42,50.0,Healthy
C00530,L030,Type_B,leakage_current,9.871,13.68,39.391,64.947,50.0,Rapid_Drift
C00531,L031,Type_A,leakage_current,9.388,9.398,10.184,11.328,50.0,Healthy
C00532,L032,Type_B,leakage_current,10.272,12.449,28.552,42.744,50.0,Latent_Defect
C00533,L033,Type_A,leakage_current,9.448,9.7,10.157,10.937,50.0,Healthy
C00534,L034,Type_A,leakage_current,9.515,9.708,10.421,10.873,50.0,Healthy
C00535,L035,Type_B,leakage_current,10.444,10.952,11.436,12.084,50.0,Healthy
C00536,L036,Type_A,leakage_current,10.457,12.751,32.474,41.306,50.0,Latent_Defect
C00537,L037,Type_A,leakage_current,9.737,11.903,25.04,37.862,50.0,Latent_Defect
C00538,L038,Type_A,leakage_current,10.428,10.559,11.014,11.607,50.0,Healthy
C00539,L039,Type_C,leakage_current,9.906,10.153,10.859,11.751,50.0,Healthy
C00540,L040,Type_A,leakage_current,9.934,17.217,39.546,62.291,50.0,Obvious_Failure
C00541,L041,Type_A,leakage_current,9.785,9.987,10.472,11.188,50.0,Healthy
C00542,L042,Type_B,leakage_current,10.92,11.171,11.667,12.279,50.0,Healthy
C00543,L043,Type_A,leakage_current,10.063,10.406,10.995,11.659,50.0,Healthy
C00544,L044,Type_A,leakage_current,11.203,11.325,12.353,12.999,50.0,Healthy
C00545,L045,Type_A,leakage_current,9.564,9.697,10.491,11.082,50.0,Healthy
C00546,L046,Type_B,leakage_current,11.04,13.269,31.242,48.983,50.0,Rapid_Drift
C00547,L047,Type_C,leakage_current,9.516,9.797,10.291,10.942,50.0,Healthy
C00548,L048,Type_A,leakage_current,10.055,10.329,10.761,11.157,50.0,Healthy
C00549,L049,Type_B,leakage_current,11.329,11.644,12.012,12.867,50.0,Healthy
C00550,L050,Type_C,leakage_current,9.882,10.154,10.951,11.696,50.0,Healthy
C00551,L051,Type_B,leakage_current,10.293,10.566,10.75,11.241,50.0,Healthy
C00552,L052,Type_A,leakage_current,10.683,10.906,11.456,11.854,50.0,Healthy
C00553,L053,Type_A,leakage_current,9.159,9.223,9.236,9.184,50.0,Healthy
C00554,L054,Type_B,leakage_current,10.498,16.639,34.382,52.339,50.0,Obvious_Failure
C00555,L055,Type_A,leakage_current,9.381,9.698,10.086,10.412,50.0,Healthy
C00556,L056,Type_A,leakage_current,10.362,10.866,11.917,12.752,50.0,Healthy
C00557,L057,Type_B,leakage_current,11.02,11.539,12.36,13.093,50.0,Healthy
C00558,L058,Type_A,leakage_current,8.495,10.179,30.296,42.558,50.0,Latent_Defect
C00559,L059,Type_A,leakage_current,10.252,10.623,11.227,12.27,50.0,Healthy
C00560,L060,Type_A,leakage_current,10.846,14.582,35.45,56.328,50.0,Rapid_Drift
C00561,L061,Type_B,leakage_current,10.293,10.611,11.451,12.285,50.0,Healthy
C00562,L062,Type_B,leakage_current,11.127,11.562,12.432,12.871,50.0,Healthy
C00563,L063,Type_B,leakage_current,10.192,10.288,10.889,11.488,50.0,Healthy
C00564,L064,Type_C,leakage_current,10.097,11.734,28.518,45.381,50.0,Latent_Defect
C00565,L065,Type_A,leakage_current,10.616,16.956,35.155,53.861,50.0,Obvious_Failure
C00566,L066,Type_A,leakage_current,10.194,13.246,38.664,63.66,50.0,Rapid_Drift
C00567,L067,Type_B,leakage_current,10.93,11.233,11.923,12.666,50.0,Healthy
C00568,L068,Type_B,leakage_current,10.856,11.131,11.567,12.114,50.0,Healthy
C00569,L069,Type_B,leakage_current,11.28,11.54,12.015,12.621,50.0,Healthy
C00570,L070,Type_B,leakage_current,10.325,13.547,33.066,52.427,50.0,Rapid_Drift
C00571,L071,Type_B,leakage_current,11.078,13.418,27.19,40.685,50.0,Latent_Defect
C00572,L072,Type_B,leakage_current,10.482,12.163,32.57,43.299,50.0,Latent_Defect
C00573,L073,Type_B,leakage_current,11.176,11.439,11.973,12.427,50.0,Healthy
C00574,L074,Type_B,leakage_current,10.782,10.813,11.262,11.983,50.0,Healthy
C00575,L075,Type_B,leakage_current,11.492,11.668,12.536,13.225,50.0,Healthy
C00576,L076,Type_B,leakage_current,10.428,10.771,11.377,12.033,50.0,Healthy
C00577,L077,Type_C,leakage_current,9.123,9.297,9.885,10.501,50.0,Healthy
C00578,L078,Type_B,leakage_current,10.236,10.486,11.497,12.278,50.0,Healthy
C00579,L079,Type_A,leakage_current,10.333,10.673,11.032,11.644,50.0,Healthy
C00580,L080,Type_C,leakage_current,9.541,9.701,10.045,10.69,50.0,Healthy
C00581,L081,Type_A,leakage_current,10.604,12.907,38.113,63.313,50.0,Rapid_Drift
C00582,L082,Type_A,leakage_current,10.51,10.581,10.965,11.571,50.0,Healthy
C00583,L083,Type_A,leakage_current,10.263,10.459,11.269,12.068,50.0,Healthy
C00584,L084,Type_B,leakage_current,10.845,11.152,11.85,12.53,50.0,Healthy
C00585,L085,Type_A,leakage_current,10.042,10.268,11.073,11.494,50.0,Healthy
C00586,L086,Type_A,leakage_current,10.809,11.103,11.548,12.148,50.0,Healthy
C00587,L087,Type_A,leakage_current,10.399,10.683,11.11,11.763,50.0,Healthy
C00588,L088,Type_A,leakage_current,9.483,13.098,36.808,60.782,50.0,Rapid_Drift
C00589,L089,Type_A,leakage_current,9.37,9.651,10.165,10.669,50.0,Healthy
C00590,L090,Type_A,leakage_current,10.883,11.397,12.044,13.197,50.0,Healthy
C00591,L091,Type_B,leakage_current,10.947,10.973,11.084,11.463,50.0,Healthy
C00592,L092,Type_B,leakage_current,11.107,12.939,26.63,40.41,50.0,Latent_Defect
C00593,L093,Type_A,leakage_current,9.672,11.475,25.73,39.703,50.0,Latent_Defect
C00594,L094,Type_A,leakage_current,10.472,10.527,10.724,11.221,50.0,Healthy
C00595,L095,Type_A,leakage_current,10.32,13.27,34.579,56.101,50.0,Rapid_Drift
C00596,L096,Type_B,leakage_current,11.218,14.126,38.157,62.426,50.0,Rapid_Drift
C00597,L097,Type_B,leakage_current,9.968,10.392,11.016,11.521,50.0,Healthy
C00598,L098,Type_A,leakage_current,9.783,9.912,10.801,11.799,50.0,Healthy
C00599,L099,Type_A,leakage_current,10.615,10.916,11.135,11.449,50.0,Healthy
C00600,L100,Type_A,leakage_current,10.182,10.498,10.827,11.121,50.0,Healthy
C00601,L001,Type_C,leakage_current,10.651,11.058,11.566,12.293,50.0,Healthy
C00602,L002,Type_A,leakage_current,9.703,16.113,34.837,53.573,50.0,Obvious_Failure
C00603,L003,Type_B,leakage_current,10.006,9.97,10.728,11.23,50.0,Healthy
C00604,L004,Type_C,leakage_current,9.017,9.386,10.359,11.306,50.0,Healthy
C00605,L005,Type_B,leakage_current,9.798,10.189,10.618,11.116,50.0,Healthy
C00606,L006,Type_B,leakage_current,10.756,11.148,12.016,13.042,50.0,Healthy
C00607,L007,Type_B,leakage_current,10.246,10.382,11.045,11.902,50.0,Healthy
C00608,L008,Type_A,leakage_current,9.113,9.211,9.945,10.591,50.0,Healthy
C00609,L009,Type_A,leakage_current,10.331,10.547,11.309,12.192,50.0,Healthy
C00610,L010,Type_C,leakage_current,9.454,9.599,10.265,10.792,50.0,Healthy
C00611,L011,Type_A,leakage_current,10.339,10.514,10.904,11.595,50.0,Healthy
C00612,L012,Type_A,leakage_current,10.139,10.198,10.475,11.038,50.0,Healthy
C00613,L013,Type_A,leakage_current,9.578,9.91,10.31,10.77,50.0,Healthy
C00614,L014,Type_B,leakage_current,11.264,11.63,12.66,13.556,50.0,Healthy
C00615,L015,Type_B,leakage_current,10.957,11.149,11.417,11.998,50.0,Healthy
C00616,L016,Type_A,leakage_current,10.448,10.588,11.103,11.726,50.0,Healthy
C00617,L017,Type_A,leakage_current,10.924,11.101,12.273,13.327,50.0,Healthy
C00618,L018,Type_A,leakage_current,8.908,11.571,36.621,61.95,50.0,Rapid_Drift
C00619,L019,Type_A,leakage_current,10.266,10.509,10.825,11.51,50.0,Healthy
C00620,L020,Type_A,leakage_current,10.63,10.51,10.956,11.469,50.0,Healthy
C00621,L021,Type_A,leakage_current,10.149,10.396,10.771,10.801,50.0,Healthy
C00622,L022,Type_A,leakage_current,10.431,10.641,11.357,12.391,50.0,Healthy
C00623,L023,Type_B,leakage_current,9.939,10.328,10.724,11.083,50.0,Healthy
C00624,L024,Type_B,leakage_current,11.01,11.153,11.64,12.057,50.0,Healthy
C00625,L025,Type_B,leakage_current,12.103,12.214,12.734,13.16,50.0,Healthy
C00626,L026,Type_A,leakage_current,9.114,16.413,38.831,61.202,50.0,Obvious_Failure
C00627,L027,Type_A,leakage_current,9.632,11.697,28.929,42.284,50.0,Latent_Defect
C00628,L028,Type_A,leakage_current,9.553,9.743,10.458,11.464,50.0,Healthy
C00629,L029,Type_C,leakage_current,9.908,12.945,28.992,45.81,50.0,Rapid_Drift
C00630,L030,Type_A,leakage_current,9.867,12.795,39.149,65.481,50.0,Rapid_Drift
C00631,L031,Type_B,leakage_current,10.639,10.83,11.436,12.041,50.0,Healthy
C00632,L032,Type_A,leakage_current,9.798,9.994,10.449,10.833,50.0,Healthy
C00633,L033,Type_A,leakage_current,8.938,8.79,9.012,9.825,50.0,Healthy
C00634,L034,Type_A,leakage_current,11.025,19.819,46.541,72.9,50.0,Obvious_Failure
C00635,L035,Type_A,leakage_current,10.723,16.37,32.203,48.048,50.0,Obvious_Failure
C00636,L036,Type_B,leakage_current,10.705,10.786,11.112,11.338,50.0,Healthy
C00637,L037,Type_A,leakage_current,8.916,9.317,9.921,10.241,50.0,Healthy
C00638,L038,Type_A,leakage_current,10.26,10.521,11.26,11.844,50.0,Healthy
C00639,L039,Type_B,leakage_current,10.459,10.559,11.262,11.89,50.0,Healthy
C00640,L040,Type_B,leakage_current,10.091,10.265,11.111,12.203,50.0,Healthy
C00641,L041,Type_B,leakage_current,11.417,13.74,33.632,46.949,50.0,Latent_Defect
C00642,L042,Type_A,leakage_current,9.294,9.578,10.389,11.333,50.0,Healthy
C00643,L043,Type_C,leakage_current,10.049,11.705,28.714,45.71,50.0,Latent_Defect
C00644,L044,Type_C,leakage_current,9.638,9.868,10.554,11.719,50.0,Healthy
C00645,L045,Type_B,leakage_current,10.622,10.792,11.549,12.193,50.0,Healthy
C00646,L046,Type_A,leakage_current,10.157,10.128,10.409,10.726,50.0,Healthy
C00647,L047,Type_B,leakage_current,12.893,13.271,13.866,14.686,50.0,Healthy
C00648,L048,Type_A,leakage_current,8.769,8.916,9.052,9.268,50.0,Healthy
C00649,L049,Type_A,leakage_current,9.972,9.927,10.412,10.807,50.0,Healthy
C00650,L050,Type_A,leakage_current,8.277,9.872,25.34,40.129,50.0,Latent_Defect
C00651,L051,Type_C,leakage_current,8.983,9.314,10.323,11.04,50.0,Healthy
C00652,L052,Type_C,leakage_current,9.789,13.159,32.485,52.047,50.0,Rapid_Drift
C00653,L053,Type_A,leakage_current,9.619,10.934,29.076,39.012,50.0,Latent_Defect
C00654,L054,Type_A,leakage_current,11.393,11.5,11.904,12.186,50.0,Healthy
C00655,L055,Type_A,leakage_current,9.635,9.73,10.234,10.493,50.0,Healthy
C00656,L056,Type_B,leakage_current,11.774,11.977,12.884,13.89,50.0,Healthy
C00657,L057,Type_B,leakage_current,9.395,9.593,9.714,9.869,50.0,Healthy
C00658,L058,Type_A,leakage_current,10.354,11.716,27.051,38.791,50.0,Latent_Defect
C00659,L059,Type_A,leakage_current,9.901,10.973,28.556,43.711,50.0,Latent_Defect
C00660,L060,Type_A,leakage_current,10.82,11.065,11.787,12.378,50.0,Healthy
C00661,L061,Type_A,leakage_current,9.41,9.575,10.709,11.638,50.0,Healthy
C00662,L062,Type_A,leakage_current,9.988,10.309,10.791,11.446,50.0,Healthy
C00663,L063,Type_A,leakage_current,9.493,9.79,10.548,11.211,50.0,Healthy
C00664,L064,Type_A,leakage_current,9.037,9.057,9.831,10.663,50.0,Healthy
C00665,L065,Type_A,leakage_current,10.101,10.34,11.269,11.685,50.0,Healthy
C00666,L066,Type_A,leakage_current,10.053,10.349,10.959,11.893,50.0,Healthy
C00667,L067,Type_A,leakage_current,10.891,10.973,11.816,12.853,50.0,Healthy
C00668,L068,Type_A,leakage_current,10.531,10.633,11.253,11.739,50.0,Healthy
C00669,L069,Type_A,leakage_current,10.925,11.125,11.513,12.385,50.0,Healthy
C00670,L070,Type_B,leakage_current,11.646,11.822,12.628,12.95,50.0,Healthy
C00671,L071,Type_B,leakage_current,10.237,10.376,10.667,10.818,50.0,Healthy
C00672,L072,Type_A,leakage_current,9.605,9.673,10.11,10.799,50.0,Healthy
C00673,L073,Type_A,leakage_current,9.14,9.488,10.146,10.701,50.0,Healthy
C00674,L074,Type_B,leakage_current,10.697,11.051,11.753,13.048,50.0,Healthy
C00675,L075,Type_B,leakage_current,10.343,10.514,10.929,11.276,50.0,Healthy
C00676,L076,Type_A,leakage_current,10.18,10.262,10.784,11.858,50.0,Healthy
C00677,L077,Type_A,leakage_current,9.556,9.937,10.512,11.209,50.0,Healthy
C00678,L078,Type_B,leakage_current,10.534,10.845,11.746,12.475,50.0,Healthy
C00679,L079,Type_A,leakage_current,9.238,9.756,10.922,12.103,50.0,Healthy
C00680,L080,Type_A,leakage_current,11.204,11.277,11.872,12.492,50.0,Healthy
C00681,L081,Type_A,leakage_current,10.376,10.795,11.461,12.012,50.0,Healthy
C00682,L082,Type_A,leakage_current,10.035,10.426,10.944,11.747,50.0,Healthy
C00683,L083,Type_B,leakage_current,10.15,10.357,10.999,11.473,50.0,Healthy
C00684,L084,Type_B,leakage_current,10.174,10.271,10.488,11.154,50.0,Healthy
C00685,L085,Type_C,leakage_current,9.632,11.428,25.243,38.745,50.0,Latent_Defect
C00686,L086,Type_B,leakage_current,10.403,10.654,11.421,12.144,50.0,Healthy
C00687,L087,Type_A,leakage_current,10.033,10.07,10.631,11.297,50.0,Healthy
C00688,L088,Type_B,leakage_current,10.902,14.02,42.448,70.858,50.0,Rapid_Drift
C00689,L089,Type_A,leakage_current,9.662,9.866,10.077,10.209,50.0,Healthy
C00690,L090,Type_B,leakage_current,10.264,10.329,10.899,11.44,50.0,Healthy
C00691,L091,Type_A,leakage_current,9.72,10.017,10.313,10.829,50.0,Healthy
C00692,L092,Type_B,leakage_current,9.926,13.093,41.548,69.296,50.0,Rapid_Drift
C00693,L093,Type_B,leakage_current,10.939,13.364,26.472,38.755,50.0,Latent_Defect
C00694,L094,Type_A,leakage_current,10.49,10.304,11.083,11.435,50.0,Healthy
C00695,L095,Type_A,leakage_current,9.8,11.179,24.874,38.117,50.0,Latent_Defect
C00696,L096,Type_B,leakage_current,11.001,11.202,11.816,12.524,50.0,Healthy
C00697,L097,Type_B,leakage_current,10.273,10.558,10.984,11.84,50.0,Healthy
C00698,L098,Type_B,leakage_current,10.727,10.852,11.535,12.25,50.0,Healthy
C00699,L099,Type_A,leakage_current,10.698,10.888,11.812,12.573,50.0,Healthy
C00700,L100,Type_C,leakage_current,10.713,12.363,24.704,37.19,50.0,Latent_Defect
C00701,L001,Type_A,leakage_current,10.365,10.654,10.983,11.398,50.0,Healthy
C00702,L002,Type_B,leakage_current,10.787,11.054,11.888,12.594,50.0,Healthy
C00703,L003,Type_C,leakage_current,9.22,9.32,9.33,9.86,50.0,Healthy
C00704,L004,Type_B,leakage_current,10.472,10.357,10.665,11.142,50.0,Healthy
C00705,L005,Type_A,leakage_current,10.219,10.534,11.296,11.756,50.0,Healthy
C00706,L006,Type_A,leakage_current,9.133,9.455,10.52,11.293,50.0,Healthy
C00707,L007,Type_A,leakage_current,8.45,8.8,9.489,10.317,50.0,Healthy
C00708,L008,Type_A,leakage_current,11.29,11.744,12.628,12.996,50.0,Healthy
C00709,L009,Type_B,leakage_current,11.361,11.423,12.07,12.606,50.0,Healthy
C00710,L010,Type_A,leakage_current,10.533,14.303,35.954,57.656,50.0,Rapid_Drift
C00711,L011,Type_A,leakage_current,9.269,9.171,9.008,9.124,50.0,Healthy
C00712,L012,Type_B,leakage_current,11.406,20.817,49.247,77.827,50.0,Obvious_Failure
C00713,L013,Type_B,leakage_current,12.007,17.849,35.712,53.721,50.0,Obvious_Failure
C00714,L014,Type_B,leakage_current,10.638,10.972,11.61,12.498,50.0,Healthy
C00715,L015,Type_C,leakage_current,9.713,9.803,10.489,11.138,50.0,Healthy
C00716,L016,Type_B,leakage_current,11.397,11.72,12.364,13.002,50.0,Healthy
C00717,L017,Type_A,leakage_current,10.508,10.436,10.873,11.474,50.0,Healthy
C00718,L018,Type_A,leakage_current,9.782,9.74,10.142,10.538,50.0,Healthy
C00719,L019,Type_B,leakage_current,10.532,10.876,11.85,12.48,50.0,Healthy
C00720,L020,Type_A,leakage_current,10.776,13.265,27.304,39.833,50.0,Latent_Defect
C00721,L021,Type_B,leakage_current,10.751,11.185,11.886,12.495,50.0,Healthy
C00722,L022,Type_A,leakage_current,9.489,9.763,10.23,11.234,50.0,Healthy
C00723,L023,Type_B,leakage_current,9.918,10.113,10.997,11.593,50.0,Healthy
C00724,L024,Type_A,leakage_current,9.978,10.238,11.42,12.291,50.0,Healthy
C00725,L025,Type_A,leakage_current,10.741,14.254,32.611,50.385,50.0,Rapid_Drift
C00726,L026,Type_A,leakage_current,9.725,13.605,39.284,65.011,50.0,Rapid_Drift
C00727,L027,Type_A,leakage_current,9.444,9.484,9.37,10.102,50.0,Healthy
C00728,L028,Type_A,leakage_current,9.309,9.552,10.057,10.668,50.0,Healthy
C00729,L029,Type_C,leakage_current,9.871,13.082,34.846,56.434,50.0,Rapid_Drift
C00730,L030,Type_C,leakage_current,10.257,12.405,28.257,43.773,50.0,Latent_Defect
C00731,L031,Type_B,leakage_current,11.228,11.235,11.635,11.795,50.0,Healthy
C00732,L032,Type_B,leakage_current,10.063,19.141,46.346,73.265,50.0,Obvious_Failure
C00733,L033,Type_A,leakage_current,9.846,10.259,11.061,11.849,50.0,Healthy
C00734,L034,Type_B,leakage_current,10.742,11.031,11.591,12.204,50.0,Healthy
C00735,L035,Type_A,leakage_current,9.675,9.81,10.274,11.059,50.0,Healthy
C00736,L036,Type_A,leakage_current,11.219,15.304,40.965,66.772,50.0,Rapid_Drift
C00737,L037,Type_A,leakage_current,10.227,10.438,11.197,11.632,50.0,Healthy
C00738,L038,Type_A,leakage_current,8.854,8.994,9.565,10.242,50.0,Healthy
C00739,L039,Type_A,leakage_current,10.827,11.221,11.881,12.614,50.0,Healthy
C00740,L040,Type_A,leakage_current,10.015,10.238,10.675,11.342,50.0,Healthy
C00741,L041,Type_A,leakage_current,9.729,12.359,39.427,67.05,50.0,Rapid_Drift
C00742,L042,Type_C,leakage_current,9.807,10.105,10.966,11.824,50.0,Healthy
C00743,L043,Type_C,leakage_current,9.348,9.605,10.392,10.953,50.0,Healthy
C00744,L044,Type_B,leakage_current,11.27,14.936,33.252,52.086,50.0,Rapid_Drift
C00745,L045,Type_A,leakage_current,8.638,8.881,9.492,10.173,50.0,Healthy
C00746,L046,Type_C,leakage_current,9.676,9.917,10.702,11.362,50.0,Healthy
C00747,L047,Type_B,leakage_current,10.421,12.927,38.599,63.987,50.0,Rapid_Drift
C00748,L048,Type_B,leakage_current,9.819,10.024,10.865,11.57,50.0,Healthy
C00749,L049,Type_A,leakage_current,10.014,10.109,10.912,11.209,50.0,Healthy
C00750,L050,Type_A,leakage_current,8.998,9.274,9.994,10.62,50.0,Healthy
C00751,L051,Type_B,leakage_current,10.596,12.377,32.427,38.979,50.0,Latent_Defect
C00752,L052,Type_A,leakage_current,10.859,10.824,10.986,11.768,50.0,Healthy
C00753,L053,Type_A,leakage_current,10.187,10.33,10.611,11.067,50.0,Healthy
C00754,L054,Type_C,leakage_current,9.697,9.837,10.368,11.001,50.0,Healthy
C00755,L055,Type_A,leakage_current,8.691,8.817,9.511,9.985,50.0,Healthy
C00756,L056,Type_A,leakage_current,9.037,9.407,10.161,10.954,50.0,Healthy
C00757,L057,Type_A,leakage_current,10.928,10.938,11.596,12.214,50.0,Healthy
C00758,L058,Type_B,leakage_current,10.936,12.329,25.063,38.212,50.0,Latent_Defect
C00759,L059,Type_B,leakage_current,11.504,14.197,34.599,55.406,50.0,Rapid_Drift
C00760,L060,Type_A,leakage_current,9.375,9.574,9.985,10.473,50.0,Healthy
C00761,L061,Type_C,leakage_current,9.978,10.102,10.681,11.45,50.0,Healthy
C00762,L062,Type_B,leakage_current,11.168,11.566,12.035,12.224,50.0,Healthy
C00763,L063,Type_A,leakage_current,9.817,12.055,26.144,39.83,50.0,Latent_Defect
C00764,L064,Type_C,leakage_current,8.43,8.85,9.287,10.176,50.0,Healthy
C00765,L065,Type_A,leakage_current,8.942,8.941,9.455,9.931,50.0,Healthy
C00766,L066,Type_B,leakage_current,10.992,11.053,11.608,12.202,50.0,Healthy
C00767,L067,Type_B,leakage_current,10.349,10.616,11.351,11.892,50.0,Healthy
C00768,L068,Type_A,leakage_current,9.729,9.837,10.558,11.211,50.0,Healthy
C00769,L069,Type_A,leakage_current,11.2,12.491,26.261,40.564,50.0,Latent_Defect
C00770,L070,Type_C,leakage_current,9.363,9.699,10.603,11.25,50.0,Healthy
C00771,L071,Type_A,leakage_current,11.241,11.5,12.164,12.996,50.0,Healthy
C00772,L072,Type_A,leakage_current,9.108,9.227,9.814,10.434,50.0,Healthy
C00773,L073,Type_A,leakage_current,10.38,12.573,24.824,37.188,50.0,Latent_Defect
C00774,L074,Type_A,leakage_current,10.158,10.288,10.465,10.852,50.0,Healthy
C00775,L075,Type_B,leakage_current,11.461,14.567,34.943,55.879,50.0,Rapid_Drift
C00776,L076,Type_B,leakage_current,10.883,11.258,11.55,11.961,50.0,Healthy
C00777,L077,Type_A,leakage_current,9.849,9.838,10.7,11.498,50.0,Healthy
C00778,L078,Type_B,leakage_current,11.133,11.373,12.142,12.964,50.0,Healthy
C00779,L079,Type_B,leakage_current,10.14,10.439,10.899,11.446,50.0,Healthy
C00780,L080,Type_A,leakage_current,10.442,10.71,11.282,12.076,50.0,Healthy
C00781,L081,Type_A,leakage_current,9.92,10.074,10.633,10.99,50.0,Healthy
C00782,L082,Type_A,leakage_current,10.387,10.804,11.383,11.95,50.0,Healthy
C00783,L083,Type_A,leakage_current,9.744,11.614,27.335,42.628,50.0,Latent_Defect
C00784,L084,Type_A,leakage_current,10.246,11.45,24.784,37.316,50.0,Latent_Defect
C00785,L085,Type_B,leakage_current,10.398,10.632,11.346,12.213,50.0,Healthy
C00786,L086,Type_A,leakage_current,10.182,10.266,10.77,11.351,50.0,Healthy
C00787,L087,Type_A,leakage_current,11.197,11.175,11.567,12.063,50.0,Healthy
C00788,L088,Type_A,leakage_current,10.101,10.428,11.399,12.053,50.0,Healthy
C00789,L089,Type_A,leakage_current,11.348,11.671,12.353,12.971,50.0,Healthy
C00790,L090,Type_A,leakage_current,9.991,10.249,10.491,10.676,50.0,Healthy
C00791,L091,Type_B,leakage_current,11.223,11.512,11.74,12.624,50.0,Healthy
C00792,L092,Type_A,leakage_current,9.495,15.823,34.714,53.132,50.0,Obvious_Failure
C00793,L093,Type_A,leakage_current,8.547,8.864,9.604,10.467,50.0,Healthy
C00794,L094,Type_C,leakage_current,10.374,11.548,25.059,38.467,50.0,Latent_Defect
C00795,L095,Type_A,leakage_current,9.826,12.834,33.089,53.223,50.0,Rapid_Drift
C00796,L096,Type_C,leakage_current,10.749,10.813,11.336,11.943,50.0,Healthy
C00797,L097,Type_B,leakage_current,11.12,11.386,12.012,12.551,50.0,Healthy
C00798,L098,Type_B,leakage_current,10.137,10.366,11.054,11.17,50.0,Healthy
C00799,L099,Type_A,leakage_current,10.034,10.547,11.122,11.37,50.0,Healthy
C00800,L100,Type_C,leakage_current,10.04,9.967,10.292,10.616,50.0,Healthy
C00801,L001,Type_C,leakage_current,9.194,9.387,9.754,10.159,50.0,Healthy
C00802,L002,Type_A,leakage_current,9.998,12.142,25.043,37.795,50.0,Latent_Defect
C00803,L003,Type_B,leakage_current,10.915,11.028,11.088,11.321,50.0,Healthy
C00804,L004,Type_C,leakage_current,8.799,9.07,9.676,10.072,50.0,Healthy
C00805,L005,Type_C,leakage_current,10.349,10.529,11.017,10.947,50.0,Healthy
C00806,L006,Type_B,leakage_current,11.346,11.474,11.558,11.488,50.0,Healthy
C00807,L007,Type_A,leakage_current,10.258,10.27,10.932,11.266,50.0,Healthy
C00808,L008,Type_A,leakage_current,11.162,11.41,12.159,12.732,50.0,Healthy
C00809,L009,Type_A,leakage_current,9.542,9.851,10.635,11.254,50.0,Healthy
C00810,L010,Type_A,leakage_current,9.574,9.971,10.816,11.697,50.0,Healthy
C00811,L011,Type_A,leakage_current,9.582,9.808,10.478,10.706,50.0,Healthy
C00812,L012,Type_C,leakage_current,10.855,10.906,11.071,11.411,50.0,Healthy
C00813,L013,Type_A,leakage_current,10.34,10.329,10.701,11.027,50.0,Healthy
C00814,L014,Type_A,leakage_current,9.263,17.571,44.064,69.888,50.0,Obvious_Failure
C00815,L015,Type_C,leakage_current,9.16,9.256,9.472,10.216,50.0,Healthy
C00816,L016,Type_C,leakage_current,9.797,9.918,10.625,11.222,50.0,Healthy
C00817,L017,Type_B,leakage_current,10.555,10.571,11.224,11.642,50.0,Healthy
C00818,L018,Type_B,leakage_current,11.07,11.443,11.671,11.941,50.0,Healthy
C00819,L019,Type_A,leakage_current,10.003,11.4,25.995,38.961,50.0,Latent_Defect
C00820,L020,Type_B,leakage_current,11.003,11.149,11.758,12.086,50.0,Healthy
C00821,L021,Type_A,leakage_current,10.123,10.62,11.226,12.007,50.0,Healthy
C00822,L022,Type_A,leakage_current,9.585,9.83,9.978,10.404,50.0,Healthy
C00823,L023,Type_A,leakage_current,9.747,9.732,10.001,10.583,50.0,Healthy
C00824,L024,Type_A,leakage_current,9.482,10.973,29.435,41.042,50.0,Latent_Defect
C00825,L025,Type_B,leakage_current,10.423,10.731,11.399,12.178,50.0,Healthy
C00826,L026,Type_A,leakage_current,10.215,10.516,11.251,11.94,50.0,Healthy
C00827,L027,Type_A,leakage_current,9.905,10.154,10.535,11.016,50.0,Healthy
C00828,L028,Type_A,leakage_current,10.453,10.801,11.771,12.994,50.0,Healthy
C00829,L029,Type_B,leakage_current,11.294,11.495,11.789,11.896,50.0,Healthy
C00830,L030,Type_B,leakage_current,10.848,11.33,12.237,13.118,50.0,Healthy
C00831,L031,Type_B,leakage_current,10.83,10.936,11.065,11.358,50.0,Healthy
C00832,L032,Type_B,leakage_current,11.064,11.228,11.554,11.733,50.0,Healthy
C00833,L033,Type_A,leakage_current,10.285,12.544,34.577,56.119,50.0,Rapid_Drift
C00834,L034,Type_A,leakage_current,10.324,10.437,10.604,11.315,50.0,Healthy
C00835,L035,Type_B,leakage_current,10.314,10.596,11.014,11.743,50.0,Healthy
C00836,L036,Type_B,leakage_current,10.565,10.698,11.515,12.186,50.0,Healthy
C00837,L037,Type_A,leakage_current,9.558,9.607,10.134,10.594,50.0,Healthy
C00838,L038,Type_B,leakage_current,11.655,11.65,11.7,11.781,50.0,Healthy
C00839,L039,Type_A,leakage_current,9.585,9.78,10.237,10.609,50.0,Healthy
C00840,L040,Type_A,leakage_current,10.862,12.419,33.306,42.371,50.0,Latent_Defect
C00841,L041,Type_A,leakage_current,11.146,11.515,12.08,12.831,50.0,Healthy
C00842,L042,Type_B,leakage_current,11.85,13.802,29.765,40.631,50.0,Latent_Defect
C00843,L043,Type_A,leakage_current,9.591,9.795,10.651,11.366,50.0,Healthy
C00844,L044,Type_A,leakage_current,9.918,10.268,10.806,11.237,50.0,Healthy
C00845,L045,Type_B,leakage_current,10.972,10.981,11.421,11.426,50.0,Healthy
C00846,L046,Type_B,leakage_current,10.665,10.816,11.551,11.977,50.0,Healthy
C00847,L047,Type_A,leakage_current,9.618,9.791,10.234,10.737,50.0,Healthy
C00848,L048,Type_A,leakage_current,8.923,9.278,9.877,10.744,50.0,Healthy
C00849,L049,Type_C,leakage_current,8.632,10.453,24.918,39.166,50.0,Latent_Defect
C00850,L050,Type_A,leakage_current,10.224,10.418,11.162,11.86,50.0,Healthy
C00851,L051,Type_A,leakage_current,10.511,12.431,32.065,42.58,50.0,Latent_Defect
C00852,L052,Type_A,leakage_current,9.964,10.195,10.428,10.946,50.0,Healthy
C00853,L053,Type_A,leakage_current,10.849,18.619,41.375,64.091,50.0,Obvious_Failure
C00854,L054,Type_A,leakage_current,8.616,8.722,9.331,9.96,50.0,Healthy
C00855,L055,Type_C,leakage_current,9.38,9.288,9.466,9.924,50.0,Healthy
C00856,L056,Type_B,leakage_current,10.324,12.615,27.84,40.05,50.0,Latent_Defect
C00857,L057,Type_A,leakage_current,10.261,10.433,10.718,10.81,50.0,Healthy
C00858,L058,Type_A,leakage_current,8.975,9.05,9.124,9.4,50.0,Healthy
C00859,L059,Type_B,leakage_current,10.419,10.598,10.803,10.799,50.0,Healthy
C00860,L060,Type_A,leakage_current,9.646,9.615,10.261,10.619,50.0,Healthy
C00861,L061,Type_C,leakage_current,9.032,9.233,9.61,10.52,50.0,Healthy
C00862,L062,Type_A,leakage_current,10.764,10.864,11.44,12.058,50.0,Healthy
C00863,L063,Type_A,leakage_current,10.321,10.566,11.244,12.114,50.0,Healthy
C00864,L064,Type_C,leakage_current,9.545,9.932,10.66,11.494,50.0,Healthy
C00865,L065,Type_A,leakage_current,9.822,11.32,30.914,48.087,50.0,Latent_Defect
C00866,L066,Type_B,leakage_current,11.539,11.767,12.365,13.161,50.0,Healthy
C00867,L067,Type_B,leakage_current,10.146,10.255,10.817,11.19,50.0,Healthy
C00868,L068,Type_B,leakage_current,11.49,11.746,12.429,12.961,50.0,Healthy
C00869,L069,Type_C,leakage_current,9.867,11.339,25.061,39.317,50.0,Latent_Defect
C00870,L070,Type_B,leakage_current,10.547,10.589,11.477,11.893,50.0,Healthy
C00871,L071,Type_B,leakage_current,11.278,11.327,11.514,12.01,50.0,Healthy
C00872,L072,Type_B,leakage_current,10.356,10.356,10.491,10.86,50.0,Healthy
C00873,L073,Type_A,leakage_current,10.218,10.459,10.941,11.414,50.0,Healthy
C00874,L074,Type_C,leakage_current,10.446,10.366,10.718,10.72,50.0,Healthy
C00875,L075,Type_A,leakage_current,10.339,11.995,31.574,42.399,50.0,Latent_Defect
C00876,L076,Type_A,leakage_current,11.423,11.529,11.774,12.47,50.0,Healthy
C00877,L077,Type_A,leakage_current,10.247,13.363,33.863,54.785,50.0,Rapid_Drift
C00878,L078,Type_A,leakage_current,9.871,9.984,10.579,10.969,50.0,Healthy
C00879,L079,Type_A,leakage_current,10.185,10.341,10.31,10.222,50.0,Healthy
C00880,L080,Type_C,leakage_current,9.028,9.32,9.787,10.505,50.0,Healthy
C00881,L081,Type_A,leakage_current,11.039,11.479,12.112,12.759,50.0,Healthy
C00882,L082,Type_B,leakage_current,11.273,11.577,12.378,13.402,50.0,Healthy
C00883,L083,Type_B,leakage_current,11.504,14.529,31.985,49.765,50.0,Rapid_Drift
C00884,L084,Type_A,leakage_current,10.175,10.529,11.333,11.982,50.0,Healthy
C00885,L085,Type_C,leakage_current,9.388,15.028,32.841,50.694,50.0,Obvious_Failure
C00886,L086,Type_A,leakage_current,10.541,10.562,11.242,12.026,50.0,Healthy
C00887,L087,Type_A,leakage_current,9.834,10.102,10.877,11.513,50.0,Healthy
C00888,L088,Type_A,leakage_current,10.166,10.367,10.897,11.167,50.0,Healthy
C00889,L089,Type_C,leakage_current,9.581,17.572,41.144,65.302,50.0,Obvious_Failure
C00890,L090,Type_A,leakage_current,10.081,10.658,11.646,12.573,50.0,Healthy
C00891,L091,Type_B,leakage_current,9.824,10.251,11.038,11.874,50.0,Healthy
C00892,L092,Type_B,leakage_current,11.331,11.427,11.701,12.069,50.0,Healthy
C00893,L093,Type_C,leakage_current,10.317,10.717,11.531,12.163,50.0,Healthy
C00894,L094,Type_C,leakage_current,9.761,12.793,29.954,46.85,50.0,Rapid_Drift
C00895,L095,Type_A,leakage_current,9.503,9.699,10.496,11.221,50.0,Healthy
C00896,L096,Type_A,leakage_current,10.381,10.487,10.869,11.019,50.0,Healthy
C00897,L097,Type_B,leakage_current,12.14,12.203,13.399,14.342,50.0,Healthy
C00898,L098,Type_B,leakage_current,10.92,11.054,11.585,12.153,50.0,Healthy
C00899,L099,Type_B,leakage_current,11.369,11.364,11.857,12.028,50.0,Healthy
C00900,L100,Type_A,leakage_current,9.292,9.522,9.973,10.463,50.0,Healthy
C00901,L001,Type_B,leakage_current,10.502,10.616,11.109,11.686,50.0,Healthy
C00902,L002,Type_B,leakage_current,10.964,11.028,11.285,12.005,50.0,Healthy
C00903,L003,Type_B,leakage_current,11.277,11.353,11.779,12.433,50.0,Healthy
C00904,L004,Type_A,leakage_current,9.105,9.36,9.958,10.638,50.0,Healthy
C00905,L005,Type_A,leakage_current,10.2,13.573,36.386,58.533,50.0,Rapid_Drift
C00906,L006,Type_A,leakage_current,10.481,10.785,11.099,11.565,50.0,Healthy
C00907,L007,Type_A,leakage_current,11.813,11.945,12.377,12.964,50.0,Healthy
C00908,L008,Type_B,leakage_current,11.629,11.945,12.578,13.296,50.0,Healthy
C00909,L009,Type_A,leakage_current,9.398,9.295,9.587,9.738,50.0,Healthy
C00910,L010,Type_B,leakage_current,10.672,10.808,11.192,11.606,50.0,Healthy
C00911,L011,Type_A,leakage_current,10.208,10.409,10.607,11.33,50.0,Healthy
C00912,L012,Type_A,leakage_current,10.192,10.599,11.498,12.489,50.0,Healthy
C00913,L013,Type_B,leakage_current,11.043,11.186,11.563,11.922,50.0,Healthy
C00914,L014,Type_B,leakage_current,10.609,13.712,37.643,62.097,50.0,Rapid_Drift
C00915,L015,Type_A,leakage_current,10.343,12.676,31.192,44.661,50.0,Latent_Defect
C00916,L016,Type_B,leakage_current,10.561,10.757,11.73,13.178,50.0,Healthy
C00917,L017,Type_B,leakage_current,9.958,10.211,10.882,11.759,50.0,Healthy
C00918,L018,Type_A,leakage_current,9.873,9.987,10.46,10.849,50.0,Healthy
C00919,L019,Type_C,leakage_current,10.049,16.168,34.409,51.821,50.0,Obvious_Failure
C00920,L020,Type_A,leakage_current,9.633,9.689,10.222,10.842,50.0,Healthy
C00921,L021,Type_C,leakage_current,11.171,11.31,11.459,11.466,50.0,Healthy
C00922,L022,Type_A,leakage_current,10.641,10.741,11.03,11.583,50.0,Healthy
C00923,L023,Type_A,leakage_current,9.433,9.808,10.369,11.13,50.0,Healthy
C00924,L024,Type_A,leakage_current,10.301,10.426,11.091,11.376,50.0,Healthy
C00925,L025,Type_A,leakage_current,9.798,12.189,27.639,43.388,50.0,Latent_Defect
C00926,L026,Type_C,leakage_current,9.958,10.512,10.958,11.282,50.0,Healthy
C00927,L027,Type_A,leakage_current,11.201,12.641,31.239,48.177,50.0,Latent_Defect
C00928,L028,Type_A,leakage_current,9.898,9.985,10.812,11.708,50.0,Healthy
C00929,L029,Type_A,leakage_current,10.518,10.521,11.006,11.356,50.0,Healthy
C00930,L030,Type_A,leakage_current,9.075,9.46,10.322,11.158,50.0,Healthy
C00931,L031,Type_B,leakage_current,10.882,11.095,11.405,11.726,50.0,Healthy
C00932,L032,Type_A,leakage_current,10.784,11.038,11.469,11.693,50.0,Healthy
C00933,L033,Type_B,leakage_current,10.798,12.766,27.845,42.55,50.0,Latent_Defect
C00934,L034,Type_B,leakage_current,10.113,10.265,10.725,11.289,50.0,Healthy
C00935,L035,Type_A,leakage_current,10.495,10.845,11.397,11.996,50.0,Healthy
C00936,L036,Type_A,leakage_current,10.495,10.695,11.687,12.223,50.0,Healthy
C00937,L037,Type_B,leakage_current,10.771,11.047,11.86,12.718,50.0,Healthy
C00938,L038,Type_B,leakage_current,10.3,10.489,10.827,11.211,50.0,Healthy
C00939,L039,Type_B,leakage_current,10.625,10.712,11.378,12.218,50.0,Healthy
C00940,L040,Type_B,leakage_current,11.58,12.638,30.961,41.91,50.0,Latent_Defect
C00941,L041,Type_B,leakage_current,11.078,11.385,12.33,12.905,50.0,Healthy
C00942,L042,Type_B,leakage_current,10.892,11.072,11.543,11.696,50.0,Healthy
C00943,L043,Type_B,leakage_current,10.257,10.374,11.154,11.866,50.0,Healthy
C00944,L044,Type_A,leakage_current,9.371,9.57,10.091,10.474,50.0,Healthy
C00945,L045,Type_B,leakage_current,10.686,10.694,11.299,11.613,50.0,Healthy
C00946,L046,Type_A,leakage_current,9.952,10.21,11.066,12.183,50.0,Healthy
C00947,L047,Type_A,leakage_current,10.942,11.182,12.068,12.851,50.0,Healthy
C00948,L048,Type_A,leakage_current,10.204,10.379,10.772,11.561,50.0,Healthy
C00949,L049,Type_B,leakage_current,11.379,11.587,12.219,12.763,50.0,Healthy
C00950,L050,Type_C,leakage_current,8.589,8.887,9.572,10.263,50.0,Healthy
C00951,L051,Type_A,leakage_current,9.527,11.75,25.28,38.91,50.0,Latent_Defect
C00952,L052,Type_B,leakage_current,9.455,9.711,10.111,10.729,50.0,Healthy
C00953,L053,Type_B,leakage_current,11.234,11.243,11.748,11.865,50.0,Healthy
C00954,L054,Type_A,leakage_current,9.891,10.13,10.924,11.378,50.0,Healthy
C00955,L055,Type_A,leakage_current,10.173,10.403,10.802,11.58,50.0,Healthy
C00956,L056,Type_C,leakage_current,8.487,9.626,27.539,40.434,50.0,Latent_Defect
C00957,L057,Type_B,leakage_current,10.735,10.997,11.523,11.966,50.0,Healthy
C00958,L058,Type_B,leakage_current,11.14,11.212,11.819,12.163,50.0,Healthy
C00959,L059,Type_C,leakage_current,8.938,12.059,30.381,48.524,50.0,Rapid_Drift
C00960,L060,Type_A,leakage_current,9.332,9.43,9.969,10.714,50.0,Healthy
C00961,L061,Type_B,leakage_current,10.364,12.766,29.561,45.621,50.0,Latent_Defect
C00962,L062,Type_B,leakage_current,10.054,13.198,34.807,56.517,50.0,Rapid_Drift
C00963,L063,Type_A,leakage_current,9.922,11.844,26.629,41.323,50.0,Latent_Defect
C00964,L064,Type_A,leakage_current,9.43,12.67,33.615,54.483,50.0,Rapid_Drift
C00965,L065,Type_C,leakage_current,9.286,10.896,27.33,38.878,50.0,Latent_Defect
C00966,L066,Type_A,leakage_current,9.751,9.832,10.465,10.944,50.0,Healthy
C00967,L067,Type_B,leakage_current,10.705,11.111,11.754,12.926,50.0,Healthy
C00968,L068,Type_B,leakage_current,10.956,13.581,36.078,58.236,50.0,Rapid_Drift
C00969,L069,Type_B,leakage_current,10.409,10.621,10.993,11.712,50.0,Healthy
C00970,L070,Type_A,leakage_current,10.48,13.289,36.866,60.746,50.0,Rapid_Drift
C00971,L071,Type_A,leakage_current,9.154,9.231,9.894,10.476,50.0,Healthy
C00972,L072,Type_C,leakage_current,9.371,9.458,10.031,10.555,50.0,Healthy
C00973,L073,Type_A,leakage_current,9.772,10.081,10.68,11.597,50.0,Healthy
C00974,L074,Type_B,leakage_current,11.066,11.426,12.225,13.075,50.0,Healthy
C00975,L075,Type_B,leakage_current,10.251,10.395,10.775,11.181,50.0,Healthy
C00976,L076,Type_B,leakage_current,10.16,10.448,11.468,11.856,50.0,Healthy
C00977,L077,Type_C,leakage_current,9.837,10.23,11.101,12.229,50.0,Healthy
C00978,L078,Type_C,leakage_current,9.27,9.691,10.74,11.542,50.0,Healthy
C00979,L079,Type_B,leakage_current,11.364,11.757,12.106,12.956,50.0,Healthy
C00980,L080,Type_C,leakage_current,9.371,9.476,10.494,11.359,50.0,Healthy
C00981,L081,Type_A,leakage_current,9.593,9.734,10.208,10.53,50.0,Healthy
C00982,L082,Type_B,leakage_current,11.157,11.412,11.878,12.553,50.0,Healthy
C00983,L083,Type_C,leakage_current,9.803,9.964,10.488,11.341,50.0,Healthy
C00984,L084,Type_A,leakage_current,9.288,11.753,32.533,53.095,50.0,Rapid_Drift
C00985,L085,Type_A,leakage_current,10.579,10.666,11.197,11.402,50.0,Healthy
C00986,L086,Type_C,leakage_current,10.196,10.38,10.533,11.125,50.0,Healthy
C00987,L087,Type_A,leakage_current,10.259,10.452,11.124,11.503,50.0,Healthy
C00988,L088,Type_A,leakage_current,9.783,10.703,23.782,36.802,50.0,Latent_Defect
C00989,L089,Type_A,leakage_current,10.191,10.489,11.024,11.428,50.0,Healthy
C00990,L090,Type_A,leakage_current,9.785,10.047,10.533,10.98,50.0,Healthy
C00991,L091,Type_B,leakage_current,10.653,10.815,10.997,11.614,50.0,Healthy
C00992,L092,Type_A,leakage_current,10.593,10.934,11.726,12.359,50.0,Healthy
C00993,L093,Type_A,leakage_current,10.412,12.423,31.377,47.464,50.0,Latent_Defect
C00994,L094,Type_A,leakage_current,9.671,9.735,10.315,11.115,50.0,Healthy
C00995,L095,Type_B,leakage_current,10.789,13.333,30.675,47.96,50.0,Rapid_Drift
C00996,L096,Type_B,leakage_current,10.225,10.12,10.554,10.788,50.0,Healthy
C00997,L097,Type_B,leakage_current,11.047,11.161,11.557,11.856,50.0,Healthy
C00998,L098,Type_B,leakage_current,11.903,12.577,13.207,13.876,50.0,Healthy
C00999,L099,Type_A,leakage_current,10.242,12.703,30.229,39.235,50.0,Latent_Defect
C01000,L100,Type_A,leakage_current,10.553,10.519,10.656,10.99,50.0,Healthy
C01001,L001,Type_B,leakage_current,10.945,11.257,11.917,12.456,50.0,Healthy
C01002,L002,Type_A,leakage_current,9.973,10.205,10.437,10.795,50.0,Healthy
C01003,L003,Type_A,leakage_current,10.307,10.153,10.279,10.51,50.0,Healthy
C01004,L004,Type_B,leakage_current,10.051,10.268,10.961,11.737,50.0,Healthy
C01005,L005,Type_B,leakage_current,10.87,13.89,34.869,55.906,50.0,Rapid_Drift
C01006,L006,Type_A,leakage_current,10.239,10.389,11.113,11.304,50.0,Healthy
C01007,L007,Type_B,leakage_current,11.088,11.232,11.788,12.26,50.0,Healthy
C01008,L008,Type_A,leakage_current,9.008,9.062,9.466,9.757,50.0,Healthy
C01009,L009,Type_B,leakage_current,11.05,14.145,41.843,70.036,50.0,Rapid_Drift
C01010,L010,Type_A,leakage_current,10.64,10.78,11.053,11.56,50.0,Healthy
C01011,L011,Type_A,leakage_current,10.814,11.001,11.631,12.189,50.0,Healthy
C01012,L012,Type_A,leakage_current,8.89,10.962,26.829,41.92,50.0,Latent_Defect
C01013,L013,Type_A,leakage_current,8.693,8.957,9.54,10.114,50.0,Healthy
C01014,L014,Type_A,leakage_current,10.273,10.475,10.949,11.559,50.0,Healthy
C01015,L015,Type_B,leakage_current,11.017,11.026,11.738,12.152,50.0,Healthy
C01016,L016,Type_C,leakage_current,10.005,10.107,11.251,12.204,50.0,Healthy
C01017,L017,Type_C,leakage_current,9.306,9.49,10.471,11.186,50.0,Healthy
C01018,L018,Type_B,leakage_current,10.939,11.126,11.529,11.858,50.0,Healthy
C01019,L019,Type_B,leakage_current,9.771,10.15,10.828,11.687,50.0,Healthy
C01020,L020,Type_A,leakage_current,9.848,10.176,11.064,12.273,50.0,Healthy
C01021,L021,Type_A,leakage_current,10.898,10.956,11.672,12.243,50.0,Healthy
C01022,L022,Type_A,leakage_current,9.938,10.242,10.847,11.688,50.0,Healthy
C01023,L023,Type_C,leakage_current,9.098,9.056,9.165,9.4,50.0,Healthy
C01024,L024,Type_B,leakage_current,10.944,11.345,11.93,12.581,50.0,Healthy
C01025,L025,Type_C,leakage_current,9.614,9.919,10.349,10.9,50.0,Healthy
C01026,L026,Type_A,leakage_current,9.44,15.903,36.056,56.114,50.0,Obvious_Failure
C01027,L027,Type_A,leakage_current,9.88,10.063,10.525,11.157,50.0,Healthy
C01028,L028,Type_A,leakage_current,8.813,8.984,9.829,10.72,50.0,Healthy
C01029,L029,Type_A,leakage_current,10.123,17.487,39.431,60.805,50.0,Obvious_Failure
C01030,L030,Type_A,leakage_current,10.55,10.892,11.523,11.964,50.0,Healthy
C01031,L031,Type_A,leakage_current,9.426,10.769,27.344,41.412,50.0,Latent_Defect
C01032,L032,Type_A,leakage_current,10.392,10.385,11.241,12.001,50.0,Healthy
C01033,L033,Type_A,leakage_current,10.143,10.283,10.894,11.679,50.0,Healthy
C01034,L034,Type_B,leakage_current,11.063,11.506,12.376,13.431,50.0,Healthy
C01035,L035,Type_A,leakage_current,10.176,11.807,28.635,39.05,50.0,Latent_Defect
C01036,L036,Type_A,leakage_current,9.677,10.005,10.558,11.237,50.0,Healthy
C01037,L037,Type_C,leakage_current,8.951,9.022,9.08,9.506,50.0,Healthy
C01038,L038,Type_B,leakage_current,10.847,10.999,11.298,12.098,50.0,Healthy
C01039,L039,Type_A,leakage_current,9.561,9.661,10.128,10.303,50.0,Healthy
C01040,L040,Type_C,leakage_current,10.046,10.204,10.915,11.65,50.0,Healthy
C01041,L041,Type_B,leakage_current,10.756,10.971,11.42,11.928,50.0,Healthy
C01042,L042,Type_A,leakage_current,10.356,10.404,10.981,11.632,50.0,Healthy
C01043,L043,Type_A,leakage_current,9.75,9.953,10.458,10.929,50.0,Healthy
C01044,L044,Type_C,leakage_current,8.902,9.154,9.835,10.446,50.0,Healthy
C01045,L045,Type_A,leakage_current,10.195,12.032,31.875,43.142,50.0,Latent_Defect
C01046,L046,Type_B,leakage_current,10.337,12.619,33.443,41.451,50.0,Latent_Defect
C01047,L047,Type_A,leakage_current,10.296,10.464,11.383,12.165,50.0,Healthy
C01048,L048,Type_A,leakage_current,10.308,18.549,43.216,68.119,50.0,Obvious_Failure
C01049,L049,Type_A,leakage_current,10.161,10.317,10.733,10.857,50.0,Healthy
C01050,L050,Type_A,leakage_current,9.882,10.132,10.399,10.902,50.0,Healthy
C01051,L051,Type_B,leakage_current,10.529,12.373,25.083,38.03,50.0,Latent_Defect
C01052,L052,Type_A,leakage_current,10.187,10.331,10.93,11.257,50.0,Healthy
C01053,L053,Type_B,leakage_current,10.61,10.793,11.328,12.151,50.0,Healthy
C01054,L054,Type_A,leakage_current,11.274,12.458,32.759,38.189,50.0,Latent_Defect
C01055,L055,Type_A,leakage_current,10.573,12.692,26.884,41.07,50.0,Latent_Defect
C01056,L056,Type_B,leakage_current,11.064,11.162,11.803,12.071,50.0,Healthy
C01057,L057,Type_C,leakage_current,9.31,9.589,10.177,10.742,50.0,Healthy
C01058,L058,Type_B,leakage_current,12.395,12.591,12.672,13.048,50.0,Healthy
C01059,L059,Type_B,leakage_current,10.58,10.938,11.789,12.132,50.0,Healthy
C01060,L060,Type_B,leakage_current,10.867,10.926,11.673,12.075,50.0,Healthy
C01061,L061,Type_B,leakage_current,10.716,10.919,11.853,12.648,50.0,Healthy
C01062,L062,Type_A,leakage_current,10.06,10.207,10.731,11.451,50.0,Healthy
C01063,L063,Type_A,leakage_current,9.684,9.979,10.095,10.282,50.0,Healthy
C01064,L064,Type_B,leakage_current,11.229,11.384,11.624,11.856,50.0,Healthy
C01065,L065,Type_B,leakage_current,11.202,11.268,11.769,12.13,50.0,Healthy
C01066,L066,Type_A,leakage_current,9.963,10.314,11.063,11.485,50.0,Healthy
C01067,L067,Type_B,leakage_current,10.688,10.976,11.502,11.966,50.0,Healthy
C01068,L068,Type_A,leakage_current,11.17,14.508,37.074,60.047,50.0,Rapid_Drift
C01069,L069,Type_B,leakage_current,11.063,11.418,12.168,12.617,50.0,Healthy
C01070,L070,Type_B,leakage_current,10.576,10.874,11.52,12.21,50.0,Healthy
C01071,L071,Type_A,leakage_current,10.013,18.003,42.054,66.376,50.0,Obvious_Failure
C01072,L072,Type_B,leakage_current,10.912,11.164,11.923,12.464,50.0,Healthy
C01073,L073,Type_A,leakage_current,10.251,10.439,11.441,12.249,50.0,Healthy
C01074,L074,Type_C,leakage_current,9.371,9.655,10.166,10.514,50.0,Healthy
C01075,L075,Type_A,leakage_current,9.006,9.279,10.165,10.941,50.0,Healthy
C01076,L076,Type_B,leakage_current,10.663,10.54,11.012,11.604,50.0,Healthy
C01077,L077,Type_A,leakage_current,9.763,9.915,10.561,11.255,50.0,Healthy
C01078,L078,Type_A,leakage_current,10.687,10.808,11.326,11.761,50.0,Healthy
C01079,L079,Type_A,leakage_current,9.542,9.75,10.606,11.429,50.0,Healthy
C01080,L080,Type_B,leakage_current,9.453,9.708,10.812,12.032,50.0,Healthy
C01081,L081,Type_A,leakage_current,10.154,10.357,11.193,12.4,50.0,Healthy
C01082,L082,Type_A,leakage_current,9.142,9.164,9.699,10.373,50.0,Healthy
C01083,L083,Type_A,leakage_current,10.35,10.758,11.464,12.373,50.0,Healthy
C01084,L084,Type_B,leakage_current,10.417,10.502,11.105,12.158,50.0,Healthy
C01085,L085,Type_A,leakage_current,10.757,10.653,11.123,11.497,50.0,Healthy
C01086,L086,Type_B,leakage_current,9.884,9.887,10.499,11.072,50.0,Healthy
C01087,L087,Type_B,leakage_current,11.463,11.645,12.377,13.033,50.0,Healthy
C01088,L088,Type_B,leakage_current,11.146,11.355,12.041,12.628,50.0,Healthy
C01089,L089,Type_C,leakage_current,9.82,9.981,10.6,11.252,50.0,Healthy
C01090,L090,Type_A,leakage_current,10.586,10.843,11.815,13.018,50.0,Healthy
C01091,L091,Type_C,leakage_current,9.917,9.984,10.304,10.787,50.0,Healthy
C01092,L092,Type_A,leakage_current,10.035,10.016,10.53,11.373,50.0,Healthy
C01093,L093,Type_B,leakage_current,11.034,11.294,12.29,12.978,50.0,Healthy
C01094,L094,Type_A,leakage_current,10.457,10.698,11.527,12.179,50.0,Healthy
C01095,L095,Type_A,leakage_current,10.392,12.515,28.855,44.497,50.0,Latent_Defect
C01096,L096,Type_A,leakage_current,10.57,10.766,11.202,11.825,50.0,Healthy
C01097,L097,Type_A,leakage_current,10.16,16.834,36.212,55.458,50.0,Obvious_Failure
C01098,L098,Type_B,leakage_current,11.748,14.82,37.268,59.893,50.0,Rapid_Drift
C01099,L099,Type_A,leakage_current,11.104,11.011,11.57,11.984,50.0,Healthy
C01100,L100,Type_C,leakage_current,9.415,9.368,9.694,10.201,50.0,Healthy
C01101,L001,Type_B,leakage_current,11.518,11.746,12.428,12.639,50.0,Healthy
C01102,L002,Type_A,leakage_current,10.215,10.29,10.896,11.594,50.0,Healthy
C01103,L003,Type_A,leakage_current,9.872,10.154,10.79,11.394,50.0,Healthy
C01104,L004,Type_A,leakage_current,9.587,13.321,31.948,50.224,50.0,Rapid_Drift
C01105,L005,Type_A,leakage_current,10.893,13.065,29.637,40.114,50.0,Latent_Defect
C01106,L006,Type_A,leakage_current,9.588,9.704,10.182,10.416,50.0,Healthy
C01107,L007,Type_C,leakage_current,8.858,8.956,9.445,9.843,50.0,Healthy
C01108,L008,Type_B,leakage_current,11.565,13.26,27.158,40.28,50.0,Latent_Defect
C01109,L009,Type_A,leakage_current,10.339,10.519,10.818,11.173,50.0,Healthy
C01110,L010,Type_B,leakage_current,10.259,10.36,10.864,11.241,50.0,Healthy
C01111,L011,Type_C,leakage_current,8.916,9.197,9.916,10.691,50.0,Healthy
C01112,L012,Type_B,leakage_current,10.37,10.796,11.856,12.836,50.0,Healthy
C01113,L013,Type_A,leakage_current,10.103,10.337,11.567,12.727,50.0,Healthy
C01114,L014,Type_A,leakage_current,10.197,10.501,11.136,12.162,50.0,Healthy
C01115,L015,Type_B,leakage_current,11.989,12.107,12.742,13.343,50.0,Healthy
C01116,L016,Type_A,leakage_current,10.084,10.372,11.347,12.255,50.0,Healthy
C01117,L017,Type_A,leakage_current,9.483,9.766,10.238,10.775,50.0,Healthy
C01118,L018,Type_A,leakage_current,10.368,10.658,10.936,11.326,50.0,Healthy
C01119,L019,Type_A,leakage_current,11.327,11.397,11.683,12.175,50.0,Healthy
C01120,L020,Type_A,leakage_current,9.591,9.793,10.425,10.964,50.0,Healthy
C01121,L021,Type_A,leakage_current,9.563,11.82,25.869,39.984,50.0,Latent_Defect
C01122,L022,Type_C,leakage_current,9.278,9.576,10.2,10.699,50.0,Healthy
C01123,L023,Type_B,leakage_current,10.566,10.525,10.975,11.286,50.0,Healthy
C01124,L024,Type_A,leakage_current,10.286,10.395,10.963,11.184,50.0,Healthy
C01125,L025,Type_A,leakage_current,9.736,9.835,10.322,11.104,50.0,Healthy
C01126,L026,Type_B,leakage_current,10.359,10.413,11.27,11.936,50.0,Healthy
C01127,L027,Type_B,leakage_current,10.937,10.962,11.656,11.994,50.0,Healthy
C01128,L028,Type_A,leakage_current,10.352,10.567,10.936,11.582,50.0,Healthy
C01129,L029,Type_B,leakage_current,11.213,11.049,11.732,12.39,50.0,Healthy
C01130,L030,Type_A,leakage_current,10.306,10.454,10.896,11.01,50.0,Healthy
C01131,L031,Type_A,leakage_current,11.591,11.578,11.601,11.604,50.0,Healthy
C01132,L032,Type_C,leakage_current,9.63,9.662,10.087,10.089,50.0,Healthy
C01133,L033,Type_A,leakage_current,10.026,12.479,34.68,56.397,50.0,Rapid_Drift
C01134,L034,Type_A,leakage_current,10.927,11.254,12.053,12.723,50.0,Healthy
C01135,L035,Type_C,leakage_current,9.899,11.083,30.928,44.125,50.0,Latent_Defect
C01136,L036,Type_B,leakage_current,10.324,10.395,10.735,10.723,50.0,Healthy
C01137,L037,Type_A,leakage_current,10.64,12.288,31.354,44.841,50.0,Latent_Defect
C01138,L038,Type_A,leakage_current,8.77,8.795,9.092,9.562,50.0,Healthy
C01139,L039,Type_C,leakage_current,9.363,9.672,10.253,11.008,50.0,Healthy
C01140,L040,Type_A,leakage_current,9.999,10.066,10.454,10.771,50.0,Healthy
C01141,L041,Type_A,leakage_current,11.042,11.004,11.409,11.601,50.0,Healthy
C01142,L042,Type_B,leakage_current,10.78,10.749,11.35,12.035,50.0,Healthy
C01143,L043,Type_A,leakage_current,9.444,9.75,10.581,11.619,50.0,Healthy
C01144,L044,Type_A,leakage_current,9.45,9.302,9.637,10.739,50.0,Healthy
C01145,L045,Type_C,leakage_current,8.875,8.968,9.751,10.326,50.0,Healthy
C01146,L046,Type_B,leakage_current,10.177,10.615,11.151,11.964,50.0,Healthy
C01147,L047,Type_B,leakage_current,11.048,11.419,11.74,12.285,50.0,Healthy
C01148,L048,Type_A,leakage_current,10.307,10.434,11.221,12.238,50.0,Healthy
C01149,L049,Type_A,leakage_current,9.38,9.548,9.77,9.941,50.0,Healthy
C01150,L050,Type_C,leakage_current,10.123,10.018,10.589,10.885,50.0,Healthy
C01151,L051,Type_C,leakage_current,9.7,9.754,10.61,10.812,50.0,Healthy
C01152,L052,Type_B,leakage_current,10.485,18.319,42.075,66.208,50.0,Obvious_Failure
C01153,L053,Type_A,leakage_current,9.218,9.625,10.404,11.141,50.0,Healthy
C01154,L054,Type_A,leakage_current,9.032,9.07,9.173,9.533,50.0,Healthy
C01155,L055,Type_A,leakage_current,9.67,9.841,10.482,10.925,50.0,Healthy
C01156,L056,Type_A,leakage_current,10.564,10.932,11.746,12.378,50.0,Healthy
C01157,L057,Type_A,leakage_current,10.279,10.697,11.153,11.756,50.0,Healthy
C01158,L058,Type_A,leakage_current,9.252,12.151,34.744,56.536,50.0,Rapid_Drift
C01159,L059,Type_A,leakage_current,9.725,9.635,10.314,10.62,50.0,Healthy
C01160,L060,Type_A,leakage_current,8.764,8.83,9.193,9.41,50.0,Healthy
C01161,L061,Type_A,leakage_current,9.523,9.698,10.651,11.451,50.0,Healthy
C01162,L062,Type_A,leakage_current,10.95,11.11,11.387,11.893,50.0,Healthy
C01163,L063,Type_B,leakage_current,11.019,12.495,32.212,46.453,50.0,Latent_Defect
C01164,L064,Type_A,leakage_current,10.851,10.854,11.307,12.0,50.0,Healthy
C01165,L065,Type_A,leakage_current,9.404,9.702,10.208,10.764,50.0,Healthy
C01166,L066,Type_B,leakage_current,10.838,10.909,11.39,11.526,50.0,Healthy
C01167,L067,Type_A,leakage_current,9.448,9.465,9.717,9.806,50.0,Healthy
C01168,L068,Type_A,leakage_current,9.847,9.895,9.976,10.386,50.0,Healthy
C01169,L069,Type_A,leakage_current,10.28,13.482,31.354,49.531,50.0,Rapid_Drift
C01170,L070,Type_A,leakage_current,10.2,10.188,10.58,11.097,50.0,Healthy
C01171,L071,Type_A,leakage_current,9.513,12.129,36.311,60.38,50.0,Rapid_Drift
C01172,L072,Type_A,leakage_current,10.345,11.973,28.462,45.448,50.0,Latent_Defect
C01173,L073,Type_A,leakage_current,10.188,10.382,10.946,11.681,50.0,Healthy
C01174,L074,Type_B,leakage_current,10.725,12.152,28.491,41.604,50.0,Latent_Defect
C01175,L075,Type_A,leakage_current,8.804,9.185,9.746,10.284,50.0,Healthy
C01176,L076,Type_B,leakage_current,12.03,12.203,12.81,13.323,50.0,Healthy
C01177,L077,Type_A,leakage_current,10.488,10.673,11.307,11.868,50.0,Healthy
C01178,L078,Type_C,leakage_current,9.738,9.822,10.03,10.211,50.0,Healthy
C01179,L079,Type_A,leakage_current,10.313,10.339,10.832,11.219,50.0,Healthy
C01180,L080,Type_A,leakage_current,10.14,10.077,10.251,10.717,50.0,Healthy
C01181,L081,Type_A,leakage_current,10.451,10.541,11.291,12.183,50.0,Healthy
C01182,L082,Type_A,leakage_current,9.405,9.486,9.979,10.56,50.0,Healthy
C01183,L083,Type_A,leakage_current,9.777,12.148,25.14,38.687,50.0,Latent_Defect
C01184,L084,Type_C,leakage_current,8.221,8.186,9.374,10.062,50.0,Healthy
C01185,L085,Type_A,leakage_current,9.711,10.161,10.868,11.425,50.0,Healthy
C01186,L086,Type_B,leakage_current,10.876,11.15,11.973,12.616,50.0,Healthy
C01187,L087,Type_A,leakage_current,10.002,9.878,10.281,10.746,50.0,Healthy
C01188,L088,Type_A,leakage_current,10.592,10.632,10.961,11.625,50.0,Healthy
C01189,L089,Type_A,leakage_current,9.7,16.714,37.335,58.726,50.0,Obvious_Failure
C01190,L090,Type_A,leakage_current,10.789,10.837,11.423,11.81,50.0,Healthy
C01191,L091,Type_A,leakage_current,10.314,15.857,32.473,49.919,50.0,Obvious_Failure
C01192,L092,Type_A,leakage_current,9.432,12.878,32.094,51.281,50.0,Rapid_Drift
C01193,L093,Type_C,leakage_current,9.176,9.49,10.636,11.327,50.0,Healthy
C01194,L094,Type_B,leakage_current,9.499,9.707,10.111,10.697,50.0,Healthy
C01195,L095,Type_A,leakage_current,9.405,10.86,29.963,45.164,50.0,Latent_Defect
C01196,L096,Type_A,leakage_current,10.475,10.768,11.291,11.758,50.0,Healthy
C01197,L097,Type_A,leakage_current,10.359,10.531,10.858,11.243,50.0,Healthy
C01198,L098,Type_A,leakage_current,11.624,11.804,12.388,13.364,50.0,Healthy
C01199,L099,Type_B,leakage_current,10.503,10.658,10.939,10.995,50.0,Healthy
C01200,L100,Type_B,leakage_current,10.61,10.796,11.569,12.122,50.0,Healthy
C01201,L001,Type_C,leakage_current,9.17,10.884,30.242,41.691,50.0,Latent_Defect
C01202,L002,Type_C,leakage_current,9.707,10.043,10.531,10.75,50.0,Healthy
C01203,L003,Type_C,leakage_current,9.171,12.098,38.638,64.586,50.0,Rapid_Drift
C01204,L004,Type_C,leakage_current,9.667,9.799,10.183,10.482,50.0,Healthy
C01205,L005,Type_A,leakage_current,10.218,10.415,11.201,11.971,50.0,Healthy
C01206,L006,Type_B,leakage_current,10.922,11.116,11.691,12.268,50.0,Healthy
C01207,L007,Type_C,leakage_current,8.985,11.21,25.988,40.997,50.0,Latent_Defect
C01208,L008,Type_B,leakage_current,11.541,11.955,12.731,13.723,50.0,Healthy
C01209,L009,Type_B,leakage_current,11.272,14.773,33.669,52.518,50.0,Rapid_Drift
C01210,L010,Type_C,leakage_current,8.921,9.261,9.87,10.409,50.0,Healthy
C01211,L011,Type_A,leakage_current,9.607,9.844,10.273,10.651,50.0,Healthy
C01212,L012,Type_A,leakage_current,10.147,10.525,10.811,11.31,50.0,Healthy
C01213,L013,Type_A,leakage_current,10.15,13.913,32.195,50.856,50.0,Rapid_Drift
C01214,L014,Type_A,leakage_current,9.454,9.841,10.998,12.285,50.0,Healthy
C01215,L015,Type_A,leakage_current,10.476,10.867,11.768,12.818,50.0,Healthy
C01216,L016,Type_B,leakage_current,10.682,10.823,11.095,11.565,50.0,Healthy
C01217,L017,Type_B,leakage_current,10.504,12.539,25.665,38.789,50.0,Latent_Defect
C01218,L018,Type_C,leakage_current,9.367,9.592,10.5,11.481,50.0,Healthy
C01219,L019,Type_A,leakage_current,10.455,10.394,10.626,11.218,50.0,Healthy
C01220,L020,Type_A,leakage_current,9.671,11.224,31.264,38.112,50.0,Latent_Defect
C01221,L021,Type_B,leakage_current,10.738,11.059,11.912,12.681,50.0,Healthy
C01222,L022,Type_A,leakage_current,10.557,12.45,30.572,40.094,50.0,Latent_Defect
C01223,L023,Type_B,leakage_current,10.541,10.564,10.945,11.304,50.0,Healthy
C01224,L024,Type_C,leakage_current,10.105,10.266,10.536,11.193,50.0,Healthy
C01225,L025,Type_B,leakage_current,10.622,10.737,11.074,11.614,50.0,Healthy
C01226,L026,Type_A,leakage_current,9.219,18.228,45.604,72.731,50.0,Obvious_Failure
C01227,L027,Type_C,leakage_current,9.107,9.483,10.336,11.075,50.0,Healthy
C01228,L028,Type_A,leakage_current,10.13,12.435,28.141,44.228,50.0,Latent_Defect
C01229,L029,Type_A,leakage_current,9.566,10.028,10.866,11.685,50.0,Healthy
C01230,L030,Type_C,leakage_current,9.47,10.715,25.064,39.629,50.0,Latent_Defect
C01231,L031,Type_A,leakage_current,10.286,10.594,11.305,11.79,50.0,Healthy
C01232,L032,Type_B,leakage_current,9.758,9.888,10.933,11.553,50.0,Healthy
C01233,L033,Type_B,leakage_current,11.225,11.647,12.681,13.604,50.0,Healthy
C01234,L034,Type_B,leakage_current,10.297,10.651,11.259,11.932,50.0,Healthy
C01235,L035,Type_A,leakage_current,10.894,13.689,42.021,70.141,50.0,Rapid_Drift
C01236,L036,Type_A,leakage_current,9.802,9.901,10.324,10.744,50.0,Healthy
C01237,L037,Type_A,leakage_current,10.231,14.012,36.003,57.784,50.0,Rapid_Drift
C01238,L038,Type_C,leakage_current,9.134,9.281,10.158,10.765,50.0,Healthy
C01239,L039,Type_B,leakage_current,11.051,11.204,11.726,12.134,50.0,Healthy
C01240,L040,Type_A,leakage_current,10.924,13.005,25.673,38.364,50.0,Latent_Defect
C01241,L041,Type_B,leakage_current,10.592,13.34,33.119,44.733,50.0,Latent_Defect
C01242,L042,Type_A,leakage_current,10.7,12.503,31.321,41.622,50.0,Latent_Defect
C01243,L043,Type_B,leakage_current,9.811,12.427,37.044,61.975,50.0,Rapid_Drift
C01244,L044,Type_C,leakage_current,9.828,10.047,10.449,10.669,50.0,Healthy
C01245,L045,Type_A,leakage_current,9.835,9.885,10.823,11.652,50.0,Healthy
C01246,L046,Type_A,leakage_current,10.19,10.176,10.645,11.201,50.0,Healthy
C01247,L047,Type_A,leakage_current,9.05,9.099,9.688,10.024,50.0,Healthy
C01248,L048,Type_B,leakage_current,10.16,10.274,10.821,11.081,50.0,Healthy
C01249,L049,Type_C,leakage_current,9.498,14.493,30.637,46.041,50.0,Obvious_Failure
C01250,L050,Type_A,leakage_current,10.073,10.186,10.709,11.343,50.0,Healthy
C01251,L051,Type_A,leakage_current,9.597,9.768,9.947,10.324,50.0,Healthy
C01252,L052,Type_C,leakage_current,8.937,8.881,9.273,9.603,50.0,Healthy
C01253,L053,Type_C,leakage_current,9.588,9.87,10.149,10.952,50.0,Healthy
C01254,L054,Type_A,leakage_current,10.409,10.496,11.208,11.337,50.0,Healthy
C01255,L055,Type_A,leakage_current,10.169,10.271,10.921,11.616,50.0,Healthy
C01256,L056,Type_A,leakage_current,10.347,13.536,37.711,62.097,50.0,Rapid_Drift
C01257,L057,Type_C,leakage_current,9.119,9.552,9.89,10.273,50.0,Healthy
C01258,L058,Type_A,leakage_current,10.011,10.218,10.255,10.705,50.0,Healthy
C01259,L059,Type_A,leakage_current,9.387,9.611,10.121,10.898,50.0,Healthy
C01260,L060,Type_A,leakage_current,9.459,10.646,24.547,38.003,50.0,Latent_Defect
C01261,L061,Type_A,leakage_current,9.844,10.068,10.912,11.394,50.0,Healthy
C01262,L062,Type_B,leakage_current,11.907,13.492,30.205,38.493,50.0,Latent_Defect
C01263,L063,Type_A,leakage_current,9.962,10.318,10.85,11.658,50.0,Healthy
C01264,L064,Type_C,leakage_current,9.743,13.133,30.785,48.921,50.0,Rapid_Drift
C01265,L065,Type_C,leakage_current,10.567,13.499,39.383,65.776,50.0,Rapid_Drift
C01266,L066,Type_C,leakage_current,9.135,11.54,36.386,61.069,50.0,Rapid_Drift
C01267,L067,Type_A,leakage_current,9.626,9.799,10.031,10.242,50.0,Healthy
C01268,L068,Type_A,leakage_current,9.89,10.057,10.654,11.208,50.0,Healthy
C01269,L069,Type_A,leakage_current,9.531,9.758,10.433,11.031,50.0,Healthy
C01270,L070,Type_B,leakage_current,11.449,11.701,12.246,13.058,50.0,Healthy
C01271,L071,Type_B,leakage_current,10.83,11.072,11.442,11.858,50.0,Healthy
C01272,L072,Type_B,leakage_current,10.291,10.412,11.261,12.012,50.0,Healthy
C01273,L073,Type_A,leakage_current,10.603,12.637,32.599,45.339,50.0,Latent_Defect
C01274,L074,Type_A,leakage_current,9.158,11.109,30.833,43.837,50.0,Latent_Defect
C01275,L075,Type_A,leakage_current,9.996,10.133,10.398,10.477,50.0,Healthy
C01276,L076,Type_B,leakage_current,10.921,11.284,12.012,12.552,50.0,Healthy
C01277,L077,Type_B,leakage_current,10.438,14.028,40.915,67.198,50.0,Rapid_Drift
C01278,L078,Type_A,leakage_current,10.741,10.958,11.503,11.988,50.0,Healthy
C01279,L079,Type_A,leakage_current,9.631,17.477,41.583,65.818,50.0,Obvious_Failure
C01280,L080,Type_A,leakage_current,9.181,9.448,9.674,10.177,50.0,Healthy
C01281,L081,Type_C,leakage_current,8.783,8.916,9.526,10.031,50.0,Healthy
C01282,L082,Type_B,leakage_current,11.839,12.0,12.653,13.22,50.0,Healthy
C01283,L083,Type_B,leakage_current,11.04,11.386,12.036,12.628,50.0,Healthy
C01284,L084,Type_A,leakage_current,10.119,10.166,11.202,11.743,50.0,Healthy
C01285,L085,Type_A,leakage_current,10.462,10.722,11.234,11.29,50.0,Healthy
C01286,L086,Type_C,leakage_current,10.122,10.416,10.897,11.792,50.0,Healthy
C01287,L087,Type_A,leakage_current,10.763,10.99,11.599,12.187,50.0,Healthy
C01288,L088,Type_A,leakage_current,10.087,12.912,37.707,62.614,50.0,Rapid_Drift
C01289,L089,Type_A,leakage_current,10.031,10.25,10.649,11.208,50.0,Healthy
C01290,L090,Type_C,leakage_current,9.342,9.391,10.023,10.403,50.0,Healthy
C01291,L091,Type_A,leakage_current,11.367,11.356,11.781,12.135,50.0,Healthy
C01292,L092,Type_A,leakage_current,10.972,11.205,11.803,12.098,50.0,Healthy
C01293,L093,Type_B,leakage_current,11.433,13.608,31.178,46.311,50.0,Latent_Defect
C01294,L094,Type_C,leakage_current,10.032,12.448,37.222,62.51,50.0,Rapid_Drift
C01295,L095,Type_A,leakage_current,9.083,9.315,10.286,11.069,50.0,Healthy
C01296,L096,Type_A,leakage_current,9.965,10.237,10.631,11.211,50.0,Healthy
C01297,L097,Type_B,leakage_current,10.984,11.196,11.722,12.383,50.0,Healthy
C01298,L098,Type_B,leakage_current,10.991,10.878,11.256,12.062,50.0,Healthy
C01299,L099,Type_A,leakage_current,10.443,10.74,11.335,11.785,50.0,Healthy
C01300,L100,Type_A,leakage_current,9.34,9.355,9.665,10.258,50.0,Healthy
C01301,L001,Type_B,leakage_current,10.516,10.81,11.347,11.908,50.0,Healthy
C01302,L002,Type_A,leakage_current,9.941,9.925,10.418,11.141,50.0,Healthy
C01303,L003,Type_A,leakage_current,10.08,10.091,10.779,11.526,50.0,Healthy
C01304,L004,Type_B,leakage_current,10.82,11.0,11.67,12.506,50.0,Healthy
C01305,L005,Type_A,leakage_current,10.152,10.562,11.073,11.747,50.0,Healthy
C01306,L006,Type_C,leakage_current,10.218,10.569,11.139,11.752,50.0,Healthy
C01307,L007,Type_A,leakage_current,10.52,10.63,11.283,11.99,50.0,Healthy
C01308,L008,Type_B,leakage_current,10.898,11.293,11.797,12.223,50.0,Healthy
C01309,L009,Type_B,leakage_current,10.242,11.731,31.451,46.504,50.0,Latent_Defect
C01310,L010,Type_B,leakage_current,10.187,10.364,10.789,11.182,50.0,Healthy
C01311,L011,Type_A,leakage_current,9.624,9.776,10.217,10.553,50.0,Healthy
C01312,L012,Type_B,leakage_current,10.27,17.197,38.127,59.672,50.0,Obvious_Failure
C01313,L013,Type_A,leakage_current,10.425,10.687,10.878,11.21,50.0,Healthy
C01314,L014,Type_A,leakage_current,10.11,13.413,32.279,51.642,50.0,Rapid_Drift
C01315,L015,Type_B,leakage_current,9.751,11.623,28.619,41.25,50.0,Latent_Defect
C01316,L016,Type_A,leakage_current,9.496,9.434,10.062,10.255,50.0,Healthy
C01317,L017,Type_A,leakage_current,10.013,10.249,10.81,11.014,50.0,Healthy
C01318,L018,Type_B,leakage_current,9.512,9.734,10.268,10.563,50.0,Healthy
C01319,L019,Type_B,leakage_current,11.817,12.164,12.984,14.224,50.0,Healthy
C01320,L020,Type_B,leakage_current,10.365,13.669,33.876,53.346,50.0,Rapid_Drift
C01321,L021,Type_A,leakage_current,10.157,10.344,10.686,11.003,50.0,Healthy
C01322,L022,Type_A,leakage_current,10.05,10.113,10.637,11.294,50.0,Healthy
C01323,L023,Type_A,leakage_current,9.453,9.845,10.609,11.436,50.0,Healthy
C01324,L024,Type_A,leakage_current,10.401,10.508,10.936,11.456,50.0,Healthy
C01325,L025,Type_B,leakage_current,10.122,10.189,10.48,11.134,50.0,Healthy
C01326,L026,Type_A,leakage_current,9.152,10.873,27.151,40.842,50.0,Latent_Defect
C01327,L027,Type_C,leakage_current,10.094,11.72,29.019,38.084,50.0,Latent_Defect
C01328,L028,Type_B,leakage_current,10.289,10.611,11.452,12.31,50.0,Healthy
C01329,L029,Type_A,leakage_current,9.562,18.788,47.126,75.433,50.0,Obvious_Failure
C01330,L030,Type_A,leakage_current,10.162,10.439,11.028,11.456,50.0,Healthy
C01331,L031,Type_A,leakage_current,10.478,10.815,11.568,12.529,50.0,Healthy
C01332,L032,Type_A,leakage_current,9.76,18.815,45.754,71.992,50.0,Obvious_Failure
C01333,L033,Type_A,leakage_current,10.889,11.176,12.174,13.324,50.0,Healthy
C01334,L034,Type_B,leakage_current,10.849,11.185,11.708,12.023,50.0,Healthy
C01335,L035,Type_A,leakage_current,9.859,9.953,10.632,11.804,50.0,Healthy
C01336,L036,Type_A,leakage_current,9.659,9.598,10.168,11.158,50.0,Healthy
C01337,L037,Type_A,leakage_current,9.07,9.139,9.766,10.475,50.0,Healthy
C01338,L038,Type_A,leakage_current,10.453,11.848,29.894,47.682,50.0,Latent_Defect
C01339,L039,Type_C,leakage_current,9.709,10.063,10.646,11.232,50.0,Healthy
C01340,L040,Type_A,leakage_current,9.087,9.231,9.925,10.729,50.0,Healthy
C01341,L041,Type_A,leakage_current,8.725,9.061,9.852,10.741,50.0,Healthy
C01342,L042,Type_A,leakage_current,10.906,11.048,11.921,12.435,50.0,Healthy
C01343,L043,Type_A,leakage_current,9.847,10.149,11.055,11.749,50.0,Healthy
C01344,L044,Type_C,leakage_current,8.476,10.32,25.869,41.318,50.0,Latent_Defect
C01345,L045,Type_B,leakage_current,11.085,11.17,11.902,12.319,50.0,Healthy
C01346,L046,Type_A,leakage_current,9.368,9.401,9.707,9.727,50.0,Healthy
C01347,L047,Type_A,leakage_current,10.136,12.29,32.885,45.608,50.0,Latent_Defect
C01348,L048,Type_C,leakage_current,8.663,8.753,9.272,9.833,50.0,Healthy
C01349,L049,Type_A,leakage_current,10.334,10.665,11.363,11.905,50.0,Healthy
C01350,L050,Type_A,leakage_current,9.705,9.933,10.986,11.833,50.0,Healthy
C01351,L051,Type_B,leakage_current,11.336,11.707,12.152,12.676,50.0,Healthy
C01352,L052,Type_B,leakage_current,9.945,10.013,10.741,11.286,50.0,Healthy
C01353,L053,Type_C,leakage_current,8.994,9.248,10.119,11.16,50.0,Healthy
C01354,L054,Type_C,leakage_current,10.275,10.669,11.181,11.965,50.0,Healthy
C01355,L055,Type_A,leakage_current,10.921,11.1,11.485,12.225,50.0,Healthy
C01356,L056,Type_B,leakage_current,10.513,10.694,11.029,11.706,50.0,Healthy
C01357,L057,Type_A,leakage_current,8.75,9.171,10.152,11.316,50.0,Healthy
C01358,L058,Type_A,leakage_current,10.044,10.186,10.8,11.22,50.0,Healthy
C01359,L059,Type_A,leakage_current,9.623,10.095,10.839,12.08,50.0,Healthy
C01360,L060,Type_B,leakage_current,11.184,11.592,12.492,13.269,50.0,Healthy
C01361,L061,Type_B,leakage_current,11.083,11.208,11.611,11.994,50.0,Healthy
C01362,L062,Type_B,leakage_current,10.233,11.804,26.584,40.601,50.0,Latent_Defect
C01363,L063,Type_A,leakage_current,10.122,10.144,10.496,10.732,50.0,Healthy
C01364,L064,Type_C,leakage_current,8.92,10.993,24.212,37.702,50.0,Latent_Defect
C01365,L065,Type_A,leakage_current,10.034,10.123,10.446,10.914,50.0,Healthy
C01366,L066,Type_A,leakage_current,10.018,10.417,10.838,11.461,50.0,Healthy
C01367,L067,Type_C,leakage_current,9.358,9.451,9.864,10.576,50.0,Healthy
C01368,L068,Type_A,leakage_current,10.577,10.533,10.986,11.31,50.0,Healthy
C01369,L069,Type_B,leakage_current,11.009,11.297,11.621,12.149,50.0,Healthy
C01370,L070,Type_A,leakage_current,9.42,9.76,10.513,11.402,50.0,Healthy
C01371,L071,Type_A,leakage_current,10.863,11.081,11.785,12.473,50.0,Healthy
C01372,L072,Type_A,leakage_current,10.8,18.679,41.277,64.138,50.0,Obvious_Failure
C01373,L073,Type_C,leakage_current,9.526,9.599,9.667,9.986,50.0,Healthy
C01374,L074,Type_B,leakage_current,9.649,10.073,10.716,11.364,50.0,Healthy
C01375,L075,Type_A,leakage_current,10.489,18.727,42.721,66.43,50.0,Obvious_Failure
C01376,L076,Type_A,leakage_current,8.99,9.199,9.528,9.651,50.0,Healthy
C01377,L077,Type_A,leakage_current,9.236,9.301,9.542,10.258,50.0,Healthy
C01378,L078,Type_A,leakage_current,9.885,10.147,10.924,11.43,50.0,Healthy
C01379,L079,Type_B,leakage_current,9.582,9.517,9.608,9.9,50.0,Healthy
C01380,L080,Type_A,leakage_current,9.877,17.775,40.502,63.579,50.0,Obvious_Failure
C01381,L081,Type_A,leakage_current,9.7,10.064,10.993,12.058,50.0,Healthy
C01382,L082,Type_A,leakage_current,10.459,10.473,11.004,11.496,50.0,Healthy
C01383,L083,Type_B,leakage_current,9.951,10.066,10.601,11.314,50.0,Healthy
C01384,L084,Type_A,leakage_current,10.043,10.262,11.1,11.337,50.0,Healthy
C01385,L085,Type_C,leakage_current,10.289,10.44,11.391,12.123,50.0,Healthy
C01386,L086,Type_B,leakage_current,10.227,10.638,11.061,11.68,50.0,Healthy
C01387,L087,Type_A,leakage_current,9.188,11.452,25.154,38.819,50.0,Latent_Defect
C01388,L088,Type_A,leakage_current,10.836,10.947,11.29,11.421,50.0,Healthy
C01389,L089,Type_A,leakage_current,9.947,10.179,11.088,11.552,50.0,Healthy
C01390,L090,Type_A,leakage_current,10.134,10.195,10.668,11.241,50.0,Healthy
C01391,L091,Type_A,leakage_current,11.127,11.409,11.8,12.293,50.0,Healthy
C01392,L092,Type_A,leakage_current,9.266,9.492,10.228,11.054,50.0,Healthy
C01393,L093,Type_C,leakage_current,9.349,9.605,10.042,10.378,50.0,Healthy
C01394,L094,Type_A,leakage_current,10.795,10.954,11.843,12.417,50.0,Healthy
C01395,L095,Type_A,leakage_current,9.45,9.494,10.501,11.657,50.0,Healthy
C01396,L096,Type_B,leakage_current,10.109,10.259,10.87,11.878,50.0,Healthy
C01397,L097,Type_A,leakage_current,9.101,9.359,9.703,10.353,50.0,Healthy
C01398,L098,Type_C,leakage_current,8.943,9.073,9.802,10.27,50.0,Healthy
C01399,L099,Type_A,leakage_current,11.222,13.428,30.591,46.199,50.0,Latent_Defect
C01400,L100,Type_B,leakage_current,9.951,19.611,48.795,77.55,50.0,Obvious_Failure
C01401,L001,Type_A,leakage_current,11.013,19.094,43.635,69.342,50.0,Obvious_Failure
C01402,L002,Type_A,leakage_current,10.31,10.463,10.746,11.133,50.0,Healthy
C01403,L003,Type_A,leakage_current,10.303,10.514,11.193,11.643,50.0,Healthy
C01404,L004,Type_A,leakage_current,9.292,9.323,9.832,10.19,50.0,Healthy
C01405,L005,Type_B,leakage_current,10.149,12.504,31.058,39.923,50.0,Latent_Defect
C01406,L006,Type_A,leakage_current,9.619,9.931,10.686,11.572,50.0,Healthy
C01407,L007,Type_A,leakage_current,10.696,12.568,33.079,43.108,50.0,Latent_Defect
C01408,L008,Type_C,leakage_current,8.96,9.451,10.136,10.638,50.0,Healthy
C01409,L009,Type_A,leakage_current,10.361,10.385,11.07,11.29,50.0,Healthy
C01410,L010,Type_A,leakage_current,9.199,9.455,10.153,10.693,50.0,Healthy
C01411,L011,Type_B,leakage_current,10.342,10.576,11.15,11.813,50.0,Healthy
C01412,L012,Type_B,leakage_current,11.522,11.545,11.999,12.544,50.0,Healthy
C01413,L013,Type_B,leakage_current,11.996,12.313,13.167,13.905,50.0,Healthy
C01414,L014,Type_A,leakage_current,9.861,10.219,11.082,12.252,50.0,Healthy
C01415,L015,Type_B,leakage_current,10.437,12.872,38.72,64.787,50.0,Rapid_Drift
C01416,L016,Type_B,leakage_current,11.161,11.211,11.818,12.211,50.0,Healthy
C01417,L017,Type_A,leakage_current,10.427,10.465,10.761,11.172,50.0,Healthy
C01418,L018,Type_A,leakage_current,10.279,10.321,10.618,11.117,50.0,Healthy
C01419,L019,Type_B,leakage_current,10.156,10.378,10.498,11.109,50.0,Healthy
C01420,L020,Type_A,leakage_current,10.641,10.919,11.926,12.94,50.0,Healthy
C01421,L021,Type_B,leakage_current,10.805,13.165,29.227,39.736,50.0,Latent_Defect
C01422,L022,Type_A,leakage_current,9.567,9.519,10.157,10.859,50.0,Healthy
C01423,L023,Type_B,leakage_current,10.629,12.889,30.401,45.958,50.0,Latent_Defect
C01424,L024,Type_B,leakage_current,11.432,11.734,12.443,13.069,50.0,Healthy
C01425,L025,Type_A,leakage_current,10.641,10.904,11.568,11.688,50.0,Healthy
C01426,L026,Type_A,leakage_current,9.331,9.679,10.034,10.526,50.0,Healthy
C01427,L027,Type_B,leakage_current,10.788,11.085,11.716,12.101,50.0,Healthy
C01428,L028,Type_A,leakage_current,9.915,9.793,9.996,10.046,50.0,Healthy
C01429,L029,Type_B,leakage_current,11.335,14.285,36.394,58.84,50.0,Rapid_Drift
C01430,L030,Type_A,leakage_current,10.257,10.627,11.328,12.149,50.0,Healthy
C01431,L031,Type_B,leakage_current,10.269,10.468,10.75,11.389,50.0,Healthy
C01432,L032,Type_A,leakage_current,9.882,9.94,10.135,10.538,50.0,Healthy
C01433,L033,Type_A,leakage_current,10.24,10.599,10.645,10.947,50.0,Healthy
C01434,L034,Type_B,leakage_current,11.069,11.389,11.811,12.682,50.0,Healthy
C01435,L035,Type_A,leakage_current,10.529,13.495,42.208,70.619,50.0,Rapid_Drift
C01436,L036,Type_A,leakage_current,9.488,9.532,10.249,11.212,50.0,Healthy
C01437,L037,Type_B,leakage_current,11.135,11.338,11.723,12.404,50.0,Healthy
C01438,L038,Type_A,leakage_current,9.837,9.834,10.156,10.886,50.0,Healthy
C01439,L039,Type_B,leakage_current,10.115,17.446,39.2,61.32,50.0,Obvious_Failure
C01440,L040,Type_C,leakage_current,9.199,9.604,10.179,10.814,50.0,Healthy
C01441,L041,Type_A,leakage_current,9.708,9.657,10.219,10.862,50.0,Healthy
C01442,L042,Type_A,leakage_current,9.656,9.72,10.17,10.595,50.0,Healthy
C01443,L043,Type_C,leakage_current,9.729,9.955,10.577,10.961,50.0,Healthy
C01444,L044,Type_A,leakage_current,10.437,10.284,10.82,11.098,50.0,Healthy
C01445,L045,Type_A,leakage_current,10.528,10.874,11.602,12.002,50.0,Healthy
C01446,L046,Type_A,leakage_current,9.707,9.791,10.266,10.682,50.0,Healthy
C01447,L047,Type_B,leakage_current,11.038,11.377,12.132,12.692,50.0,Healthy
C01448,L048,Type_A,leakage_current,9.698,9.75,10.218,11.376,50.0,Healthy
C01449,L049,Type_C,leakage_current,9.278,9.563,9.757,9.911,50.0,Healthy
C01450,L050,Type_A,leakage_current,10.454,11.804,30.846,41.318,50.0,Latent_Defect
C01451,L051,Type_B,leakage_current,10.178,12.154,32.54,44.064,50.0,Latent_Defect
C01452,L052,Type_B,leakage_current,10.193,10.561,11.059,11.72,50.0,Healthy
C01453,L053,Type_B,leakage_current,10.318,10.409,10.691,10.888,50.0,Healthy
C01454,L054,Type_B,leakage_current,10.866,13.705,35.694,57.596,50.0,Rapid_Drift
C01455,L055,Type_B,leakage_current,10.922,11.104,11.73,12.659,50.0,Healthy
C01456,L056,Type_A,leakage_current,9.877,10.245,10.489,10.698,50.0,Healthy
C01457,L057,Type_B,leakage_current,11.29,11.747,12.467,13.326,50.0,Healthy
C01458,L058,Type_A,leakage_current,10.938,16.698,34.085,51.819,50.0,Obvious_Failure
C01459,L059,Type_B,leakage_current,10.229,15.728,32.333,49.202,50.0,Obvious_Failure
C01460,L060,Type_A,leakage_current,9.85,9.985,10.615,11.201,50.0,Healthy
C01461,L061,Type_B,leakage_current,9.388,11.329,26.824,41.816,50.0,Latent_Defect
C01462,L062,Type_A,leakage_current,9.842,10.064,10.789,11.613,50.0,Healthy
C01463,L063,Type_A,leakage_current,10.526,10.791,11.37,11.935,50.0,Healthy
C01464,L064,Type_A,leakage_current,9.284,9.574,9.848,10.031,50.0,Healthy
C01465,L065,Type_A,leakage_current,10.266,10.371,11.132,11.742,50.0,Healthy
C01466,L066,Type_B,leakage_current,11.701,11.879,12.176,12.981,50.0,Healthy
C01467,L067,Type_A,leakage_current,9.922,10.244,10.713,10.923,50.0,Healthy
C01468,L068,Type_A,leakage_current,8.978,8.969,9.284,9.601,50.0,Healthy
C01469,L069,Type_A,leakage_current,9.621,9.885,10.566,11.114,50.0,Healthy
C01470,L070,Type_A,leakage_current,9.382,10.811,28.459,41.45,50.0,Latent_Defect
C01471,L071,Type_A,leakage_current,9.857,12.019,32.574,40.05,50.0,Latent_Defect
C01472,L072,Type_A,leakage_current,10.844,11.011,11.386,11.653,50.0,Healthy
C01473,L073,Type_A,leakage_current,9.987,10.162,10.824,11.236,50.0,Healthy
C01474,L074,Type_C,leakage_current,9.359,11.326,32.338,43.578,50.0,Latent_Defect
C01475,L075,Type_C,leakage_current,9.177,9.514,10.352,10.961,50.0,Healthy
C01476,L076,Type_C,leakage_current,9.643,9.904,10.813,11.346,50.0,Healthy
C01477,L077,Type_B,leakage_current,10.722,11.16,11.641,12.171,50.0,Healthy
C01478,L078,Type_B,leakage_current,10.178,12.112,30.142,38.843,50.0,Latent_Defect
C01479,L079,Type_A,leakage_current,10.108,10.315,10.879,11.481,50.0,Healthy
C01480,L080,Type_A,leakage_current,9.862,10.135,10.566,11.059,50.0,Healthy
C01481,L081,Type_A,leakage_current,10.609,10.819,11.363,12.165,50.0,Healthy
C01482,L082,Type_A,leakage_current,10.932,11.081,11.409,12.104,50.0,Healthy
C01483,L083,Type_B,leakage_current,10.835,11.083,11.75,12.196,50.0,Healthy
C01484,L084,Type_A,leakage_current,9.912,10.198,10.565,10.778,50.0,Healthy
C01485,L085,Type_A,leakage_current,10.781,10.903,11.413,11.746,50.0,Healthy
C01486,L086,Type_B,leakage_current,10.578,10.7,11.106,11.731,50.0,Healthy
C01487,L087,Type_A,leakage_current,10.86,11.099,11.863,12.325,50.0,Healthy
C01488,L088,Type_A,leakage_current,9.393,9.766,10.382,10.811,50.0,Healthy
C01489,L089,Type_B,leakage_current,10.199,10.359,11.339,11.847,50.0,Healthy
C01490,L090,Type_A,leakage_current,9.694,9.787,10.156,11.004,50.0,Healthy
C01491,L091,Type_C,leakage_current,9.435,9.607,10.086,10.678,50.0,Healthy
C01492,L092,Type_C,leakage_current,9.904,10.003,10.95,11.753,50.0,Healthy
C01493,L093,Type_B,leakage_current,11.787,18.951,40.738,61.943,50.0,Obvious_Failure
C01494,L094,Type_B,leakage_current,9.454,9.778,10.189,10.861,50.0,Healthy
C01495,L095,Type_A,leakage_current,9.401,9.511,10.264,10.879,50.0,Healthy
C01496,L096,Type_B,leakage_current,11.661,14.672,31.588,48.847,50.0,Rapid_Drift
C01497,L097,Type_B,leakage_current,11.698,11.947,12.911,13.91,50.0,Healthy
C01498,L098,Type_A,leakage_current,10.152,10.275,10.704,11.096,50.0,Healthy
C01499,L099,Type_C,leakage_current,9.65,9.827,10.431,10.737,50.0,Healthy
C01500,L100,Type_C,leakage_current,8.683,9.032,9.926,10.645,50.0,Healthy
C01501,L001,Type_B,leakage_current,11.26,11.55,12.351,13.207,50.0,Healthy
C01502,L002,Type_A,leakage_current,10.513,10.695,11.069,11.688,50.0,Healthy
C01503,L003,Type_B,leakage_current,10.46,10.573,10.909,11.135,50.0,Healthy
C01504,L004,Type_C,leakage_current,9.887,11.24,25.152,38.845,50.0,Latent_Defect
C01505,L005,Type_A,leakage_current,10.417,12.935,36.056,58.863,50.0,Rapid_Drift
C01506,L006,Type_A,leakage_current,9.066,9.001,9.422,9.767,50.0,Healthy
C01507,L007,Type_A,leakage_current,9.77,13.214,32.362,51.468,50.0,Rapid_Drift
C01508,L008,Type_C,leakage_current,8.859,9.06,9.613,9.987,50.0,Healthy
C01509,L009,Type_A,leakage_current,9.695,9.996,10.361,11.262,50.0,Healthy
C01510,L010,Type_A,leakage_current,10.057,10.275,10.921,11.78,50.0,Healthy
C01511,L011,Type_A,leakage_current,8.519,8.63,9.162,9.453,50.0,Healthy
C01512,L012,Type_A,leakage_current,9.916,9.91,10.438,10.663,50.0,Healthy
C01513,L013,Type_A,leakage_current,10.624,12.196,29.811,47.381,50.0,Latent_Defect
C01514,L014,Type_A,leakage_current,10.516,10.803,11.47,12.395,50.0,Healthy
C01515,L015,Type_C,leakage_current,9.603,9.849,10.454,11.336,50.0,Healthy
C01516,L016,Type_A,leakage_current,10.233,10.475,10.852,11.518,50.0,Healthy
C01517,L017,Type_A,leakage_current,9.038,9.296,9.651,9.763,50.0,Healthy
C01518,L018,Type_A,leakage_current,9.493,9.449,9.663,9.823,50.0,Healthy
C01519,L019,Type_B,leakage_current,10.195,10.379,11.16,12.058,50.0,Healthy
C01520,L020,Type_B,leakage_current,10.163,10.448,11.114,11.879,50.0,Healthy
C01521,L021,Type_B,leakage_current,10.239,10.376,10.652,11.035,50.0,Healthy
C01522,L022,Type_A,leakage_current,8.964,9.278,10.089,10.946,50.0,Healthy
C01523,L023,Type_A,leakage_current,10.162,10.61,11.536,12.459,50.0,Healthy
C01524,L024,Type_A,leakage_current,11.25,11.51,12.293,12.798,50.0,Healthy
C01525,L025,Type_A,leakage_current,9.461,9.635,10.043,10.467,50.0,Healthy
C01526,L026,Type_C,leakage_current,8.626,8.943,9.886,10.546,50.0,Healthy
C01527,L027,Type_B,leakage_current,10.372,10.55,10.994,11.436,50.0,Healthy
C01528,L028,Type_A,leakage_current,9.743,9.777,10.182,10.648,50.0,Healthy
C01529,L029,Type_C,leakage_current,9.936,11.583,25.066,38.148,50.0,Latent_Defect
C01530,L030,Type_A,leakage_current,10.269,10.585,11.573,12.364,50.0,Healthy
C01531,L031,Type_A,leakage_current,9.299,10.492,30.043,39.46,50.0,Latent_Defect
C01532,L032,Type_A,leakage_current,10.34,10.523,11.29,12.119,50.0,Healthy
C01533,L033,Type_A,leakage_current,8.654,8.917,9.373,9.89,50.0,Healthy
C01534,L034,Type_C,leakage_current,10.341,18.279,43.08,67.35,50.0,Obvious_Failure
C01535,L035,Type_A,leakage_current,9.212,9.592,10.383,11.309,50.0,Healthy
C01536,L036,Type_B,leakage_current,10.75,10.97,11.486,12.149,50.0,Healthy
C01537,L037,Type_A,leakage_current,9.073,9.27,9.882,10.693,50.0,Healthy
C01538,L038,Type_C,leakage_current,9.266,9.39,9.885,10.409,50.0,Healthy
C01539,L039,Type_C,leakage_current,10.35,12.213,25.166,38.588,50.0,Latent_Defect
C01540,L040,Type_C,leakage_current,9.307,9.326,9.753,10.123,50.0,Healthy
C01541,L041,Type_C,leakage_current,10.405,10.722,11.58,12.529,50.0,Healthy
C01542,L042,Type_A,leakage_current,10.527,10.603,11.048,11.233,50.0,Healthy
C01543,L043,Type_A,leakage_current,9.071,9.197,9.864,10.448,50.0,Healthy
C01544,L044,Type_B,leakage_current,11.366,11.283,11.583,12.168,50.0,Healthy
C01545,L045,Type_A,leakage_current,10.29,10.578,11.365,12.132,50.0,Healthy
C01546,L046,Type_A,leakage_current,10.46,12.848,32.094,50.971,50.0,Rapid_Drift
C01547,L047,Type_B,leakage_current,9.487,9.539,10.214,10.994,50.0,Healthy
C01548,L048,Type_A,leakage_current,8.831,9.106,9.633,9.796,50.0,Healthy
C01549,L049,Type_B,leakage_current,9.973,12.918,38.683,64.604,50.0,Rapid_Drift
C01550,L050,Type_C,leakage_current,8.706,8.647,9.092,9.82,50.0,Healthy
C01551,L051,Type_B,leakage_current,11.923,13.127,26.961,40.658,50.0,Latent_Defect
C01552,L052,Type_A,leakage_current,9.192,9.659,10.464,11.129,50.0,Healthy
C01553,L053,Type_A,leakage_current,11.463,11.613,12.177,12.663,50.0,Healthy
C01554,L054,Type_B,leakage_current,11.77,12.036,12.771,13.665,50.0,Healthy
C01555,L055,Type_A,leakage_current,10.124,14.749,29.738,43.576,50.0,Obvious_Failure
C01556,L056,Type_A,leakage_current,9.932,9.839,9.985,10.307,50.0,Healthy
C01557,L057,Type_A,leakage_current,10.869,13.131,26.309,39.366,50.0,Latent_Defect
C01558,L058,Type_C,leakage_current,10.753,10.94,11.717,12.438,50.0,Healthy
C01559,L059,Type_A,leakage_current,10.246,12.079,32.827,48.296,50.0,Latent_Defect
C01560,L060,Type_C,leakage_current,8.964,15.882,36.918,58.254,50.0,Obvious_Failure
C01561,L061,Type_A,leakage_current,9.731,9.943,10.455,10.876,50.0,Healthy
C01562,L062,Type_B,leakage_current,10.731,10.91,11.698,12.56,50.0,Healthy
C01563,L063,Type_B,leakage_current,9.195,9.578,10.28,11.099,50.0,Healthy
C01564,L064,Type_A,leakage_current,10.674,10.843,11.208,11.589,50.0,Healthy
C01565,L065,Type_B,leakage_current,11.09,11.299,12.236,13.159,50.0,Healthy
C01566,L066,Type_A,leakage_current,9.083,9.09,9.622,10.187,50.0,Healthy
C01567,L067,Type_A,leakage_current,10.904,10.814,11.114,11.161,50.0,Healthy
C01568,L068,Type_B,leakage_current,10.103,11.935,27.398,42.372,50.0,Latent_Defect
C01569,L069,Type_C,leakage_current,8.414,8.551,9.268,10.148,50.0,Healthy
C01570,L070,Type_C,leakage_current,8.974,9.074,9.524,10.085,50.0,Healthy
C01571,L071,Type_A,leakage_current,9.552,9.67,9.913,9.966,50.0,Healthy
C01572,L072,Type_B,leakage_current,10.14,10.372,10.578,11.049,50.0,Healthy
C01573,L073,Type_A,leakage_current,9.268,16.193,37.355,58.413,50.0,Obvious_Failure
C01574,L074,Type_A,leakage_current,9.813,10.222,11.08,11.761,50.0,Healthy
C01575,L075,Type_B,leakage_current,10.859,15.884,31.132,45.185,50.0,Obvious_Failure
C01576,L076,Type_A,leakage_current,9.38,9.671,10.015,10.304,50.0,Healthy
C01577,L077,Type_C,leakage_current,9.836,10.062,11.004,11.759,50.0,Healthy
C01578,L078,Type_A,leakage_current,10.304,10.447,10.995,11.629,50.0,Healthy
C01579,L079,Type_A,leakage_current,10.905,11.1,12.264,12.887,50.0,Healthy
C01580,L080,Type_A,leakage_current,8.939,9.243,9.63,10.536,50.0,Healthy
C01581,L081,Type_A,leakage_current,10.541,10.683,11.35,11.597,50.0,Healthy
C01582,L082,Type_B,leakage_current,11.003,11.351,11.804,12.245,50.0,Healthy
C01583,L083,Type_A,leakage_current,9.466,12.416,40.447,68.772,50.0,Rapid_Drift
C01584,L084,Type_C,leakage_current,8.782,8.895,9.509,10.118,50.0,Healthy
C01585,L085,Type_A,leakage_current,9.25,9.51,10.168,10.844,50.0,Healthy
C01586,L086,Type_B,leakage_current,11.662,11.738,12.634,13.3,50.0,Healthy
C01587,L087,Type_A,leakage_current,9.492,9.565,10.167,10.489,50.0,Healthy
C01588,L088,Type_A,leakage_current,10.773,12.781,29.984,44.508,50.0,Latent_Defect
C01589,L089,Type_A,leakage_current,10.303,10.431,10.663,10.957,50.0,Healthy
C01590,L090,Type_B,leakage_current,10.689,10.693,11.758,12.567,50.0,Healthy
C01591,L091,Type_C,leakage_current,10.273,11.758,27.335,42.446,50.0,Latent_Defect
C01592,L092,Type_C,leakage_current,10.467,10.818,11.421,12.437,50.0,Healthy
C01593,L093,Type_A,leakage_current,9.073,9.356,10.112,10.497,50.0,Healthy
C01594,L094,Type_A,leakage_current,10.017,10.232,10.367,10.896,50.0,Healthy
C01595,L095,Type_A,leakage_current,9.694,9.825,10.491,11.178,50.0,Healthy
C01596,L096,Type_A,leakage_current,10.604,10.549,10.773,11.588,50.0,Healthy
C01597,L097,Type_A,leakage_current,9.812,10.069,10.623,11.299,50.0,Healthy
C01598,L098,Type_A,leakage_current,9.39,9.729,10.31,11.045,50.0,Healthy
C01599,L099,Type_C,leakage_current,8.735,8.909,9.519,10.203,50.0,Healthy
C01600,L100,Type_B,leakage_current,10.805,11.162,11.745,12.478,50.0,Healthy
C01601,L001,Type_A,leakage_current,9.853,11.144,27.543,43.77,50.0,Latent_Defect
C01602,L002,Type_A,leakage_current,9.551,9.734,10.309,10.904,50.0,Healthy
C01603,L003,Type_B,leakage_current,10.532,10.507,10.684,10.867,50.0,Healthy
C01604,L004,Type_A,leakage_current,9.088,9.264,9.667,10.203,50.0,Healthy
C01605,L005,Type_A,leakage_current,8.774,9.066,9.713,10.405,50.0,Healthy
C01606,L006,Type_B,leakage_current,10.925,11.051,11.666,12.274,50.0,Healthy
C01607,L007,Type_A,leakage_current,9.966,9.823,10.261,10.834,50.0,Healthy
C01608,L008,Type_B,leakage_current,10.613,10.896,11.699,12.368,50.0,Healthy
C01609,L009,Type_A,leakage_current,10.439,10.642,11.026,11.68,50.0,Healthy
C01610,L010,Type_B,leakage_current,11.143,11.159,11.53,11.39,50.0,Healthy
C01611,L011,Type_A,leakage_current,10.445,10.633,11.376,11.737,50.0,Healthy
C01612,L012,Type_A,leakage_current,9.952,10.392,11.21,11.938,50.0,Healthy
C01613,L013,Type_C,leakage_current,9.285,9.46,10.357,11.059,50.0,Healthy
C01614,L014,Type_B,leakage_current,10.753,10.949,11.57,12.299,50.0,Healthy
C01615,L015,Type_B,leakage_current,11.294,11.579,12.347,12.989,50.0,Healthy
C01616,L016,Type_A,leakage_current,10.172,10.352,11.148,11.697,50.0,Healthy
C01617,L017,Type_A,leakage_current,9.789,11.25,28.722,40.495,50.0,Latent_Defect
C01618,L018,Type_B,leakage_current,10.363,10.477,10.842,11.484,50.0,Healthy
C01619,L019,Type_A,leakage_current,10.461,12.253,25.655,39.547,50.0,Latent_Defect
C01620,L020,Type_A,leakage_current,11.096,13.893,39.677,65.88,50.0,Rapid_Drift
C01621,L021,Type_A,leakage_current,9.747,10.182,10.623,11.3,50.0,Healthy
C01622,L022,Type_A,leakage_current,9.394,9.582,10.165,10.991,50.0,Healthy
C01623,L023,Type_C,leakage_current,9.161,9.411,9.83,10.285,50.0,Healthy
C01624,L024,Type_A,leakage_current,9.875,10.006,10.963,11.526,50.0,Healthy
C01625,L025,Type_B,leakage_current,10.902,12.704,27.56,39.442,50.0,Latent_Defect
C01626,L026,Type_A,leakage_current,9.279,12.824,38.801,64.939,50.0,Rapid_Drift
C01627,L027,Type_A,leakage_current,10.322,10.637,11.311,12.112,50.0,Healthy
C01628,L028,Type_A,leakage_current,8.89,10.384,22.938,35.739,50.0,Latent_Defect
C01629,L029,Type_A,leakage_current,10.194,10.338,10.956,11.188,50.0,Healthy
C01630,L030,Type_A,leakage_current,10.516,10.848,11.358,11.893,50.0,Healthy
C01631,L031,Type_B,leakage_current,10.367,10.572,11.301,12.3,50.0,Healthy
C01632,L032,Type_C,leakage_current,10.305,10.425,10.51,10.605,50.0,Healthy
C01633,L033,Type_B,leakage_current,11.157,11.457,12.105,12.785,50.0,Healthy
C01634,L034,Type_A,leakage_current,8.9,9.047,9.521,10.2,50.0,Healthy
C01635,L035,Type_A,leakage_current,10.213,10.323,10.592,10.717,50.0,Healthy
C01636,L036,Type_A,leakage_current,10.204,10.32,10.38,10.504,50.0,Healthy
C01637,L037,Type_B,leakage_current,10.931,11.065,11.316,11.665,50.0,Healthy
C01638,L038,Type_A,leakage_current,9.403,9.482,9.755,9.814,50.0,Healthy
C01639,L039,Type_B,leakage_current,11.216,11.392,12.116,12.643,50.0,Healthy
C01640,L040,Type_A,leakage_current,10.291,11.802,32.44,39.371,50.0,Latent_Defect
C01641,L041,Type_A,leakage_current,9.846,9.765,10.324,10.302,50.0,Healthy
C01642,L042,Type_B,leakage_current,10.839,11.225,11.996,12.496,50.0,Healthy
C01643,L043,Type_A,leakage_current,9.83,10.114,10.489,10.923,50.0,Healthy
C01644,L044,Type_A,leakage_current,8.713,8.97,9.401,9.956,50.0,Healthy
C01645,L045,Type_A,leakage_current,10.034,10.183,10.919,11.854,50.0,Healthy
C01646,L046,Type_B,leakage_current,11.717,11.781,11.596,12.11,50.0,Healthy
C01647,L047,Type_A,leakage_current,9.811,9.878,10.754,11.572,50.0,Healthy
C01648,L048,Type_C,leakage_current,8.532,15.561,37.021,57.826,50.0,Obvious_Failure
C01649,L049,Type_B,leakage_current,10.236,11.894,29.8,42.706,50.0,Latent_Defect
C01650,L050,Type_A,leakage_current,9.792,9.852,10.606,11.154,50.0,Healthy
C01651,L051,Type_B,leakage_current,9.887,9.907,10.352,11.254,50.0,Healthy
C01652,L052,Type_C,leakage_current,8.844,9.115,9.727,10.36,50.0,Healthy
C01653,L053,Type_A,leakage_current,9.787,13.073,32.835,51.901,50.0,Rapid_Drift
C01654,L054,Type_C,leakage_current,9.82,10.145,10.661,11.264,50.0,Healthy
C01655,L055,Type_A,leakage_current,10.316,10.53,11.139,11.73,50.0,Healthy
C01656,L056,Type_A,leakage_current,9.983,10.239,10.701,10.859,50.0,Healthy
C01657,L057,Type_A,leakage_current,10.078,10.37,11.144,11.544,50.0,Healthy
C01658,L058,Type_C,leakage_current,9.298,9.677,10.474,11.075,50.0,Healthy
C01659,L059,Type_A,leakage_current,10.745,10.914,11.34,11.671,50.0,Healthy
C01660,L060,Type_B,leakage_current,10.555,12.012,24.204,36.508,50.0,Latent_Defect
C01661,L061,Type_A,leakage_current,10.829,11.346,12.127,12.67,50.0,Healthy
C01662,L062,Type_B,leakage_current,10.681,11.122,11.804,12.567,50.0,Healthy
C01663,L063,Type_A,leakage_current,11.41,11.833,12.684,13.28,50.0,Healthy
C01664,L064,Type_A,leakage_current,8.401,8.589,9.153,9.969,50.0,Healthy
C01665,L065,Type_A,leakage_current,10.529,12.506,31.115,45.343,50.0,Latent_Defect
C01666,L066,Type_A,leakage_current,10.585,10.734,11.711,12.417,50.0,Healthy
C01667,L067,Type_C,leakage_current,9.15,9.226,9.745,10.326,50.0,Healthy
C01668,L068,Type_B,leakage_current,10.754,11.018,11.54,11.944,50.0,Healthy
C01669,L069,Type_C,leakage_current,9.538,9.638,9.975,10.379,50.0,Healthy
C01670,L070,Type_A,leakage_current,9.79,11.149,23.58,36.929,50.0,Latent_Defect
C01671,L071,Type_A,leakage_current,10.829,10.97,11.312,11.84,50.0,Healthy
C01672,L072,Type_A,leakage_current,8.888,8.877,9.55,10.152,50.0,Healthy
C01673,L073,Type_A,leakage_current,10.814,13.986,38.806,63.246,50.0,Rapid_Drift
C01674,L074,Type_A,leakage_current,10.601,10.912,11.783,12.561,50.0,Healthy
C01675,L075,Type_A,leakage_current,9.832,9.979,10.38,10.834,50.0,Healthy
C01676,L076,Type_C,leakage_current,9.51,9.683,10.09,10.502,50.0,Healthy
C01677,L077,Type_A,leakage_current,8.845,8.932,9.388,9.708,50.0,Healthy
C01678,L078,Type_B,leakage_current,11.283,12.423,30.121,43.851,50.0,Latent_Defect
C01679,L079,Type_C,leakage_current,9.756,12.784,39.118,65.506,50.0,Rapid_Drift
C01680,L080,Type_B,leakage_current,11.111,11.318,11.805,12.347,50.0,Healthy
C01681,L081,Type_A,leakage_current,9.704,9.79,10.47,11.206,50.0,Healthy
C01682,L082,Type_C,leakage_current,9.776,9.897,10.6,11.413,50.0,Healthy
C01683,L083,Type_C,leakage_current,9.913,10.109,10.727,11.402,50.0,Healthy
C01684,L084,Type_A,leakage_current,9.739,13.167,36.657,61.148,50.0,Rapid_Drift
C01685,L085,Type_A,leakage_current,9.782,9.929,10.599,11.606,50.0,Healthy
C01686,L086,Type_A,leakage_current,9.935,10.303,10.733,11.235,50.0,Healthy
C01687,L087,Type_A,leakage_current,9.308,9.31,9.346,10.275,50.0,Healthy
C01688,L088,Type_B,leakage_current,11.104,11.175,11.79,12.412,50.0,Healthy
C01689,L089,Type_B,leakage_current,9.391,9.717,10.58,11.221,50.0,Healthy
C01690,L090,Type_B,leakage_current,10.852,11.009,11.407,12.0,50.0,Healthy
C01691,L091,Type_B,leakage_current,11.034,11.118,11.359,11.661,50.0,Healthy
C01692,L092,Type_C,leakage_current,9.537,11.065,26.991,42.824,50.0,Latent_Defect
C01693,L093,Type_C,leakage_current,10.058,10.186,10.558,11.315,50.0,Healthy
C01694,L094,Type_B,leakage_current,10.42,10.613,11.591,12.224,50.0,Healthy
C01695,L095,Type_A,leakage_current,11.185,11.276,11.753,11.907,50.0,Healthy
C01696,L096,Type_A,leakage_current,10.562,10.991,12.039,12.979,50.0,Healthy
C01697,L097,Type_B,leakage_current,10.766,11.083,11.276,11.576,50.0,Healthy
C01698,L098,Type_A,leakage_current,9.85,10.075,10.427,11.203,50.0,Healthy
C01699,L099,Type_A,leakage_current,9.194,9.091,9.291,9.968,50.0,Healthy
C01700,L100,Type_C,leakage_current,8.727,9.093,9.669,10.624,50.0,Healthy
C01701,L001,Type_B,leakage_current,10.459,12.264,29.928,40.906,50.0,Latent_Defect
C01702,L002,Type_B,leakage_current,11.008,11.313,11.736,11.883,50.0,Healthy
C01703,L003,Type_C,leakage_current,8.879,9.078,9.829,10.318,50.0,Healthy
C01704,L004,Type_A,leakage_current,10.162,10.397,11.435,12.258,50.0,Healthy
C01705,L005,Type_B,leakage_current,11.481,11.7,11.769,12.008,50.0,Healthy
C01706,L006,Type_B,leakage_current,10.526,11.76,26.547,41.149,50.0,Latent_Defect
C01707,L007,Type_A,leakage_current,9.496,18.138,44.503,70.284,50.0,Obvious_Failure
C01708,L008,Type_A,leakage_current,10.988,13.581,27.621,41.03,50.0,Latent_Defect
C01709,L009,Type_A,leakage_current,9.251,10.882,26.053,40.264,50.0,Latent_Defect
C01710,L010,Type_B,leakage_current,11.157,11.526,12.208,12.863,50.0,Healthy
C01711,L011,Type_C,leakage_current,9.549,9.808,10.123,10.949,50.0,Healthy
C01712,L012,Type_A,leakage_current,9.829,11.351,30.948,44.318,50.0,Latent_Defect
C01713,L013,Type_B,leakage_current,10.139,10.276,10.669,11.211,50.0,Healthy
C01714,L014,Type_B,leakage_current,11.579,11.942,12.629,13.339,50.0,Healthy
C01715,L015,Type_A,leakage_current,10.04,10.348,11.232,11.612,50.0,Healthy
C01716,L016,Type_B,leakage_current,11.156,11.347,11.882,12.596,50.0,Healthy
C01717,L017,Type_A,leakage_current,10.84,11.142,11.661,11.857,50.0,Healthy
C01718,L018,Type_A,leakage_current,10.001,10.088,10.921,11.387,50.0,Healthy
C01719,L019,Type_C,leakage_current,10.207,10.339,10.686,11.126,50.0,Healthy
C01720,L020,Type_B,leakage_current,10.267,11.922,26.263,40.407,50.0,Latent_Defect
C01721,L021,Type_A,leakage_current,10.96,11.049,11.633,11.909,50.0,Healthy
C01722,L022,Type_A,leakage_current,9.924,9.991,10.281,10.852,50.0,Healthy
C01723,L023,Type_A,leakage_current,10.493,10.813,11.28,11.498,50.0,Healthy
C01724,L024,Type_B,leakage_current,10.601,10.716,11.305,11.651,50.0,Healthy
C01725,L025,Type_B,leakage_current,11.629,11.812,12.301,13.363,50.0,Healthy
C01726,L026,Type_C,leakage_current,9.095,9.494,10.391,11.075,50.0,Healthy
C01727,L027,Type_B,leakage_current,10.646,10.785,11.911,12.705,50.0,Healthy
C01728,L028,Type_A,leakage_current,10.5,10.639,11.182,12.155,50.0,Healthy
C01729,L029,Type_A,leakage_current,9.069,9.178,9.954,10.473,50.0,Healthy
C01730,L030,Type_A,leakage_current,11.208,11.209,11.777,12.405,50.0,Healthy
C01731,L031,Type_A,leakage_current,9.453,9.661,10.087,10.664,50.0,Healthy
C01732,L032,Type_C,leakage_current,9.614,10.576,28.055,43.099,50.0,Latent_Defect
C01733,L033,Type_A,leakage_current,9.522,12.595,31.736,50.823,50.0,Rapid_Drift
C01734,L034,Type_A,leakage_current,10.863,11.178,11.571,11.764,50.0,Healthy
C01735,L035,Type_B,leakage_current,10.207,10.368,10.799,11.398,50.0,Healthy
C01736,L036,Type_A,leakage_current,9.325,9.558,10.122,10.734,50.0,Healthy
C01737,L037,Type_C,leakage_current,8.558,8.937,9.62,10.287,50.0,Healthy
C01738,L038,Type_B,leakage_current,10.483,10.741,11.274,11.598,50.0,Healthy
C01739,L039,Type_A,leakage_current,10.337,10.908,11.618,12.564,50.0,Healthy
C01740,L040,Type_A,leakage_current,9.627,9.851,10.179,10.693,50.0,Healthy
C01741,L041,Type_A,leakage_current,10.251,10.523,11.206,12.254,50.0,Healthy
C01742,L042,Type_B,leakage_current,11.279,11.515,12.197,13.088,50.0,Healthy
C01743,L043,Type_A,leakage_current,10.103,10.258,10.993,11.929,50.0,Healthy
C01744,L044,Type_C,leakage_current,10.532,19.639,47.567,75.695,50.0,Obvious_Failure
C01745,L045,Type_B,leakage_current,10.336,10.586,11.558,12.062,50.0,Healthy
C01746,L046,Type_C,leakage_current,9.237,9.477,10.125,10.744,50.0,Healthy
C01747,L047,Type_A,leakage_current,10.193,10.372,11.407,11.772,50.0,Healthy
C01748,L048,Type_B,leakage_current,11.536,11.78,12.455,13.151,50.0,Healthy
C01749,L049,Type_B,leakage_current,10.692,10.732,11.345,12.044,50.0,Healthy
C01750,L050,Type_A,leakage_current,10.653,10.889,11.504,11.614,50.0,Healthy
C01751,L051,Type_A,leakage_current,9.904,10.046,10.544,10.973,50.0,Healthy
C01752,L052,Type_A,leakage_current,10.89,11.044,11.411,12.124,50.0,Healthy
C01753,L053,Type_A,leakage_current,9.367,9.593,9.886,10.461,50.0,Healthy
C01754,L054,Type_A,leakage_current,9.195,12.095,34.467,56.457,50.0,Rapid_Drift
C01755,L055,Type_B,leakage_current,8.776,9.094,9.519,10.242,50.0,Healthy
C01756,L056,Type_A,leakage_current,10.412,10.748,11.426,12.04,50.0,Healthy
C01757,L057,Type_A,leakage_current,10.603,10.992,11.878,12.786,50.0,Healthy
C01758,L058,Type_A,leakage_current,10.748,11.093,11.622,12.034,50.0,Healthy
C01759,L059,Type_B,leakage_current,9.778,10.129,10.389,10.601,50.0,Healthy
C01760,L060,Type_A,leakage_current,8.976,9.299,9.983,10.936,50.0,Healthy
C01761,L061,Type_C,leakage_current,8.688,8.815,9.502,9.828,50.0,Healthy
C01762,L062,Type_A,leakage_current,10.7,10.807,10.858,10.994,50.0,Healthy
C01763,L063,Type_C,leakage_current,9.424,9.571,9.998,10.383,50.0,Healthy
C01764,L064,Type_A,leakage_current,10.776,11.199,11.842,12.379,50.0,Healthy
C01765,L065,Type_A,leakage_current,10.672,10.863,11.672,12.128,50.0,Healthy
C01766,L066,Type_B,leakage_current,10.694,10.926,11.192,11.527,50.0,Healthy
C01767,L067,Type_B,leakage_current,10.56,12.518,32.757,42.147,50.0,Latent_Defect
C01768,L068,Type_B,leakage_current,11.145,11.275,11.578,11.488,50.0,Healthy
C01769,L069,Type_A,leakage_current,9.325,10.875,29.76,45.389,50.0,Latent_Defect
C01770,L070,Type_B,leakage_current,10.614,10.678,10.955,11.383,50.0,Healthy
C01771,L071,Type_A,leakage_current,10.008,10.301,11.141,11.634,50.0,Healthy
C01772,L072,Type_C,leakage_current,10.508,10.592,10.794,11.25,50.0,Healthy
C01773,L073,Type_B,leakage_current,10.419,10.752,11.619,12.431,50.0,Healthy
C01774,L074,Type_C,leakage_current,9.957,10.092,10.53,11.177,50.0,Healthy
C01775,L075,Type_C,leakage_current,9.471,9.761,10.055,10.638,50.0,Healthy
C01776,L076,Type_A,leakage_current,10.23,10.459,10.973,11.8,50.0,Healthy
C01777,L077,Type_A,leakage_current,10.534,12.908,31.972,46.406,50.0,Latent_Defect
C01778,L078,Type_C,leakage_current,9.666,10.77,27.628,44.268,50.0,Latent_Defect
C01779,L079,Type_A,leakage_current,9.999,10.293,10.95,11.767,50.0,Healthy
C01780,L080,Type_A,leakage_current,10.287,10.157,10.464,10.548,50.0,Healthy
C01781,L081,Type_A,leakage_current,9.992,10.401,11.449,12.253,50.0,Healthy
C01782,L082,Type_A,leakage_current,10.422,10.67,11.615,12.538,50.0,Healthy
C01783,L083,Type_B,leakage_current,10.098,15.507,32.201,48.584,50.0,Obvious_Failure
C01784,L084,Type_B,leakage_current,10.726,10.944,11.277,11.97,50.0,Healthy
C01785,L085,Type_A,leakage_current,10.24,12.272,28.403,42.448,50.0,Latent_Defect
C01786,L086,Type_A,leakage_current,10.03,10.281,10.533,11.108,50.0,Healthy
C01787,L087,Type_B,leakage_current,10.492,10.721,11.498,12.419,50.0,Healthy
C01788,L088,Type_A,leakage_current,9.727,9.91,10.704,11.339,50.0,Healthy
C01789,L089,Type_B,leakage_current,10.5,10.762,11.418,11.756,50.0,Healthy
C01790,L090,Type_A,leakage_current,10.469,10.598,10.989,11.363,50.0,Healthy
C01791,L091,Type_A,leakage_current,10.419,10.442,10.81,11.281,50.0,Healthy
C01792,L092,Type_A,leakage_current,10.419,10.663,11.595,12.191,50.0,Healthy
C01793,L093,Type_A,leakage_current,9.254,9.365,9.681,9.818,50.0,Healthy
C01794,L094,Type_A,leakage_current,10.71,11.044,12.18,13.108,50.0,Healthy
C01795,L095,Type_A,leakage_current,9.808,10.062,10.717,11.309,50.0,Healthy
C01796,L096,Type_C,leakage_current,9.807,9.922,10.289,10.674,50.0,Healthy
C01797,L097,Type_A,leakage_current,9.642,13.039,30.182,47.792,50.0,Rapid_Drift
C01798,L098,Type_B,leakage_current,10.573,10.635,11.418,12.088,50.0,Healthy
C01799,L099,Type_A,leakage_current,9.408,9.705,10.031,10.373,50.0,Healthy
C01800,L100,Type_B,leakage_current,10.314,10.464,10.98,11.468,50.0,Healthy
C01801,L001,Type_A,leakage_current,10.287,10.393,11.091,11.345,50.0,Healthy
C01802,L002,Type_A,leakage_current,9.454,9.62,10.182,10.815,50.0,Healthy
C01803,L003,Type_A,leakage_current,9.194,9.373,9.911,10.599,50.0,Healthy
C01804,L004,Type_C,leakage_current,9.296,9.394,9.598,10.009,50.0,Healthy
C01805,L005,Type_B,leakage_current,9.753,9.729,10.233,10.717,50.0,Healthy
C01806,L006,Type_A,leakage_current,10.052,10.202,10.388,10.715,50.0,Healthy
C01807,L007,Type_A,leakage_current,9.77,9.852,10.475,11.093,50.0,Healthy
C01808,L008,Type_B,leakage_current,10.281,10.517,11.494,11.964,50.0,Healthy
C01809,L009,Type_A,leakage_current,10.348,10.553,11.462,12.3,50.0,Healthy
C01810,L010,Type_A,leakage_current,9.941,10.089,10.672,11.343,50.0,Healthy
C01811,L011,Type_A,leakage_current,9.765,9.95,10.674,11.239,50.0,Healthy
C01812,L012,Type_C,leakage_current,10.052,10.396,11.387,12.149,50.0,Healthy
C01813,L013,Type_A,leakage_current,9.461,9.767,10.253,10.942,50.0,Healthy
C01814,L014,Type_B,leakage_current,11.262,11.461,12.008,12.657,50.0,Healthy
C01815,L015,Type_A,leakage_current,10.47,12.842,32.66,52.844,50.0,Rapid_Drift
C01816,L016,Type_A,leakage_current,10.197,18.559,43.384,68.039,50.0,Obvious_Failure
C01817,L017,Type_B,leakage_current,10.748,11.019,11.697,12.217,50.0,Healthy
C01818,L018,Type_A,leakage_current,10.047,10.103,10.489,10.696,50.0,Healthy
C01819,L019,Type_A,leakage_current,10.266,10.494,11.142,11.464,50.0,Healthy
C01820,L020,Type_A,leakage_current,10.318,10.45,11.05,11.89,50.0,Healthy
C01821,L021,Type_A,leakage_current,10.12,10.214,10.998,11.798,50.0,Healthy
C01822,L022,Type_A,leakage_current,10.138,10.456,11.092,11.864,50.0,Healthy
C01823,L023,Type_A,leakage_current,9.801,9.828,10.138,10.609,50.0,Healthy
C01824,L024,Type_B,leakage_current,10.261,12.205,29.308,45.555,50.0,Latent_Defect
C01825,L025,Type_A,leakage_current,10.639,10.665,10.912,11.011,50.0,Healthy
C01826,L026,Type_C,leakage_current,8.665,9.033,9.7,10.218,50.0,Healthy
C01827,L027,Type_A,leakage_current,10.031,10.146,10.976,11.899,50.0,Healthy
C01828,L028,Type_A,leakage_current,9.009,9.165,9.981,11.053,50.0,Healthy
C01829,L029,Type_A,leakage_current,9.413,11.379,31.791,40.926,50.0,Latent_Defect
C01830,L030,Type_C,leakage_current,10.144,10.43,11.487,12.5,50.0,Healthy
C01831,L031,Type_A,leakage_current,10.002,10.21,10.664,11.219,50.0,Healthy
C01832,L032,Type_B,leakage_current,10.275,10.493,10.963,11.831,50.0,Healthy
C01833,L033,Type_A,leakage_current,11.12,11.238,11.948,12.393,50.0,Healthy
C01834,L034,Type_A,leakage_current,9.705,9.685,10.249,10.274,50.0,Healthy
C01835,L035,Type_B,leakage_current,10.851,11.162,11.501,11.909,50.0,Healthy
C01836,L036,Type_B,leakage_current,12.178,12.463,12.986,13.662,50.0,Healthy
C01837,L037,Type_B,leakage_current,9.288,9.508,9.882,10.653,50.0,Healthy
C01838,L038,Type_A,leakage_current,9.789,9.924,10.68,11.597,50.0,Healthy
C01839,L039,Type_B,leakage_current,11.275,11.564,12.351,12.959,50.0,Healthy
C01840,L040,Type_A,leakage_current,9.892,10.006,10.443,10.954,50.0,Healthy
C01841,L041,Type_A,leakage_current,11.715,12.053,12.502,12.941,50.0,Healthy
C01842,L042,Type_A,leakage_current,9.945,10.241,11.008,11.812,50.0,Healthy
C01843,L043,Type_A,leakage_current,10.567,10.849,11.394,11.888,50.0,Healthy
C01844,L044,Type_B,leakage_current,10.953,12.203,24.095,36.493,50.0,Latent_Defect
C01845,L045,Type_A,leakage_current,9.344,9.653,10.2,10.692,50.0,Healthy
C01846,L046,Type_A,leakage_current,10.603,10.838,11.529,11.755,50.0,Healthy
C01847,L047,Type_A,leakage_current,9.973,9.913,10.143,10.458,50.0,Healthy
C01848,L048,Type_B,leakage_current,10.541,10.586,11.017,12.046,50.0,Healthy
C01849,L049,Type_A,leakage_current,9.525,9.767,10.315,10.724,50.0,Healthy
C01850,L050,Type_A,leakage_current,10.827,10.873,11.483,12.025,50.0,Healthy
C01851,L051,Type_A,leakage_current,9.919,10.239,11.318,12.181,50.0,Healthy
C01852,L052,Type_A,leakage_current,9.528,9.972,10.357,10.685,50.0,Healthy
C01853,L053,Type_B,leakage_current,10.754,10.901,11.513,12.396,50.0,Healthy
C01854,L054,Type_A,leakage_current,10.448,10.774,11.369,11.638,50.0,Healthy
C01855,L055,Type_A,leakage_current,10.289,10.413,11.181,12.023,50.0,Healthy
C01856,L056,Type_A,leakage_current,10.059,13.462,32.61,51.421,50.0,Rapid_Drift
C01857,L057,Type_A,leakage_current,10.491,19.477,46.878,74.462,50.0,Obvious_Failure
C01858,L058,Type_A,leakage_current,11.676,11.862,12.571,13.01,50.0,Healthy
C01859,L059,Type_B,leakage_current,11.226,11.266,11.987,13.153,50.0,Healthy
C01860,L060,Type_B,leakage_current,10.884,19.858,47.495,75.491,50.0,Obvious_Failure
C01861,L061,Type_A,leakage_current,9.3,9.399,10.113,10.971,50.0,Healthy
C01862,L062,Type_B,leakage_current,9.133,9.302,10.101,10.741,50.0,Healthy
C01863,L063,Type_B,leakage_current,11.689,11.877,12.428,13.022,50.0,Healthy
C01864,L064,Type_A,leakage_current,10.224,10.565,11.197,11.795,50.0,Healthy
C01865,L065,Type_B,leakage_current,10.535,10.621,11.002,11.426,50.0,Healthy
C01866,L066,Type_B,leakage_current,10.501,10.876,11.782,12.473,50.0,Healthy
C01867,L067,Type_B,leakage_current,11.38,11.72,12.199,12.576,50.0,Healthy
C01868,L068,Type_A,leakage_current,9.003,9.149,9.469,9.708,50.0,Healthy
C01869,L069,Type_B,leakage_current,9.699,9.813,10.364,11.034,50.0,Healthy
C01870,L070,Type_B,leakage_current,11.881,12.13,12.956,13.553,50.0,Healthy
C01871,L071,Type_B,leakage_current,11.479,11.607,12.512,13.236,50.0,Healthy
C01872,L072,Type_C,leakage_current,9.718,14.947,29.838,45.047,50.0,Obvious_Failure
C01873,L073,Type_C,leakage_current,8.97,10.52,31.41,42.641,50.0,Latent_Defect
C01874,L074,Type_A,leakage_current,11.153,11.404,11.491,11.6,50.0,Healthy
C01875,L075,Type_A,leakage_current,10.784,11.034,12.244,12.938,50.0,Healthy
C01876,L076,Type_B,leakage_current,11.732,12.246,12.833,13.447,50.0,Healthy
C01877,L077,Type_A,leakage_current,10.845,13.374,30.642,49.045,50.0,Rapid_Drift
C01878,L078,Type_B,leakage_current,11.407,11.62,11.875,12.567,50.0,Healthy
C01879,L079,Type_A,leakage_current,9.897,9.841,10.611,11.269,50.0,Healthy
C01880,L080,Type_A,leakage_current,10.382,16.135,33.399,50.592,50.0,Obvious_Failure
C01881,L081,Type_B,leakage_current,11.225,11.507,12.385,12.906,50.0,Healthy
C01882,L082,Type_A,leakage_current,10.072,10.41,11.238,11.463,50.0,Healthy
C01883,L083,Type_B,leakage_current,10.27,11.797,24.853,38.119,50.0,Latent_Defect
C01884,L084,Type_A,leakage_current,9.616,11.176,28.762,42.247,50.0,Latent_Defect
C01885,L085,Type_A,leakage_current,10.791,11.116,11.949,12.886,50.0,Healthy
C01886,L086,Type_A,leakage_current,9.297,9.397,10.021,10.415,50.0,Healthy
C01887,L087,Type_B,leakage_current,10.572,10.928,11.854,12.572,50.0,Healthy
C01888,L088,Type_A,leakage_current,9.866,16.973,38.215,59.846,50.0,Obvious_Failure
C01889,L089,Type_A,leakage_current,8.581,8.876,9.538,10.546,50.0,Healthy
C01890,L090,Type_A,leakage_current,10.138,10.346,10.841,11.185,50.0,Healthy
C01891,L091,Type_A,leakage_current,10.21,10.588,11.102,11.666,50.0,Healthy
C01892,L092,Type_B,leakage_current,10.63,10.809,11.321,12.18,50.0,Healthy
C01893,L093,Type_A,leakage_current,10.579,10.836,11.256,11.592,50.0,Healthy
C01894,L094,Type_A,leakage_current,10.115,10.268,10.785,11.618,50.0,Healthy
C01895,L095,Type_C,leakage_current,9.463,9.756,10.351,11.148,50.0,Healthy
C01896,L096,Type_A,leakage_current,10.778,10.785,11.393,11.863,50.0,Healthy
C01897,L097,Type_C,leakage_current,8.01,8.159,8.502,8.822,50.0,Healthy
C01898,L098,Type_B,leakage_current,11.709,11.932,12.174,12.645,50.0,Healthy
C01899,L099,Type_A,leakage_current,10.11,10.081,10.798,11.543,50.0,Healthy
C01900,L100,Type_A,leakage_current,8.9,8.961,9.429,10.139,50.0,Healthy
C01901,L001,Type_B,leakage_current,11.72,13.68,25.806,37.805,50.0,Latent_Defect
C01902,L002,Type_B,leakage_current,10.54,18.816,43.3,67.868,50.0,Obvious_Failure
C01903,L003,Type_A,leakage_current,10.745,10.85,11.056,10.989,50.0,Healthy
C01904,L004,Type_A,leakage_current,10.391,10.814,11.408,12.185,50.0,Healthy
C01905,L005,Type_B,leakage_current,11.116,11.381,12.013,12.184,50.0,Healthy
C01906,L006,Type_A,leakage_current,9.4,9.717,10.577,11.643,50.0,Healthy
C01907,L007,Type_A,leakage_current,10.069,11.6,28.349,44.821,50.0,Latent_Defect
C01908,L008,Type_A,leakage_current,9.584,11.407,26.792,38.841,50.0,Latent_Defect
C01909,L009,Type_A,leakage_current,10.345,12.867,32.173,42.982,50.0,Latent_Defect
C01910,L010,Type_A,leakage_current,10.607,12.257,30.305,44.848,50.0,Latent_Defect
C01911,L011,Type_A,leakage_current,9.221,11.12,26.966,39.099,50.0,Latent_Defect
C01912,L012,Type_A,leakage_current,10.236,11.664,29.357,39.418,50.0,Latent_Defect
C01913,L013,Type_A,leakage_current,9.518,9.693,9.844,10.337,50.0,Healthy
C01914,L014,Type_B,leakage_current,10.27,10.308,10.862,11.668,50.0,Healthy
C01915,L015,Type_B,leakage_current,11.323,11.527,12.148,12.585,50.0,Healthy
C01916,L016,Type_A,leakage_current,9.384,9.59,9.672,9.818,50.0,Healthy
C01917,L017,Type_C,leakage_current,8.922,9.155,9.645,10.037,50.0,Healthy
C01918,L018,Type_A,leakage_current,9.86,9.997,10.393,10.266,50.0,Healthy
C01919,L019,Type_B,leakage_current,10.657,10.949,11.619,12.42,50.0,Healthy
C01920,L020,Type_A,leakage_current,10.234,10.3,10.718,11.105,50.0,Healthy
C01921,L021,Type_B,leakage_current,10.66,10.926,11.677,12.367,50.0,Healthy
C01922,L022,Type_B,leakage_current,11.87,12.073,12.521,13.162,50.0,Healthy
C01923,L023,Type_A,leakage_current,10.839,13.065,30.753,38.113,50.0,Latent_Defect
C01924,L024,Type_A,leakage_current,10.052,10.355,10.868,11.843,50.0,Healthy
C01925,L025,Type_A,leakage_current,9.39,10.716,23.794,36.77,50.0,Latent_Defect
C01926,L026,Type_B,leakage_current,11.071,13.693,32.117,50.97,50.0,Rapid_Drift
C01927,L027,Type_A,leakage_current,9.222,9.301,9.644,10.036,50.0,Healthy
C01928,L028,Type_B,leakage_current,10.313,10.594,11.597,11.938,50.0,Healthy
C01929,L029,Type_C,leakage_current,10.105,13.505,38.045,62.206,50.0,Rapid_Drift
C01930,L030,Type_A,leakage_current,10.671,10.799,11.171,11.678,50.0,Healthy
C01931,L031,Type_A,leakage_current,9.397,9.688,10.274,10.586,50.0,Healthy
C01932,L032,Type_A,leakage_current,10.448,10.462,10.681,11.19,50.0,Healthy
C01933,L033,Type_A,leakage_current,10.666,13.993,41.64,68.944,50.0,Rapid_Drift
C01934,L034,Type_A,leakage_current,10.384,10.717,11.339,11.766,50.0,Healthy
C01935,L035,Type_A,leakage_current,10.565,10.753,11.567,11.937,50.0,Healthy
C01936,L036,Type_C,leakage_current,8.907,8.968,9.517,10.135,50.0,Healthy
C01937,L037,Type_A,leakage_current,10.376,12.324,27.335,42.208,50.0,Latent_Defect
C01938,L038,Type_A,leakage_current,9.146,9.31,10.086,10.801,50.0,Healthy
C01939,L039,Type_B,leakage_current,11.011,11.106,11.737,12.428,50.0,Healthy
C01940,L040,Type_B,leakage_current,10.709,11.007,11.755,12.499,50.0,Healthy
C01941,L041,Type_A,leakage_current,9.704,10.068,10.583,11.178,50.0,Healthy
C01942,L042,Type_A,leakage_current,9.256,9.359,9.784,10.28,50.0,Healthy
C01943,L043,Type_A,leakage_current,10.299,10.341,10.903,12.07,50.0,Healthy
C01944,L044,Type_A,leakage_current,9.596,17.627,42.486,67.058,50.0,Obvious_Failure
C01945,L045,Type_A,leakage_current,10.502,10.687,11.12,11.588,50.0,Healthy
C01946,L046,Type_A,leakage_current,10.003,9.829,10.005,10.532,50.0,Healthy
C01947,L047,Type_B,leakage_current,9.284,16.624,38.555,60.738,50.0,Obvious_Failure
C01948,L048,Type_C,leakage_current,10.363,10.558,11.087,11.597,50.0,Healthy
C01949,L049,Type_A,leakage_current,10.463,10.776,11.293,11.984,50.0,Healthy
C01950,L050,Type_B,leakage_current,10.124,12.449,33.266,46.205,50.0,Latent_Defect
C01951,L051,Type_B,leakage_current,11.345,11.362,11.595,11.572,50.0,Healthy
C01952,L052,Type_B,leakage_current,10.172,10.808,11.647,12.192,50.0,Healthy
C01953,L053,Type_B,leakage_current,10.938,11.13,11.507,11.456,50.0,Healthy
C01954,L054,Type_A,leakage_current,9.731,10.073,10.82,11.856,50.0,Healthy
C01955,L055,Type_A,leakage_current,10.461,10.771,11.546,12.209,50.0,Healthy
C01956,L056,Type_A,leakage_current,9.923,10.169,10.744,11.836,50.0,Healthy
C01957,L057,Type_C,leakage_current,10.004,10.221,11.012,11.673,50.0,Healthy
C01958,L058,Type_A,leakage_current,10.619,11.066,12.271,13.598,50.0,Healthy
C01959,L059,Type_B,leakage_current,10.205,10.662,11.305,11.949,50.0,Healthy
C01960,L060,Type_A,leakage_current,10.085,10.213,11.14,11.736,50.0,Healthy
C01961,L061,Type_A,leakage_current,9.888,13.639,40.737,68.004,50.0,Rapid_Drift
C01962,L062,Type_A,leakage_current,10.183,10.731,11.643,12.215,50.0,Healthy
C01963,L063,Type_A,leakage_current,9.249,12.428,38.517,64.221,50.0,Rapid_Drift
C01964,L064,Type_A,leakage_current,10.088,10.204,10.758,11.272,50.0,Healthy
C01965,L065,Type_A,leakage_current,11.107,10.954,11.329,11.852,50.0,Healthy
C01966,L066,Type_A,leakage_current,9.551,9.649,10.71,11.275,50.0,Healthy
C01967,L067,Type_B,leakage_current,9.914,10.05,10.866,11.672,50.0,Healthy
C01968,L068,Type_A,leakage_current,9.118,9.291,9.691,10.293,50.0,Healthy
C01969,L069,Type_B,leakage_current,10.824,17.044,35.446,54.401,50.0,Obvious_Failure
C01970,L070,Type_A,leakage_current,8.878,9.168,9.858,10.424,50.0,Healthy
C01971,L071,Type_C,leakage_current,8.664,8.969,9.495,10.065,50.0,Healthy
C01972,L072,Type_B,leakage_current,11.393,11.52,11.944,12.541,50.0,Healthy
C01973,L073,Type_C,leakage_current,10.291,12.49,25.642,38.928,50.0,Latent_Defect
C01974,L074,Type_A,leakage_current,9.707,12.082,31.538,46.759,50.0,Latent_Defect
C01975,L075,Type_A,leakage_current,9.556,9.465,10.061,10.162,50.0,Healthy
C01976,L076,Type_B,leakage_current,9.869,19.173,48.279,76.617,50.0,Obvious_Failure
C01977,L077,Type_B,leakage_current,12.203,12.317,12.563,13.095,50.0,Healthy
C01978,L078,Type_A,leakage_current,10.022,10.079,9.915,10.023,50.0,Healthy
C01979,L079,Type_A,leakage_current,10.178,10.104,10.522,10.688,50.0,Healthy
C01980,L080,Type_B,leakage_current,9.782,9.789,10.341,10.985,50.0,Healthy
C01981,L081,Type_A,leakage_current,9.169,9.502,9.865,10.456,50.0,Healthy
C01982,L082,Type_A,leakage_current,9.448,9.473,9.882,10.33,50.0,Healthy
C01983,L083,Type_A,leakage_current,9.93,10.073,10.544,11.05,50.0,Healthy
C01984,L084,Type_C,leakage_current,10.192,10.354,10.942,11.456,50.0,Healthy
C01985,L085,Type_A,leakage_current,8.573,16.825,40.694,64.916,50.0,Obvious_Failure
C01986,L086,Type_A,leakage_current,9.658,9.895,10.487,11.172,50.0,Healthy
C01987,L087,Type_A,leakage_current,10.41,10.638,11.176,11.757,50.0,Healthy
C01988,L088,Type_B,leakage_current,9.526,9.638,10.095,10.365,50.0,Healthy
C01989,L089,Type_C,leakage_current,9.882,10.098,10.99,11.546,50.0,Healthy
C01990,L090,Type_A,leakage_current,10.619,10.708,10.973,11.065,50.0,Healthy
C01991,L091,Type_A,leakage_current,9.94,10.119,10.714,11.631,50.0,Healthy
C01992,L092,Type_A,leakage_current,8.895,8.931,9.726,10.302,50.0,Healthy
C01993,L093,Type_A,leakage_current,10.105,10.263,10.65,11.081,50.0,Healthy
C01994,L094,Type_C,leakage_current,10.016,10.128,11.049,11.817,50.0,Healthy
C01995,L095,Type_A,leakage_current,9.484,9.701,9.847,10.198,50.0,Healthy
C01996,L096,Type_A,leakage_current,9.902,10.16,10.965,12.123,50.0,Healthy
C01997,L097,Type_A,leakage_current,10.027,10.034,10.744,11.21,50.0,Healthy
C01998,L098,Type_A,leakage_current,12.274,14.727,29.148,44.339,50.0,Latent_Defect
C01999,L099,Type_A,leakage_current,10.136,10.229,10.798,11.411,50.0,Healthy
C02000,L100,Type_B,leakage_current,11.144,11.709,12.368,13.275,50.0,Healthy
C02001,L001,Type_B,leakage_current,10.622,10.739,11.284,11.853,50.0,Healthy
C02002,L002,Type_C,leakage_current,10.167,10.545,11.644,12.463,50.0,Healthy
C02003,L003,Type_B,leakage_current,10.685,10.88,11.356,11.915,50.0,Healthy
C02004,L004,Type_A,leakage_current,9.235,9.6,10.304,11.013,50.0,Healthy
C02005,L005,Type_A,leakage_current,10.709,11.081,11.749,12.255,50.0,Healthy
C02006,L006,Type_A,leakage_current,9.845,10.023,10.621,11.238,50.0,Healthy
C02007,L007,Type_B,leakage_current,10.525,10.933,11.224,12.158,50.0,Healthy
C02008,L008,Type_A,leakage_current,10.498,12.043,31.977,40.624,50.0,Latent_Defect
C02009,L009,Type_A,leakage_current,10.241,10.366,10.876,11.319,50.0,Healthy
C02010,L010,Type_A,leakage_current,9.53,9.757,10.276,11.117,50.0,Healthy
C02011,L011,Type_A,leakage_current,9.394,9.612,10.152,10.268,50.0,Healthy
C02012,L012,Type_A,leakage_current,9.686,10.112,11.22,12.541,50.0,Healthy
C02013,L013,Type_A,leakage_current,10.446,10.548,11.068,11.288,50.0,Healthy
C02014,L014,Type_A,leakage_current,9.849,10.105,10.543,11.067,50.0,Healthy
C02015,L015,Type_B,leakage_current,10.688,10.993,11.845,12.65,50.0,Healthy
C02016,L016,Type_B,leakage_current,11.256,11.537,12.548,13.218,50.0,Healthy
C02017,L017,Type_A,leakage_current,10.452,10.528,11.115,11.938,50.0,Healthy
C02018,L018,Type_C,leakage_current,9.774,9.863,10.421,10.546,50.0,Healthy
C02019,L019,Type_C,leakage_current,8.82,10.908,29.193,44.166,50.0,Latent_Defect
C02020,L020,Type_A,leakage_current,10.262,10.156,10.804,11.197,50.0,Healthy
C02021,L021,Type_C,leakage_current,8.296,8.485,9.248,9.708,50.0,Healthy
C02022,L022,Type_A,leakage_current,10.258,10.644,11.754,13.098,50.0,Healthy
C02023,L023,Type_C,leakage_current,9.863,10.115,10.348,10.605,50.0,Healthy
C02024,L024,Type_A,leakage_current,9.122,9.434,10.497,11.544,50.0,Healthy
C02025,L025,Type_A,leakage_current,9.012,11.365,27.918,44.292,50.0,Latent_Defect
C02026,L026,Type_B,leakage_current,12.304,13.483,32.899,47.787,50.0,Latent_Defect
C02027,L027,Type_C,leakage_current,8.906,8.969,9.324,9.551,50.0,Healthy
C02028,L028,Type_A,leakage_current,10.075,10.092,11.054,11.687,50.0,Healthy
C02029,L029,Type_A,leakage_current,9.848,10.18,11.055,11.982,50.0,Healthy
C02030,L030,Type_A,leakage_current,10.224,10.342,10.536,10.944,50.0,Healthy
C02031,L031,Type_B,leakage_current,10.669,17.955,40.821,62.552,50.0,Obvious_Failure
C02032,L032,Type_A,leakage_current,9.673,9.617,10.316,11.211,50.0,Healthy
C02033,L033,Type_C,leakage_current,8.567,8.743,9.38,9.935,50.0,Healthy
C02034,L034,Type_B,leakage_current,10.313,10.531,11.269,11.959,50.0,Healthy
C02035,L035,Type_B,leakage_current,10.902,10.919,11.526,12.15,50.0,Healthy
C02036,L036,Type_A,leakage_current,9.475,9.461,9.909,10.38,50.0,Healthy
C02037,L037,Type_A,leakage_current,10.24,10.464,10.945,11.765,50.0,Healthy
C02038,L038,Type_B,leakage_current,10.145,10.474,11.328,12.249,50.0,Healthy
C02039,L039,Type_A,leakage_current,9.237,9.545,10.136,10.963,50.0,Healthy
C02040,L040,Type_A,leakage_current,10.792,11.062,11.903,12.646,50.0,Healthy
C02041,L041,Type_C,leakage_current,9.925,11.275,31.998,46.587,50.0,Latent_Defect
C02042,L042,Type_A,leakage_current,9.87,9.847,10.54,11.302,50.0,Healthy
C02043,L043,Type_A,leakage_current,10.835,10.806,11.541,12.056,50.0,Healthy
C02044,L044,Type_C,leakage_current,9.8,9.705,10.486,10.517,50.0,Healthy
C02045,L045,Type_B,leakage_current,10.558,12.646,31.219,39.976,50.0,Latent_Defect
C02046,L046,Type_A,leakage_current,9.442,9.374,9.289,9.779,50.0,Healthy
C02047,L047,Type_B,leakage_current,11.657,11.646,12.203,12.76,50.0,Healthy
C02048,L048,Type_B,leakage_current,9.951,10.109,10.235,10.585,50.0,Healthy
C02049,L049,Type_B,leakage_current,10.842,10.87,11.55,12.241,50.0,Healthy
C02050,L050,Type_A,leakage_current,10.334,12.468,25.155,37.296,50.0,Latent_Defect
C02051,L051,Type_A,leakage_current,9.62,9.652,9.84,10.177,50.0,Healthy
C02052,L052,Type_A,leakage_current,10.105,10.472,11.502,12.688,50.0,Healthy
C02053,L053,Type_B,leakage_current,11.194,13.781,41.376,68.96,50.0,Rapid_Drift
C02054,L054,Type_A,leakage_current,8.776,9.066,9.627,10.312,50.0,Healthy
C02055,L055,Type_A,leakage_current,10.762,10.917,11.092,11.257,50.0,Healthy
C02056,L056,Type_A,leakage_current,10.083,10.373,11.291,11.723,50.0,Healthy
C02057,L057,Type_A,leakage_current,11.221,11.4,11.798,12.272,50.0,Healthy
C02058,L058,Type_A,leakage_current,10.202,10.523,11.434,12.259,50.0,Healthy
C02059,L059,Type_A,leakage_current,9.937,10.254,10.912,11.77,50.0,Healthy
C02060,L060,Type_A,leakage_current,9.843,10.264,11.112,12.11,50.0,Healthy
C02061,L061,Type_A,leakage_current,9.557,9.938,11.114,11.952,50.0,Healthy
C02062,L062,Type_A,leakage_current,10.785,11.053,11.601,11.969,50.0,Healthy
C02063,L063,Type_A,leakage_current,9.191,11.394,24.898,38.241,50.0,Latent_Defect
C02064,L064,Type_A,leakage_current,10.593,11.074,12.048,12.715,50.0,Healthy
C02065,L065,Type_A,leakage_current,10.239,10.397,10.754,10.978,50.0,Healthy
C02066,L066,Type_B,leakage_current,11.838,12.036,12.175,12.846,50.0,Healthy
C02067,L067,Type_A,leakage_current,10.101,15.465,32.255,49.039,50.0,Obvious_Failure
C02068,L068,Type_A,leakage_current,9.061,9.067,9.622,9.957,50.0,Healthy
C02069,L069,Type_B,leakage_current,10.509,10.911,11.704,12.376,50.0,Healthy
C02070,L070,Type_A,leakage_current,8.993,9.089,9.521,9.765,50.0,Healthy
C02071,L071,Type_C,leakage_current,7.813,8.052,9.095,9.791,50.0,Healthy
C02072,L072,Type_A,leakage_current,9.375,9.378,9.945,10.443,50.0,Healthy
C02073,L073,Type_C,leakage_current,11.089,11.509,12.426,13.438,50.0,Healthy
C02074,L074,Type_B,leakage_current,10.507,10.699,10.929,11.166,50.0,Healthy
C02075,L075,Type_A,leakage_current,9.253,9.684,10.44,10.94,50.0,Healthy
C02076,L076,Type_A,leakage_current,10.817,11.179,11.943,12.602,50.0,Healthy
C02077,L077,Type_B,leakage_current,11.129,11.226,12.007,12.834,50.0,Healthy
C02078,L078,Type_A,leakage_current,9.92,10.266,11.346,12.32,50.0,Healthy
C02079,L079,Type_A,leakage_current,9.845,10.035,10.661,11.289,50.0,Healthy
C02080,L080,Type_B,leakage_current,9.754,11.992,27.641,40.414,50.0,Latent_Defect
C02081,L081,Type_C,leakage_current,9.884,10.165,10.893,11.967,50.0,Healthy
C02082,L082,Type_A,leakage_current,10.825,16.613,32.334,48.115,50.0,Obvious_Failure
C02083,L083,Type_A,leakage_current,9.217,9.553,10.493,10.913,50.0,Healthy
C02084,L084,Type_A,leakage_current,9.195,9.029,9.648,10.059,50.0,Healthy
C02085,L085,Type_C,leakage_current,10.137,12.842,33.471,54.113,50.0,Rapid_Drift
C02086,L086,Type_B,leakage_current,11.076,11.302,11.391,11.819,50.0,Healthy
C02087,L087,Type_C,leakage_current,9.465,9.726,10.629,11.458,50.0,Healthy
C02088,L088,Type_B,leakage_current,10.98,11.242,12.199,12.913,50.0,Healthy
C02089,L089,Type_C,leakage_current,9.133,9.379,9.786,10.516,50.0,Healthy
C02090,L090,Type_A,leakage_current,10.737,12.536,26.454,40.249,50.0,Latent_Defect
C02091,L091,Type_A,leakage_current,9.539,9.9,10.622,11.598,50.0,Healthy
C02092,L092,Type_A,leakage_current,10.048,10.444,10.935,11.451,50.0,Healthy
C02093,L093,Type_A,leakage_current,9.041,9.176,9.897,10.515,50.0,Healthy
C02094,L094,Type_B,leakage_current,10.042,10.278,10.774,11.051,50.0,Healthy
C02095,L095,Type_B,leakage_current,10.454,10.83,11.396,12.076,50.0,Healthy
C02096,L096,Type_A,leakage_current,10.314,10.558,11.096,11.553,50.0,Healthy
C02097,L097,Type_A,leakage_current,9.539,9.742,10.62,11.405,50.0,Healthy
C02098,L098,Type_B,leakage_current,11.622,11.919,12.871,13.784,50.0,Healthy
C02099,L099,Type_A,leakage_current,10.443,10.72,11.038,11.305,50.0,Healthy
C02100,L100,Type_A,leakage_current,9.972,9.958,10.252,10.763,50.0,Healthy
C02101,L001,Type_A,leakage_current,10.073,10.381,11.428,12.268,50.0,Healthy
C02102,L002,Type_A,leakage_current,10.086,10.476,11.053,12.413,50.0,Healthy
C02103,L003,Type_A,leakage_current,9.91,9.908,10.52,11.013,50.0,Healthy
C02104,L004,Type_A,leakage_current,10.842,11.244,11.679,12.098,50.0,Healthy
C02105,L005,Type_A,leakage_current,9.656,9.939,10.874,11.569,50.0,Healthy
C02106,L006,Type_A,leakage_current,11.298,11.59,12.284,12.989,50.0,Healthy
C02107,L007,Type_A,leakage_current,9.954,10.276,10.935,11.238,50.0,Healthy
C02108,L008,Type_C,leakage_current,8.101,8.338,9.159,10.065,50.0,Healthy
C02109,L009,Type_B,leakage_current,10.676,10.835,11.181,11.583,50.0,Healthy
C02110,L010,Type_B,leakage_current,11.517,11.663,12.446,13.459,50.0,Healthy
C02111,L011,Type_C,leakage_current,10.055,10.19,10.771,11.351,50.0,Healthy
C02112,L012,Type_C,leakage_current,8.773,8.758,9.079,9.539,50.0,Healthy
C02113,L013,Type_A,leakage_current,10.415,10.685,11.649,12.472,50.0,Healthy
C02114,L014,Type_B,leakage_current,10.219,13.552,42.398,70.452,50.0,Rapid_Drift
C02115,L015,Type_A,leakage_current,9.617,11.798,27.156,42.024,50.0,Latent_Defect
C02116,L016,Type_A,leakage_current,9.199,9.474,9.816,10.439,50.0,Healthy
C02117,L017,Type_B,leakage_current,10.183,12.713,38.483,63.937,50.0,Rapid_Drift
C02118,L018,Type_A,leakage_current,9.791,11.438,24.593,37.202,50.0,Latent_Defect
C02119,L019,Type_C,leakage_current,9.707,9.857,10.735,11.389,50.0,Healthy
C02120,L020,Type_B,leakage_current,10.017,14.055,36.009,57.683,50.0,Rapid_Drift
C02121,L021,Type_A,leakage_current,10.872,12.265,28.811,41.319,50.0,Latent_Defect
C02122,L022,Type_B,leakage_current,10.996,11.257,12.001,13.147,50.0,Healthy
C02123,L023,Type_B,leakage_current,11.491,11.423,11.717,11.848,50.0,Healthy
C02124,L024,Type_A,leakage_current,9.323,16.244,37.065,58.276,50.0,Obvious_Failure
C02125,L025,Type_B,leakage_current,10.342,10.469,10.885,11.409,50.0,Healthy
C02126,L026,Type_B,leakage_current,10.696,10.792,11.702,12.408,50.0,Healthy
C02127,L027,Type_A,leakage_current,9.988,10.13,10.459,11.346,50.0,Healthy
C02128,L028,Type_A,leakage_current,9.917,10.082,10.685,11.334,50.0,Healthy
C02129,L029,Type_C,leakage_current,10.172,10.598,11.471,12.041,50.0,Healthy
C02130,L030,Type_A,leakage_current,9.624,9.715,10.353,11.061,50.0,Healthy
C02131,L031,Type_B,leakage_current,10.696,10.958,11.901,12.3,50.0,Healthy
C02132,L032,Type_A,leakage_current,9.471,12.761,30.706,48.301,50.0,Rapid_Drift
C02133,L033,Type_A,leakage_current,11.053,11.155,11.601,12.323,50.0,Healthy
C02134,L034,Type_C,leakage_current,8.92,8.934,9.701,10.462,50.0,Healthy
C02135,L035,Type_B,leakage_current,10.491,10.677,11.143,11.759,50.0,Healthy
C02136,L036,Type_B,leakage_current,10.879,10.953,11.622,12.698,50.0,Healthy
C02137,L037,Type_C,leakage_current,10.319,11.902,26.932,39.495,50.0,Latent_Defect
C02138,L038,Type_A,leakage_current,9.387,9.594,9.983,10.762,50.0,Healthy
C02139,L039,Type_B,leakage_current,10.995,11.112,11.759,11.937,50.0,Healthy
C02140,L040,Type_A,leakage_current,10.968,19.117,44.145,69.266,50.0,Obvious_Failure
C02141,L041,Type_A,leakage_current,10.128,10.22,10.866,11.236,50.0,Healthy
C02142,L042,Type_A,leakage_current,10.293,10.506,11.372,12.122,50.0,Healthy
C02143,L043,Type_A,leakage_current,9.854,11.841,31.149,44.827,50.0,Latent_Defect
C02144,L044,Type_A,leakage_current,9.477,9.454,9.966,10.4,50.0,Healthy
C02145,L045,Type_B,leakage_current,10.835,11.077,11.911,12.565,50.0,Healthy
C02146,L046,Type_A,leakage_current,9.346,9.628,10.114,10.942,50.0,Healthy
C02147,L047,Type_A,leakage_current,10.203,10.494,11.187,12.215,50.0,Healthy
C02148,L048,Type_A,leakage_current,9.405,9.782,10.446,11.353,50.0,Healthy
C02149,L049,Type_A,leakage_current,10.28,10.502,11.199,11.952,50.0,Healthy
C02150,L050,Type_A,leakage_current,9.655,9.889,10.233,11.063,50.0,Healthy
C02151,L051,Type_A,leakage_current,10.22,10.451,11.171,11.51,50.0,Healthy
C02152,L052,Type_A,leakage_current,9.691,9.888,10.325,10.677,50.0,Healthy
C02153,L053,Type_A,leakage_current,9.662,9.856,10.61,11.447,50.0,Healthy
C02154,L054,Type_B,leakage_current,9.482,9.601,9.838,10.341,50.0,Healthy
C02155,L055,Type_B,leakage_current,10.963,12.97,30.351,39.873,50.0,Latent_Defect
C02156,L056,Type_A,leakage_current,9.235,10.783,23.236,36.089,50.0,Latent_Defect
C02157,L057,Type_A,leakage_current,9.456,9.7,10.695,11.478,50.0,Healthy
C02158,L058,Type_A,leakage_current,10.558,10.574,11.311,11.998,50.0,Healthy
C02159,L059,Type_B,leakage_current,10.333,10.391,10.437,10.603,50.0,Healthy
C02160,L060,Type_B,leakage_current,10.32,10.369,10.955,11.582,50.0,Healthy
C02161,L061,Type_B,leakage_current,10.969,11.264,12.011,12.793,50.0,Healthy
C02162,L062,Type_B,leakage_current,9.873,10.004,10.599,11.123,50.0,Healthy
C02163,L063,Type_A,leakage_current,10.507,19.589,46.605,73.866,50.0,Obvious_Failure
C02164,L064,Type_A,leakage_current,9.74,10.056,10.189,10.67,50.0,Healthy
C02165,L065,Type_A,leakage_current,9.499,9.745,10.261,11.113,50.0,Healthy
C02166,L066,Type_A,leakage_current,9.752,9.821,10.709,11.328,50.0,Healthy
C02167,L067,Type_A,leakage_current,10.286,13.397,35.806,58.175,50.0,Rapid_Drift
C02168,L068,Type_A,leakage_current,10.106,10.191,10.61,10.988,50.0,Healthy
C02169,L069,Type_B,leakage_current,10.912,11.38,11.916,12.414,50.0,Healthy
C02170,L070,Type_A,leakage_current,9.383,9.591,10.511,11.346,50.0,Healthy
C02171,L071,Type_A,leakage_current,10.035,10.302,10.753,11.006,50.0,Healthy
C02172,L072,Type_A,leakage_current,10.077,10.289,10.702,11.088,50.0,Healthy
C02173,L073,Type_A,leakage_current,9.872,10.039,10.5,11.229,50.0,Healthy
C02174,L074,Type_B,leakage_current,11.771,11.998,12.728,13.485,50.0,Healthy
C02175,L075,Type_A,leakage_current,9.665,9.925,10.553,10.949,50.0,Healthy
C02176,L076,Type_A,leakage_current,9.455,9.508,10.115,10.381,50.0,Healthy
C02177,L077,Type_A,leakage_current,10.091,9.879,10.1,10.575,50.0,Healthy
C02178,L078,Type_C,leakage_current,9.757,10.113,10.514,11.034,50.0,Healthy
C02179,L079,Type_A,leakage_current,9.752,9.983,10.383,10.525,50.0,Healthy
C02180,L080,Type_B,leakage_current,10.682,10.749,11.434,12.133,50.0,Healthy
C02181,L081,Type_A,leakage_current,9.162,9.461,10.204,10.967,50.0,Healthy
C02182,L082,Type_A,leakage_current,11.15,11.528,12.253,12.997,50.0,Healthy
C02183,L083,Type_B,leakage_current,10.457,10.743,11.571,12.725,50.0,Healthy
C02184,L084,Type_B,leakage_current,10.65,10.623,11.141,11.515,50.0,Healthy
C02185,L085,Type_A,leakage_current,10.537,10.709,11.94,12.857,50.0,Healthy
C02186,L086,Type_B,leakage_current,11.223,11.697,12.612,13.014,50.0,Healthy
C02187,L087,Type_A,leakage_current,10.144,10.646,11.139,11.884,50.0,Healthy
C02188,L088,Type_A,leakage_current,10.716,11.075,11.746,12.392,50.0,Healthy
C02189,L089,Type_B,leakage_current,10.312,10.31,10.894,11.522,50.0,Healthy
C02190,L090,Type_B,leakage_current,10.094,10.288,10.947,11.51,50.0,Healthy
C02191,L091,Type_A,leakage_current,10.453,12.921,31.952,51.055,50.0,Rapid_Drift
C02192,L092,Type_A,leakage_current,10.29,10.551,11.163,11.723,50.0,Healthy
C02193,L093,Type_C,leakage_current,9.555,9.705,10.033,10.341,50.0,Healthy
C02194,L094,Type_A,leakage_current,9.468,9.629,10.134,10.707,50.0,Healthy
C02195,L095,Type_A,leakage_current,9.788,10.041,10.524,11.524,50.0,Healthy
C02196,L096,Type_A,leakage_current,10.867,11.047,11.857,12.353,50.0,Healthy
C02197,L097,Type_C,leakage_current,9.352,9.551,10.274,10.975,50.0,Healthy
C02198,L098,Type_B,leakage_current,10.349,12.526,25.574,39.634,50.0,Latent_Defect
C02199,L099,Type_A,leakage_current,9.806,10.006,10.688,11.338,50.0,Healthy
C02200,L100,Type_B,leakage_current,11.118,11.419,12.294,12.824,50.0,Healthy
C02201,L001,Type_A,leakage_current,9.932,10.223,10.781,11.172,50.0,Healthy
C02202,L002,Type_A,leakage_current,9.74,9.778,10.383,11.102,50.0,Healthy
C02203,L003,Type_B,leakage_current,12.041,12.26,12.648,12.834,50.0,Healthy
C02204,L004,Type_B,leakage_current,11.076,11.277,11.917,12.625,50.0,Healthy
C02205,L005,Type_A,leakage_current,9.561,9.915,10.594,11.027,50.0,Healthy
C02206,L006,Type_B,leakage_current,10.585,10.678,10.903,10.852,50.0,Healthy
C02207,L007,Type_A,leakage_current,9.634,10.821,27.208,42.88,50.0,Latent_Defect
C02208,L008,Type_A,leakage_current,9.509,9.572,10.089,10.496,50.0,Healthy
C02209,L009,Type_B,leakage_current,11.684,11.884,12.168,12.49,50.0,Healthy
C02210,L010,Type_A,leakage_current,9.023,9.134,9.898,10.206,50.0,Healthy
C02211,L011,Type_B,leakage_current,10.664,10.796,11.362,11.934,50.0,Healthy
C02212,L012,Type_C,leakage_current,10.664,10.937,11.777,12.325,50.0,Healthy
C02213,L013,Type_A,leakage_current,11.398,11.566,12.16,12.887,50.0,Healthy
C02214,L014,Type_C,leakage_current,9.215,9.153,9.789,10.348,50.0,Healthy
C02215,L015,Type_A,leakage_current,9.818,9.777,10.279,10.502,50.0,Healthy
C02216,L016,Type_A,leakage_current,9.396,9.686,10.266,10.856,50.0,Healthy
C02217,L017,Type_A,leakage_current,9.902,10.105,10.746,11.311,50.0,Healthy
C02218,L018,Type_A,leakage_current,10.428,12.061,30.77,48.019,50.0,Latent_Defect
C02219,L019,Type_A,leakage_current,9.621,9.785,10.206,10.652,50.0,Healthy
C02220,L020,Type_A,leakage_current,9.92,10.117,10.703,10.9,50.0,Healthy
C02221,L021,Type_A,leakage_current,9.802,9.795,9.846,9.895,50.0,Healthy
C02222,L022,Type_A,leakage_current,9.999,10.017,10.683,11.293,50.0,Healthy
C02223,L023,Type_B,leakage_current,10.689,10.903,11.18,11.656,50.0,Healthy
C02224,L024,Type_A,leakage_current,9.38,9.436,9.79,10.339,50.0,Healthy
C02225,L025,Type_B,leakage_current,11.485,11.449,12.238,12.76,50.0,Healthy
C02226,L026,Type_A,leakage_current,10.299,10.578,10.875,11.366,50.0,Healthy
C02227,L027,Type_A,leakage_current,10.598,10.656,11.186,11.841,50.0,Healthy
C02228,L028,Type_C,leakage_current,9.898,10.199,10.999,11.66,50.0,Healthy
C02229,L029,Type_C,leakage_current,9.295,9.461,9.739,10.303,50.0,Healthy
C02230,L030,Type_A,leakage_current,10.414,10.641,11.26,11.66,50.0,Healthy
C02231,L031,Type_C,leakage_current,9.755,15.256,31.216,47.964,50.0,Obvious_Failure
C02232,L032,Type_A,leakage_current,9.335,9.658,10.58,11.044,50.0,Healthy
C02233,L033,Type_A,leakage_current,11.748,11.875,12.658,13.506,50.0,Healthy
C02234,L034,Type_B,leakage_current,11.262,11.493,12.416,13.173,50.0,Healthy
C02235,L035,Type_A,leakage_current,10.411,10.611,11.306,12.231,50.0,Healthy
C02236,L036,Type_A,leakage_current,10.145,10.131,10.345,10.612,50.0,Healthy
C02237,L037,Type_A,leakage_current,11.09,11.331,11.888,12.512,50.0,Healthy
C02238,L038,Type_B,leakage_current,10.9,11.148,11.592,12.029,50.0,Healthy
C02239,L039,Type_A,leakage_current,10.472,12.213,27.02,41.785,50.0,Latent_Defect
C02240,L040,Type_A,leakage_current,10.382,11.811,26.968,39.051,50.0,Latent_Defect
C02241,L041,Type_B,leakage_current,10.96,11.069,11.786,12.597,50.0,Healthy
C02242,L042,Type_A,leakage_current,9.601,9.811,10.357,10.749,50.0,Healthy
C02243,L043,Type_B,leakage_current,10.412,10.631,11.084,11.807,50.0,Healthy
C02244,L044,Type_A,leakage_current,11.389,11.62,12.491,12.992,50.0,Healthy
C02245,L045,Type_B,leakage_current,10.391,11.654,26.232,40.968,50.0,Latent_Defect
C02246,L046,Type_A,leakage_current,9.874,9.932,10.156,10.112,50.0,Healthy
C02247,L047,Type_B,leakage_current,11.035,11.169,11.903,12.651,50.0,Healthy
C02248,L048,Type_A,leakage_current,9.887,9.775,10.051,10.393,50.0,Healthy
C02249,L049,Type_A,leakage_current,9.187,9.429,9.923,10.168,50.0,Healthy
C02250,L050,Type_A,leakage_current,9.36,9.58,10.106,10.686,50.0,Healthy
C02251,L051,Type_A,leakage_current,9.489,18.194,43.857,70.267,50.0,Obvious_Failure
C02252,L052,Type_A,leakage_current,10.091,12.217,29.201,38.776,50.0,Latent_Defect
C02253,L053,Type_A,leakage_current,10.359,10.483,10.651,10.957,50.0,Healthy
C02254,L054,Type_A,leakage_current,11.525,13.245,30.166,44.967,50.0,Latent_Defect
C02255,L055,Type_A,leakage_current,10.04,10.429,11.147,11.759,50.0,Healthy
C02256,L056,Type_A,leakage_current,9.626,9.801,10.453,11.167,50.0,Healthy
C02257,L057,Type_A,leakage_current,9.644,9.972,10.462,11.007,50.0,Healthy
C02258,L058,Type_A,leakage_current,9.711,9.92,10.578,11.042,50.0,Healthy
C02259,L059,Type_B,leakage_current,10.799,10.751,11.33,11.929,50.0,Healthy
C02260,L060,Type_A,leakage_current,10.034,10.18,10.411,10.637,50.0,Healthy
C02261,L061,Type_A,leakage_current,9.157,9.139,9.968,10.901,50.0,Healthy
C02262,L062,Type_B,leakage_current,10.278,10.62,11.316,12.159,50.0,Healthy
C02263,L063,Type_B,leakage_current,10.293,10.524,10.968,11.531,50.0,Healthy
C02264,L064,Type_C,leakage_current,10.435,12.088,24.852,37.574,50.0,Latent_Defect
C02265,L065,Type_A,leakage_current,10.209,10.286,10.829,10.997,50.0,Healthy
C02266,L066,Type_A,leakage_current,10.097,10.395,11.052,11.753,50.0,Healthy
C02267,L067,Type_A,leakage_current,10.431,10.655,11.376,11.773,50.0,Healthy
C02268,L068,Type_B,leakage_current,11.974,12.311,12.883,13.489,50.0,Healthy
C02269,L069,Type_A,leakage_current,10.76,10.858,11.284,11.931,50.0,Healthy
C02270,L070,Type_A,leakage_current,11.02,11.091,11.601,12.103,50.0,Healthy
C02271,L071,Type_C,leakage_current,9.518,11.11,28.692,38.777,50.0,Latent_Defect
C02272,L072,Type_B,leakage_current,10.754,10.954,11.807,12.618,50.0,Healthy
C02273,L073,Type_A,leakage_current,9.215,9.449,10.043,10.26,50.0,Healthy
C02274,L074,Type_C,leakage_current,8.504,8.778,9.257,9.919,50.0,Healthy
C02275,L075,Type_A,leakage_current,9.377,9.46,9.706,9.882,50.0,Healthy
C02276,L076,Type_C,leakage_current,8.85,17.972,45.404,72.068,50.0,Obvious_Failure
C02277,L077,Type_A,leakage_current,10.393,10.654,11.145,11.548,50.0,Healthy
C02278,L078,Type_A,leakage_current,10.488,14.201,41.96,69.3,50.0,Rapid_Drift
C02279,L079,Type_A,leakage_current,10.63,10.712,11.115,11.629,50.0,Healthy
C02280,L080,Type_A,leakage_current,10.537,10.812,11.359,12.039,50.0,Healthy
C02281,L081,Type_B,leakage_current,11.28,11.348,11.748,12.065,50.0,Healthy
C02282,L082,Type_B,leakage_current,11.351,11.65,12.314,12.526,50.0,Healthy
C02283,L083,Type_B,leakage_current,11.14,11.237,12.02,12.426,50.0,Healthy
C02284,L084,Type_A,leakage_current,8.065,10.771,37.434,64.473,50.0,Rapid_Drift
C02285,L085,Type_A,leakage_current,10.992,11.288,11.895,12.084,50.0,Healthy
C02286,L086,Type_B,leakage_current,10.072,10.33,10.884,11.319,50.0,Healthy
C02287,L087,Type_A,leakage_current,9.649,9.834,10.556,11.479,50.0,Healthy
C02288,L088,Type_A,leakage_current,10.569,10.693,11.348,11.898,50.0,Healthy
C02289,L089,Type_A,leakage_current,9.364,9.658,9.889,10.455,50.0,Healthy
C02290,L090,Type_A,leakage_current,9.804,9.887,10.579,10.962,50.0,Healthy
C02291,L091,Type_A,leakage_current,10.412,10.597,11.547,12.403,50.0,Healthy
C02292,L092,Type_A,leakage_current,10.609,10.659,11.256,11.538,50.0,Healthy
C02293,L093,Type_A,leakage_current,10.0,10.131,10.453,10.916,50.0,Healthy
C02294,L094,Type_B,leakage_current,11.419,11.667,12.451,13.05,50.0,Healthy
C02295,L095,Type_A,leakage_current,9.486,9.826,11.056,12.454,50.0,Healthy
C02296,L096,Type_B,leakage_current,10.893,10.995,11.51,11.801,50.0,Healthy
C02297,L097,Type_A,leakage_current,9.681,11.944,28.41,39.119,50.0,Latent_Defect
C02298,L098,Type_B,leakage_current,10.85,11.027,11.711,12.131,50.0,Healthy
C02299,L099,Type_A,leakage_current,10.055,10.094,10.643,11.351,50.0,Healthy
C02300,L100,Type_A,leakage_current,9.618,9.723,10.394,10.892,50.0,Healthy
C02301,L001,Type_A,leakage_current,10.249,10.456,11.105,11.442,50.0,Healthy
C02302,L002,Type_B,leakage_current,10.118,10.464,10.914,11.651,50.0,Healthy
C02303,L003,Type_B,leakage_current,11.41,11.761,12.779,13.768,50.0,Healthy
C02304,L004,Type_B,leakage_current,10.212,10.496,10.983,11.677,50.0,Healthy
C02305,L005,Type_A,leakage_current,9.885,10.323,10.796,11.515,50.0,Healthy
C02306,L006,Type_A,leakage_current,9.119,9.388,10.103,11.092,50.0,Healthy
C02307,L007,Type_A,leakage_current,9.78,13.473,39.632,65.678,50.0,Rapid_Drift
C02308,L008,Type_B,leakage_current,10.833,11.079,11.686,12.25,50.0,Healthy
C02309,L009,Type_A,leakage_current,9.468,9.586,10.1,10.663,50.0,Healthy
C02310,L010,Type_A,leakage_current,10.54,12.66,30.72,41.103,50.0,Latent_Defect
C02311,L011,Type_B,leakage_current,11.308,11.498,12.086,12.716,50.0,Healthy
C02312,L012,Type_A,leakage_current,9.528,9.754,10.133,10.582,50.0,Healthy
C02313,L013,Type_A,leakage_current,10.866,11.131,12.006,12.888,50.0,Healthy
C02314,L014,Type_A,leakage_current,10.46,10.599,10.861,11.455,50.0,Healthy
C02315,L015,Type_C,leakage_current,8.533,8.687,9.228,10.17,50.0,Healthy
C02316,L016,Type_A,leakage_current,9.954,13.722,41.065,68.368,50.0,Rapid_Drift
C02317,L017,Type_B,leakage_current,11.064,11.248,11.387,11.554,50.0,Healthy
C02318,L018,Type_A,leakage_current,10.129,10.474,11.382,12.032,50.0,Healthy
C02319,L019,Type_C,leakage_current,7.547,7.589,8.198,8.897,50.0,Healthy
C02320,L020,Type_C,leakage_current,9.084,9.325,10.264,11.216,50.0,Healthy
C02321,L021,Type_B,leakage_current,10.595,10.999,11.745,12.681,50.0,Healthy
C02322,L022,Type_A,leakage_current,8.896,11.037,30.949,45.943,50.0,Latent_Defect
C02323,L023,Type_A,leakage_current,10.422,10.7,11.377,12.307,50.0,Healthy
C02324,L024,Type_A,leakage_current,9.687,11.304,26.908,41.967,50.0,Latent_Defect
C02325,L025,Type_C,leakage_current,9.038,9.378,9.393,9.649,50.0,Healthy
C02326,L026,Type_A,leakage_current,9.962,10.191,10.576,11.27,50.0,Healthy
C02327,L027,Type_A,leakage_current,10.6,10.81,11.011,11.654,50.0,Healthy
C02328,L028,Type_A,leakage_current,10.859,10.921,11.263,11.835,50.0,Healthy
C02329,L029,Type_C,leakage_current,9.47,10.915,28.723,44.637,50.0,Latent_Defect
C02330,L030,Type_C,leakage_current,9.734,9.852,10.376,10.774,50.0,Healthy
C02331,L031,Type_A,leakage_current,10.461,10.57,10.999,11.261,50.0,Healthy
C02332,L032,Type_C,leakage_current,9.492,9.68,10.245,10.594,50.0,Healthy
C02333,L033,Type_B,leakage_current,10.358,10.454,11.056,11.68,50.0,Healthy
C02334,L034,Type_A,leakage_current,9.877,10.06,11.143,11.596,50.0,Healthy
C02335,L035,Type_C,leakage_current,8.716,12.227,30.306,48.07,50.0,Rapid_Drift
C02336,L036,Type_A,leakage_current,10.427,10.569,11.358,12.078,50.0,Healthy
C02337,L037,Type_B,leakage_current,11.996,13.627,31.458,38.874,50.0,Latent_Defect
C02338,L038,Type_B,leakage_current,10.285,16.345,33.191,51.046,50.0,Obvious_Failure
C02339,L039,Type_C,leakage_current,9.78,9.932,10.721,11.383,50.0,Healthy
C02340,L040,Type_B,leakage_current,9.904,10.103,10.553,11.106,50.0,Healthy
C02341,L041,Type_A,leakage_current,9.174,9.218,9.568,9.863,50.0,Healthy
C02342,L042,Type_B,leakage_current,10.518,10.446,10.884,11.136,50.0,Healthy
C02343,L043,Type_A,leakage_current,9.24,11.245,25.429,39.127,50.0,Latent_Defect
C02344,L044,Type_A,leakage_current,10.307,10.661,11.127,11.906,50.0,Healthy
C02345,L045,Type_A,leakage_current,9.511,9.732,10.179,10.962,50.0,Healthy
C02346,L046,Type_A,leakage_current,9.638,9.695,10.189,10.664,50.0,Healthy
C02347,L047,Type_A,leakage_current,9.884,10.155,11.023,11.621,50.0,Healthy
C02348,L048,Type_B,leakage_current,11.507,13.742,25.863,38.294,50.0,Latent_Defect
C02349,L049,Type_B,leakage_current,11.149,13.475,35.895,57.816,50.0,Rapid_Drift
C02350,L050,Type_A,leakage_current,10.006,10.135,10.409,10.778,50.0,Healthy
C02351,L051,Type_B,leakage_current,11.878,11.901,12.003,11.865,50.0,Healthy
C02352,L052,Type_C,leakage_current,10.11,10.313,10.586,10.796,50.0,Healthy
C02353,L053,Type_C,leakage_current,9.289,9.312,9.558,9.833,50.0,Healthy
C02354,L054,Type_B,leakage_current,11.414,11.523,11.749,12.523,50.0,Healthy
C02355,L055,Type_C,leakage_current,9.343,9.306,10.003,10.369,50.0,Healthy
C02356,L056,Type_A,leakage_current,10.217,10.421,10.969,11.307,50.0,Healthy
C02357,L057,Type_C,leakage_current,9.288,9.452,10.196,11.133,50.0,Healthy
C02358,L058,Type_B,leakage_current,11.159,11.57,11.893,12.35,50.0,Healthy
C02359,L059,Type_A,leakage_current,9.161,10.595,28.579,46.582,50.0,Latent_Defect
C02360,L060,Type_A,leakage_current,10.546,10.857,11.716,12.697,50.0,Healthy
C02361,L061,Type_A,leakage_current,10.044,10.225,10.729,11.329,50.0,Healthy
C02362,L062,Type_A,leakage_current,11.431,11.679,12.362,13.607,50.0,Healthy
C02363,L063,Type_B,leakage_current,10.235,18.993,46.048,73.32,50.0,Obvious_Failure
C02364,L064,Type_B,leakage_current,11.416,11.878,12.429,12.926,50.0,Healthy
C02365,L065,Type_C,leakage_current,8.674,8.901,9.891,11.218,50.0,Healthy
C02366,L066,Type_A,leakage_current,9.903,11.754,25.074,38.019,50.0,Latent_Defect
C02367,L067,Type_A,leakage_current,10.027,10.28,11.154,11.987,50.0,Healthy
C02368,L068,Type_A,leakage_current,10.694,11.03,11.845,12.322,50.0,Healthy
C02369,L069,Type_A,leakage_current,11.085,11.399,12.276,12.424,50.0,Healthy
C02370,L070,Type_C,leakage_current,10.132,10.248,10.804,11.244,50.0,Healthy
C02371,L071,Type_A,leakage_current,8.647,8.951,9.594,10.304,50.0,Healthy
C02372,L072,Type_A,leakage_current,10.368,10.659,11.486,12.202,50.0,Healthy
C02373,L073,Type_A,leakage_current,9.736,10.017,10.724,10.932,50.0,Healthy
C02374,L074,Type_A,leakage_current,9.794,10.11,11.031,11.895,50.0,Healthy
C02375,L075,Type_A,leakage_current,10.305,10.54,11.481,12.276,50.0,Healthy
C02376,L076,Type_A,leakage_current,10.494,10.784,11.509,12.025,50.0,Healthy
C02377,L077,Type_C,leakage_current,8.151,8.355,8.947,9.425,50.0,Healthy
C02378,L078,Type_C,leakage_current,10.353,17.808,40.119,62.835,50.0,Obvious_Failure
C02379,L079,Type_A,leakage_current,10.526,10.636,11.224,12.17,50.0,Healthy
C02380,L080,Type_C,leakage_current,8.978,9.199,9.939,10.875,50.0,Healthy
C02381,L081,Type_A,leakage_current,9.764,11.812,26.034,40.548,50.0,Latent_Defect
C02382,L082,Type_B,leakage_current,10.937,10.986,11.329,11.581,50.0,Healthy
C02383,L083,Type_A,leakage_current,9.429,9.751,10.488,11.309,50.0,Healthy
C02384,L084,Type_B,leakage_current,10.635,10.837,11.372,11.858,50.0,Healthy
C02385,L085,Type_A,leakage_current,9.384,9.557,10.014,10.704,50.0,Healthy
C02386,L086,Type_A,leakage_current,10.288,10.549,10.949,11.569,50.0,Healthy
C02387,L087,Type_B,leakage_current,10.595,11.006,12.141,13.08,50.0,Healthy
C02388,L088,Type_B,leakage_current,11.179,13.121,32.607,40.865,50.0,Latent_Defect
C02389,L089,Type_C,leakage_current,9.241,9.479,10.143,10.877,50.0,Healthy
C02390,L090,Type_A,leakage_current,10.65,10.863,11.958,12.946,50.0,Healthy
C02391,L091,Type_B,leakage_current,10.792,10.991,11.373,11.715,50.0,Healthy
C02392,L092,Type_A,leakage_current,9.94,12.967,33.677,54.32,50.0,Rapid_Drift
C02393,L093,Type_A,leakage_current,10.216,10.202,10.947,11.459,50.0,Healthy
C02394,L094,Type_A,leakage_current,10.008,10.121,10.39,10.878,50.0,Healthy
C02395,L095,Type_A,leakage_current,9.006,9.234,9.616,10.015,50.0,Healthy
C02396,L096,Type_C,leakage_current,10.121,10.268,10.758,11.398,50.0,Healthy
C02397,L097,Type_B,leakage_current,10.271,10.282,10.687,11.087,50.0,Healthy
C02398,L098,Type_B,leakage_current,10.704,12.179,27.162,42.892,50.0,Latent_Defect
C02399,L099,Type_B,leakage_current,10.87,10.94,11.386,12.001,50.0,Healthy
C02400,L100,Type_B,leakage_current,11.318,11.743,12.932,13.857,50.0,Healthy
C02401,L001,Type_A,leakage_current,10.557,10.783,11.563,12.381,50.0,Healthy
C02402,L002,Type_A,leakage_current,9.888,11.455,29.504,43.092,50.0,Latent_Defect
C02403,L003,Type_A,leakage_current,9.387,9.502,10.603,11.431,50.0,Healthy
C02404,L004,Type_B,leakage_current,10.204,11.668,30.79,47.62,50.0,Latent_Defect
C02405,L005,Type_B,leakage_current,11.475,13.905,28.409,42.984,50.0,Latent_Defect
C02406,L006,Type_A,leakage_current,10.453,13.777,31.891,49.751,50.0,Rapid_Drift
C02407,L007,Type_A,leakage_current,9.515,9.741,10.401,10.858,50.0,Healthy
C02408,L008,Type_B,leakage_current,12.76,15.259,41.382,67.628,50.0,Rapid_Drift
C02409,L009,Type_A,leakage_current,9.305,9.61,10.259,10.979,50.0,Healthy
C02410,L010,Type_A,leakage_current,9.249,9.17,9.639,10.29,50.0,Healthy
C02411,L011,Type_A,leakage_current,9.663,9.786,10.122,10.672,50.0,Healthy
C02412,L012,Type_A,leakage_current,10.906,11.04,11.771,12.434,50.0,Healthy
C02413,L013,Type_A,leakage_current,9.137,9.276,9.936,10.581,50.0,Healthy
C02414,L014,Type_A,leakage_current,8.826,8.785,9.298,9.761,50.0,Healthy
C02415,L015,Type_B,leakage_current,10.749,12.933,28.818,44.906,50.0,Latent_Defect
C02416,L016,Type_A,leakage_current,10.678,10.818,11.295,11.868,50.0,Healthy
C02417,L017,Type_B,leakage_current,10.824,12.329,25.856,38.88,50.0,Latent_Defect
C02418,L018,Type_A,leakage_current,9.94,10.277,10.883,11.646,50.0,Healthy
C02419,L019,Type_B,leakage_current,10.452,14.167,39.461,64.549,50.0,Rapid_Drift
C02420,L020,Type_A,leakage_current,9.79,9.942,10.642,10.829,50.0,Healthy
C02421,L021,Type_B,leakage_current,11.129,11.42,12.339,13.26,50.0,Healthy
C02422,L022,Type_A,leakage_current,10.0,10.284,10.944,11.796,50.0,Healthy
C02423,L023,Type_C,leakage_current,9.87,11.59,29.439,43.067,50.0,Latent_Defect
C02424,L024,Type_A,leakage_current,9.613,9.936,10.369,10.884,50.0,Healthy
C02425,L025,Type_A,leakage_current,9.113,9.196,9.483,9.812,50.0,Healthy
C02426,L026,Type_B,leakage_current,11.381,11.41,11.488,11.84,50.0,Healthy
C02427,L027,Type_A,leakage_current,10.009,10.416,11.216,11.711,50.0,Healthy
C02428,L028,Type_B,leakage_current,12.858,13.063,13.777,14.395,50.0,Healthy
C02429,L029,Type_B,leakage_current,10.334,10.435,10.807,11.239,50.0,Healthy
C02430,L030,Type_B,leakage_current,10.249,10.477,10.825,11.468,50.0,Healthy
C02431,L031,Type_A,leakage_current,10.291,10.527,10.887,11.271,50.0,Healthy
C02432,L032,Type_B,leakage_current,11.35,11.527,11.511,11.624,50.0,Healthy
C02433,L033,Type_A,leakage_current,9.809,9.939,10.445,10.42,50.0,Healthy
C02434,L034,Type_B,leakage_current,11.143,11.529,12.321,12.915,50.0,Healthy
C02435,L035,Type_A,leakage_current,11.124,11.101,11.777,12.404,50.0,Healthy
C02436,L036,Type_B,leakage_current,11.748,11.939,12.491,13.581,50.0,Healthy
C02437,L037,Type_B,leakage_current,10.561,10.854,11.52,12.158,50.0,Healthy
C02438,L038,Type_A,leakage_current,9.955,10.14,10.643,10.84,50.0,Healthy
C02439,L039,Type_A,leakage_current,9.776,10.153,10.558,10.793,50.0,Healthy
C02440,L040,Type_C,leakage_current,10.741,11.162,12.139,12.607,50.0,Healthy
C02441,L041,Type_A,leakage_current,9.246,9.332,9.542,9.943,50.0,Healthy
C02442,L042,Type_A,leakage_current,9.6,9.85,10.309,10.503,50.0,Healthy
C02443,L043,Type_C,leakage_current,8.075,10.58,30.783,38.423,50.0,Latent_Defect
C02444,L044,Type_A,leakage_current,9.317,9.429,9.75,9.937,50.0,Healthy
C02445,L045,Type_B,leakage_current,10.634,12.814,29.547,44.856,50.0,Latent_Defect
C02446,L046,Type_A,leakage_current,10.522,10.59,11.206,11.763,50.0,Healthy
C02447,L047,Type_A,leakage_current,9.028,9.432,10.136,10.874,50.0,Healthy
C02448,L048,Type_B,leakage_current,10.654,10.683,11.029,11.717,50.0,Healthy
C02449,L049,Type_B,leakage_current,11.573,11.765,12.494,13.065,50.0,Healthy
C02450,L050,Type_A,leakage_current,9.813,13.597,32.778,51.994,50.0,Rapid_Drift
C02451,L051,Type_C,leakage_current,8.541,8.684,9.014,9.746,50.0,Healthy
C02452,L052,Type_A,leakage_current,9.987,10.129,10.928,11.814,50.0,Healthy
C02453,L053,Type_B,leakage_current,11.66,13.638,30.767,39.184,50.0,Latent_Defect
C02454,L054,Type_B,leakage_current,10.101,10.332,10.896,11.531,50.0,Healthy
C02455,L055,Type_A,leakage_current,10.392,17.33,38.494,59.762,50.0,Obvious_Failure
C02456,L056,Type_A,leakage_current,11.022,11.155,11.576,12.275,50.0,Healthy
C02457,L057,Type_C,leakage_current,8.853,9.047,9.804,10.456,50.0,Healthy
C02458,L058,Type_A,leakage_current,10.168,10.388,10.703,11.128,50.0,Healthy
C02459,L059,Type_A,leakage_current,9.857,10.124,10.823,11.622,50.0,Healthy
C02460,L060,Type_A,leakage_current,9.566,10.841,23.569,36.13,50.0,Latent_Defect
C02461,L061,Type_A,leakage_current,9.9,10.115,10.953,11.76,50.0,Healthy
C02462,L062,Type_A,leakage_current,11.57,11.57,11.938,12.565,50.0,Healthy
C02463,L063,Type_C,leakage_current,9.122,10.484,23.216,36.486,50.0,Latent_Defect
C02464,L064,Type_A,leakage_current,9.771,10.089,10.839,11.437,50.0,Healthy
C02465,L065,Type_B,leakage_current,10.888,10.941,11.533,12.351,50.0,Healthy
C02466,L066,Type_A,leakage_current,10.987,12.793,31.731,46.34,50.0,Latent_Defect
C02467,L067,Type_A,leakage_current,9.988,11.605,23.845,37.087,50.0,Latent_Defect
C02468,L068,Type_B,leakage_current,10.694,10.926,11.297,11.674,50.0,Healthy
C02469,L069,Type_C,leakage_current,9.42,9.616,10.274,10.715,50.0,Healthy
C02470,L070,Type_C,leakage_current,9.548,9.568,10.154,10.783,50.0,Healthy
C02471,L071,Type_C,leakage_current,9.693,10.797,27.058,40.02,50.0,Latent_Defect
C02472,L072,Type_C,leakage_current,9.818,10.053,10.549,11.147,50.0,Healthy
C02473,L073,Type_A,leakage_current,9.859,10.282,11.349,11.841,50.0,Healthy
C02474,L074,Type_C,leakage_current,9.082,9.33,10.042,10.696,50.0,Healthy
C02475,L075,Type_A,leakage_current,9.851,10.12,10.367,10.719,50.0,Healthy
C02476,L076,Type_B,leakage_current,11.934,12.2,12.596,13.159,50.0,Healthy
C02477,L077,Type_C,leakage_current,8.688,9.007,9.48,10.071,50.0,Healthy
C02478,L078,Type_A,leakage_current,9.799,10.093,10.847,11.366,50.0,Healthy
C02479,L079,Type_B,leakage_current,9.641,10.148,10.798,11.275,50.0,Healthy
C02480,L080,Type_B,leakage_current,10.349,12.254,26.043,39.948,50.0,Latent_Defect
C02481,L081,Type_A,leakage_current,10.641,10.767,11.546,11.919,50.0,Healthy
C02482,L082,Type_C,leakage_current,10.046,12.288,29.548,45.169,50.0,Latent_Defect
C02483,L083,Type_A,leakage_current,10.119,10.518,11.245,11.686,50.0,Healthy
C02484,L084,Type_B,leakage_current,11.007,11.146,11.936,12.541,50.0,Healthy
C02485,L085,Type_A,leakage_current,10.753,11.007,12.018,12.658,50.0,Healthy
C02486,L086,Type_B,leakage_current,11.25,11.429,12.189,13.0,50.0,Healthy
C02487,L087,Type_B,leakage_current,10.358,10.513,10.882,11.404,50.0,Healthy
C02488,L088,Type_A,leakage_current,9.797,10.144,10.732,11.281,50.0,Healthy
C02489,L089,Type_A,leakage_current,11.091,11.238,11.864,12.337,50.0,Healthy
C02490,L090,Type_B,leakage_current,9.746,9.966,10.38,10.553,50.0,Healthy
C02491,L091,Type_A,leakage_current,9.34,9.352,9.68,9.899,50.0,Healthy
C02492,L092,Type_A,leakage_current,9.496,9.899,10.073,10.55,50.0,Healthy
C02493,L093,Type_A,leakage_current,10.515,10.665,11.095,11.843,50.0,Healthy
C02494,L094,Type_A,leakage_current,10.116,10.132,10.886,11.393,50.0,Healthy
C02495,L095,Type_B,leakage_current,10.296,10.426,11.445,12.477,50.0,Healthy
C02496,L096,Type_A,leakage_current,9.728,10.218,10.971,11.979,50.0,Healthy
C02497,L097,Type_A,leakage_current,9.974,10.145,10.624,11.38,50.0,Healthy
C02498,L098,Type_A,leakage_current,9.277,9.381,10.519,11.347,50.0,Healthy
C02499,L099,Type_B,leakage_current,11.708,18.103,36.007,54.096,50.0,Obvious_Failure
C02500,L100,Type_A,leakage_current,10.673,12.46,26.846,40.701,50.0,Latent_Defect
C02501,L001,Type_A,leakage_current,9.726,9.937,10.678,11.304,50.0,Healthy
C02502,L002,Type_A,leakage_current,9.303,9.669,9.899,10.626,50.0,Healthy
C02503,L003,Type_C,leakage_current,10.133,10.3,10.773,11.036,50.0,Healthy
C02504,L004,Type_A,leakage_current,10.121,9.991,10.461,11.102,50.0,Healthy
C02505,L005,Type_C,leakage_current,9.702,9.859,10.349,10.863,50.0,Healthy
C02506,L006,Type_A,leakage_current,10.059,10.214,10.627,10.576,50.0,Healthy
C02507,L007,Type_A,leakage_current,9.167,9.151,9.784,9.931,50.0,Healthy
C02508,L008,Type_B,leakage_current,12.441,12.615,13.098,13.815,50.0,Healthy
C02509,L009,Type_B,leakage_current,11.002,11.622,12.604,13.224,50.0,Healthy
C02510,L010,Type_B,leakage_current,9.534,9.769,10.06,10.238,50.0,Healthy
C02511,L011,Type_A,leakage_current,9.563,9.615,10.289,11.204,50.0,Healthy
C02512,L012,Type_A,leakage_current,10.835,12.352,29.422,39.051,50.0,Latent_Defect
C02513,L013,Type_A,leakage_current,10.219,10.375,10.871,11.349,50.0,Healthy
C02514,L014,Type_A,leakage_current,10.128,10.269,10.804,11.066,50.0,Healthy
C02515,L015,Type_A,leakage_current,9.502,9.729,10.214,10.999,50.0,Healthy
C02516,L016,Type_C,leakage_current,9.258,9.368,10.3,11.134,50.0,Healthy
C02517,L017,Type_A,leakage_current,9.764,9.991,10.699,11.611,50.0,Healthy
C02518,L018,Type_B,leakage_current,10.347,10.623,11.195,11.614,50.0,Healthy
C02519,L019,Type_C,leakage_current,9.393,12.303,35.651,59.274,50.0,Rapid_Drift
C02520,L020,Type_C,leakage_current,10.076,10.217,10.821,11.258,50.0,Healthy
C02521,L021,Type_C,leakage_current,10.256,10.485,11.15,11.723,50.0,Healthy
C02522,L022,Type_B,leakage_current,10.165,10.364,11.076,11.743,50.0,Healthy
C02523,L023,Type_C,leakage_current,9.409,9.441,9.561,9.976,50.0,Healthy
C02524,L024,Type_C,leakage_current,8.703,11.307,29.795,47.67,50.0,Rapid_Drift
C02525,L025,Type_A,leakage_current,8.921,9.188,10.191,11.062,50.0,Healthy
C02526,L026,Type_C,leakage_current,8.782,9.0,9.692,10.018,50.0,Healthy
C02527,L027,Type_A,leakage_current,9.773,9.984,10.746,11.17,50.0,Healthy
C02528,L028,Type_A,leakage_current,9.768,9.769,10.262,11.1,50.0,Healthy
C02529,L029,Type_B,leakage_current,10.627,10.761,11.135,11.519,50.0,Healthy
C02530,L030,Type_A,leakage_current,9.298,9.287,9.695,10.517,50.0,Healthy
C02531,L031,Type_B,leakage_current,10.76,10.705,11.193,11.801,50.0,Healthy
C02532,L032,Type_A,leakage_current,8.865,9.226,9.828,10.838,50.0,Healthy
C02533,L033,Type_A,leakage_current,9.548,11.404,27.629,43.639,50.0,Latent_Defect
C02534,L034,Type_A,leakage_current,9.716,10.111,10.787,11.444,50.0,Healthy
C02535,L035,Type_B,leakage_current,11.431,11.574,12.316,13.204,50.0,Healthy
C02536,L036,Type_B,leakage_current,11.416,11.568,12.216,12.679,50.0,Healthy
C02537,L037,Type_B,leakage_current,11.047,11.257,11.449,11.607,50.0,Healthy
C02538,L038,Type_A,leakage_current,10.082,15.533,32.176,48.621,50.0,Obvious_Failure
C02539,L039,Type_C,leakage_current,9.525,9.667,10.555,11.278,50.0,Healthy
C02540,L040,Type_C,leakage_current,9.66,11.974,30.935,45.218,50.0,Latent_Defect
C02541,L041,Type_B,leakage_current,11.179,11.624,12.006,12.464,50.0,Healthy
C02542,L042,Type_B,leakage_current,11.34,11.723,12.395,13.041,50.0,Healthy
C02543,L043,Type_C,leakage_current,10.14,10.213,10.697,11.329,50.0,Healthy
C02544,L044,Type_A,leakage_current,10.412,10.763,11.621,12.117,50.0,Healthy
C02545,L045,Type_A,leakage_current,11.214,11.446,12.23,13.159,50.0,Healthy
C02546,L046,Type_B,leakage_current,10.231,10.483,10.631,10.851,50.0,Healthy
C02547,L047,Type_B,leakage_current,10.697,11.017,11.761,12.254,50.0,Healthy
C02548,L048,Type_A,leakage_current,9.965,10.163,10.911,11.823,50.0,Healthy
C02549,L049,Type_C,leakage_current,9.486,9.561,10.156,11.074,50.0,Healthy
C02550,L050,Type_A,leakage_current,9.038,9.228,9.861,10.342,50.0,Healthy
C02551,L051,Type_B,leakage_current,11.293,11.521,12.211,12.624,50.0,Healthy
C02552,L052,Type_A,leakage_current,9.933,10.102,11.056,11.881,50.0,Healthy
C02553,L053,Type_B,leakage_current,10.71,10.89,11.422,11.975,50.0,Healthy
C02554,L054,Type_A,leakage_current,9.787,9.819,10.185,10.658,50.0,Healthy
C02555,L055,Type_A,leakage_current,9.781,12.296,29.7,41.737,50.0,Latent_Defect
C02556,L056,Type_B,leakage_current,11.515,11.61,12.043,12.589,50.0,Healthy
C02557,L057,Type_A,leakage_current,10.284,10.537,11.064,11.416,50.0,Healthy
C02558,L058,Type_A,leakage_current,9.435,10.867,30.11,39.81,50.0,Latent_Defect
C02559,L059,Type_A,leakage_current,9.085,9.178,9.763,10.13,50.0,Healthy
C02560,L060,Type_B,leakage_current,10.469,10.516,10.735,11.232,50.0,Healthy
C02561,L061,Type_A,leakage_current,11.076,11.201,11.694,12.501,50.0,Healthy
C02562,L062,Type_B,leakage_current,10.762,13.931,33.653,53.001,50.0,Rapid_Drift
C02563,L063,Type_A,leakage_current,9.899,10.012,10.513,11.169,50.0,Healthy
C02564,L064,Type_C,leakage_current,9.679,14.413,29.34,43.638,50.0,Obvious_Failure
C02565,L065,Type_A,leakage_current,9.568,12.686,37.83,63.697,50.0,Rapid_Drift
C02566,L066,Type_B,leakage_current,11.089,11.15,11.616,11.905,50.0,Healthy
C02567,L067,Type_A,leakage_current,11.283,11.343,12.093,12.527,50.0,Healthy
C02568,L068,Type_A,leakage_current,10.193,10.138,10.734,11.102,50.0,Healthy
C02569,L069,Type_B,leakage_current,10.393,17.547,38.48,60.06,50.0,Obvious_Failure
C02570,L070,Type_B,leakage_current,9.288,9.46,9.911,10.168,50.0,Healthy
C02571,L071,Type_A,leakage_current,9.508,11.692,37.951,64.919,50.0,Rapid_Drift
C02572,L072,Type_B,leakage_current,11.511,12.174,12.768,12.966,50.0,Healthy
C02573,L073,Type_B,leakage_current,10.265,10.497,10.802,11.028,50.0,Healthy
C02574,L074,Type_C,leakage_current,9.663,9.899,10.403,10.915,50.0,Healthy
C02575,L075,Type_C,leakage_current,10.422,10.377,10.437,10.69,50.0,Healthy
C02576,L076,Type_B,leakage_current,11.911,12.192,12.805,13.593,50.0,Healthy
C02577,L077,Type_B,leakage_current,9.619,9.752,10.291,10.824,50.0,Healthy
C02578,L078,Type_B,leakage_current,10.52,10.851,11.026,11.543,50.0,Healthy
C02579,L079,Type_B,leakage_current,11.061,11.166,11.75,12.676,50.0,Healthy
C02580,L080,Type_A,leakage_current,10.349,10.584,10.573,11.377,50.0,Healthy
C02581,L081,Type_C,leakage_current,9.223,9.18,9.775,10.201,50.0,Healthy
C02582,L082,Type_B,leakage_current,11.232,11.488,12.191,12.928,50.0,Healthy
C02583,L083,Type_A,leakage_current,9.091,9.136,9.944,10.419,50.0,Healthy
C02584,L084,Type_B,leakage_current,10.354,10.528,11.04,11.82,50.0,Healthy
C02585,L085,Type_C,leakage_current,9.792,10.129,10.799,11.517,50.0,Healthy
C02586,L086,Type_A,leakage_current,9.555,9.777,10.559,11.329,50.0,Healthy
C02587,L087,Type_A,leakage_current,10.708,16.001,32.404,49.45,50.0,Obvious_Failure
C02588,L088,Type_A,leakage_current,10.479,10.568,10.681,11.07,50.0,Healthy
C02589,L089,Type_B,leakage_current,11.915,12.178,13.008,13.768,50.0,Healthy
C02590,L090,Type_B,leakage_current,10.061,10.316,10.693,10.987,50.0,Healthy
C02591,L091,Type_C,leakage_current,10.034,10.418,11.237,12.159,50.0,Healthy
C02592,L092,Type_A,leakage_current,10.602,10.793,11.375,12.087,50.0,Healthy
C02593,L093,Type_B,leakage_current,10.685,10.907,11.569,12.222,50.0,Healthy
C02594,L094,Type_A,leakage_current,9.546,9.698,10.173,10.612,50.0,Healthy
C02595,L095,Type_A,leakage_current,9.025,9.263,9.831,10.143,50.0,Healthy
C02596,L096,Type_B,leakage_current,9.795,9.982,10.26,10.599,50.0,Healthy
C02597,L097,Type_B,leakage_current,10.981,11.053,12.005,12.248,50.0,Healthy
C02598,L098,Type_A,leakage_current,11.06,11.299,12.081,12.743,50.0,Healthy
C02599,L099,Type_A,leakage_current,9.901,12.474,34.552,56.796,50.0,Rapid_Drift
C02600,L100,Type_C,leakage_current,8.851,9.274,10.264,10.63,50.0,Healthy
C02601,L001,Type_A,leakage_current,9.395,9.704,10.532,11.321,50.0,Healthy
C02602,L002,Type_B,leakage_current,11.246,11.5,11.783,12.267,50.0,Healthy
C02603,L003,Type_B,leakage_current,9.874,10.04,10.637,11.144,50.0,Healthy
C02604,L004,Type_B,leakage_current,11.115,11.313,11.837,12.746,50.0,Healthy
C02605,L005,Type_C,leakage_current,9.834,9.905,10.399,11.105,50.0,Healthy
C02606,L006,Type_B,leakage_current,10.434,10.491,11.086,11.758,50.0,Healthy
C02607,L007,Type_A,leakage_current,11.246,16.828,33.783,50.32,50.0,Obvious_Failure
C02608,L008,Type_B,leakage_current,11.338,11.537,11.734,12.63,50.0,Healthy
C02609,L009,Type_B,leakage_current,11.233,11.552,12.431,12.918,50.0,Healthy
C02610,L010,Type_C,leakage_current,10.793,10.944,10.976,11.058,50.0,Healthy
C02611,L011,Type_C,leakage_current,8.091,15.686,38.823,62.122,50.0,Obvious_Failure
C02612,L012,Type_B,leakage_current,10.483,10.626,11.632,12.335,50.0,Healthy
C02613,L013,Type_B,leakage_current,10.433,12.98,31.133,40.332,50.0,Latent_Defect
C02614,L014,Type_B,leakage_current,11.742,11.919,12.294,12.782,50.0,Healthy
C02615,L015,Type_A,leakage_current,9.878,10.18,10.852,11.511,50.0,Healthy
C02616,L016,Type_A,leakage_current,9.878,9.889,10.428,10.664,50.0,Healthy
C02617,L017,Type_A,leakage_current,10.174,10.341,10.653,11.42,50.0,Healthy
C02618,L018,Type_A,leakage_current,9.987,10.564,11.32,12.242,50.0,Healthy
C02619,L019,Type_A,leakage_current,10.755,10.767,11.233,11.634,50.0,Healthy
C02620,L020,Type_A,leakage_current,9.042,9.148,9.921,10.62,50.0,Healthy
C02621,L021,Type_A,leakage_current,9.792,9.91,10.581,11.36,50.0,Healthy
C02622,L022,Type_C,leakage_current,10.758,10.978,11.88,12.694,50.0,Healthy
C02623,L023,Type_A,leakage_current,10.356,11.804,28.408,45.718,50.0,Latent_Defect
C02624,L024,Type_B,leakage_current,10.455,12.6,31.717,50.81,50.0,Rapid_Drift
C02625,L025,Type_B,leakage_current,10.781,13.152,30.154,43.976,50.0,Latent_Defect
C02626,L026,Type_C,leakage_current,9.472,15.654,33.576,51.92,50.0,Obvious_Failure
C02627,L027,Type_A,leakage_current,9.366,9.881,10.852,11.707,50.0,Healthy
C02628,L028,Type_A,leakage_current,10.196,10.467,10.779,11.452,50.0,Healthy
C02629,L029,Type_C,leakage_current,9.656,9.819,10.505,11.178,50.0,Healthy
C02630,L030,Type_C,leakage_current,9.587,9.765,10.218,10.837,50.0,Healthy
C02631,L031,Type_C,leakage_current,9.611,9.757,10.349,11.043,50.0,Healthy
C02632,L032,Type_A,leakage_current,9.754,9.926,10.196,10.788,50.0,Healthy
C02633,L033,Type_A,leakage_current,10.692,10.818,11.176,11.328,50.0,Healthy
C02634,L034,Type_A,leakage_current,9.464,9.591,10.274,10.752,50.0,Healthy
C02635,L035,Type_A,leakage_current,9.608,9.691,9.964,10.815,50.0,Healthy
C02636,L036,Type_A,leakage_current,9.549,9.791,10.239,10.883,50.0,Healthy
C02637,L037,Type_C,leakage_current,9.106,9.265,10.034,10.815,50.0,Healthy
C02638,L038,Type_B,leakage_current,10.964,11.04,11.49,11.727,50.0,Healthy
C02639,L039,Type_B,leakage_current,10.488,10.644,11.274,12.073,50.0,Healthy
C02640,L040,Type_A,leakage_current,10.157,10.265,10.427,10.686,50.0,Healthy
C02641,L041,Type_B,leakage_current,12.014,12.075,12.542,13.076,50.0,Healthy
C02642,L042,Type_B,leakage_current,11.12,11.324,11.975,12.276,50.0,Healthy
C02643,L043,Type_C,leakage_current,9.598,9.727,10.412,10.98,50.0,Healthy
C02644,L044,Type_C,leakage_current,10.034,10.335,10.517,10.793,50.0,Healthy
C02645,L045,Type_A,leakage_current,8.695,8.893,9.519,9.876,50.0,Healthy
C02646,L046,Type_A,leakage_current,9.894,10.122,10.823,11.498,50.0,Healthy
C02647,L047,Type_C,leakage_current,10.739,11.114,11.736,12.501,50.0,Healthy
C02648,L048,Type_A,leakage_current,9.852,10.014,10.474,11.168,50.0,Healthy
C02649,L049,Type_A,leakage_current,10.468,10.596,11.251,11.902,50.0,Healthy
C02650,L050,Type_A,leakage_current,11.131,11.201,11.818,11.932,50.0,Healthy
C02651,L051,Type_B,leakage_current,11.521,13.97,32.591,41.277,50.0,Latent_Defect
C02652,L052,Type_B,leakage_current,11.933,12.317,12.958,13.432,50.0,Healthy
C02653,L053,Type_A,leakage_current,9.489,9.486,10.162,10.569,50.0,Healthy
C02654,L054,Type_C,leakage_current,9.688,18.542,46.26,73.764,50.0,Obvious_Failure
C02655,L055,Type_A,leakage_current,10.774,11.074,11.767,12.403,50.0,Healthy
C02656,L056,Type_B,leakage_current,11.288,11.492,12.007,12.426,50.0,Healthy
C02657,L057,Type_A,leakage_current,9.499,9.893,10.43,11.17,50.0,Healthy
C02658,L058,Type_C,leakage_current,9.042,9.013,9.566,9.884,50.0,Healthy
C02659,L059,Type_B,leakage_current,11.351,11.36,11.75,12.164,50.0,Healthy
C02660,L060,Type_A,leakage_current,9.059,9.377,9.917,10.676,50.0,Healthy
C02661,L061,Type_A,leakage_current,9.489,9.987,11.173,11.88,50.0,Healthy
C02662,L062,Type_A,leakage_current,9.474,9.706,10.405,10.932,50.0,Healthy
C02663,L063,Type_B,leakage_current,10.594,10.923,11.832,12.303,50.0,Healthy
C02664,L064,Type_B,leakage_current,10.471,10.557,10.929,11.413,50.0,Healthy
C02665,L065,Type_B,leakage_current,11.379,11.422,11.798,12.245,50.0,Healthy
C02666,L066,Type_B,leakage_current,10.935,12.958,32.597,44.138,50.0,Latent_Defect
C02667,L067,Type_B,leakage_current,10.618,10.807,11.256,11.757,50.0,Healthy
C02668,L068,Type_C,leakage_current,10.378,10.66,11.394,12.188,50.0,Healthy
C02669,L069,Type_C,leakage_current,9.878,10.193,10.531,11.148,50.0,Healthy
C02670,L070,Type_A,leakage_current,10.084,19.942,48.763,77.073,50.0,Obvious_Failure
C02671,L071,Type_A,leakage_current,10.84,11.148,12.031,13.436,50.0,Healthy
C02672,L072,Type_B,leakage_current,10.553,11.904,28.755,45.464,50.0,Latent_Defect
C02673,L073,Type_B,leakage_current,10.485,10.64,10.766,11.005,50.0,Healthy
C02674,L074,Type_B,leakage_current,11.224,11.112,11.507,12.146,50.0,Healthy
C02675,L075,Type_B,leakage_current,10.868,11.114,11.27,11.864,50.0,Healthy
C02676,L076,Type_A,leakage_current,10.026,12.644,40.145,68.477,50.0,Rapid_Drift
C02677,L077,Type_A,leakage_current,9.975,9.894,10.362,10.9,50.0,Healthy
C02678,L078,Type_A,leakage_current,10.426,10.672,11.537,12.013,50.0,Healthy
C02679,L079,Type_A,leakage_current,10.055,10.403,11.086,12.053,50.0,Healthy
C02680,L080,Type_A,leakage_current,10.669,10.853,10.939,11.067,50.0,Healthy
C02681,L081,Type_B,leakage_current,11.36,11.582,12.014,12.1,50.0,Healthy
C02682,L082,Type_C,leakage_current,10.279,12.922,33.235,53.998,50.0,Rapid_Drift
C02683,L083,Type_A,leakage_current,9.458,9.607,10.371,10.801,50.0,Healthy
C02684,L084,Type_B,leakage_current,10.107,10.192,10.782,11.465,50.0,Healthy
C02685,L085,Type_B,leakage_current,11.479,11.525,12.116,12.526,50.0,Healthy
C02686,L086,Type_A,leakage_current,10.453,10.799,11.351,12.216,50.0,Healthy
C02687,L087,Type_A,leakage_current,9.351,9.534,10.097,10.547,50.0,Healthy
C02688,L088,Type_A,leakage_current,9.137,9.328,9.557,10.058,50.0,Healthy
C02689,L089,Type_A,leakage_current,8.824,8.823,9.738,10.508,50.0,Healthy
C02690,L090,Type_A,leakage_current,10.168,11.653,31.067,43.195,50.0,Latent_Defect
C02691,L091,Type_A,leakage_current,9.87,12.858,41.619,70.295,50.0,Rapid_Drift
C02692,L092,Type_A,leakage_current,9.735,9.871,10.852,11.659,50.0,Healthy
C02693,L093,Type_A,leakage_current,10.191,10.373,10.81,11.314,50.0,Healthy
C02694,L094,Type_C,leakage_current,8.983,9.297,9.806,10.65,50.0,Healthy
C02695,L095,Type_B,leakage_current,10.18,10.189,11.035,11.532,50.0,Healthy
C02696,L096,Type_A,leakage_current,10.043,10.248,10.8,11.158,50.0,Healthy
C02697,L097,Type_C,leakage_current,9.005,9.44,9.979,10.444,50.0,Healthy
C02698,L098,Type_A,leakage_current,10.287,10.573,10.896,11.498,50.0,Healthy
C02699,L099,Type_A,leakage_current,9.918,10.217,10.837,11.43,50.0,Healthy
C02700,L100,Type_A,leakage_current,8.878,11.839,34.036,57.05,50.0,Rapid_Drift
C02701,L001,Type_A,leakage_current,12.03,12.249,12.856,13.249,50.0,Healthy
C02702,L002,Type_B,leakage_current,11.991,12.281,12.828,13.517,50.0,Healthy
C02703,L003,Type_C,leakage_current,9.39,9.775,10.532,11.079,50.0,Healthy
C02704,L004,Type_A,leakage_current,9.44,9.498,9.779,10.186,50.0,Healthy
C02705,L005,Type_B,leakage_current,9.949,10.301,11.167,11.785,50.0,Healthy
C02706,L006,Type_A,leakage_current,10.464,14.157,39.594,65.496,50.0,Rapid_Drift
C02707,L007,Type_B,leakage_current,11.635,11.873,12.37,13.171,50.0,Healthy
C02708,L008,Type_B,leakage_current,9.908,10.165,10.852,11.7,50.0,Healthy
C02709,L009,Type_B,leakage_current,10.414,10.559,10.925,11.25,50.0,Healthy
C02710,L010,Type_C,leakage_current,9.216,9.283,9.583,10.144,50.0,Healthy
C02711,L011,Type_A,leakage_current,10.229,10.563,11.027,11.625,50.0,Healthy
C02712,L012,Type_A,leakage_current,9.366,11.176,27.162,42.944,50.0,Latent_Defect
C02713,L013,Type_C,leakage_current,9.808,10.109,10.649,10.865,50.0,Healthy
C02714,L014,Type_A,leakage_current,9.162,10.38,24.987,40.174,50.0,Latent_Defect
C02715,L015,Type_C,leakage_current,9.712,9.994,10.834,11.515,50.0,Healthy
C02716,L016,Type_B,leakage_current,11.292,11.586,12.398,12.912,50.0,Healthy
C02717,L017,Type_A,leakage_current,10.545,10.731,11.325,11.943,50.0,Healthy
C02718,L018,Type_A,leakage_current,9.149,9.355,10.05,10.688,50.0,Healthy
C02719,L019,Type_B,leakage_current,11.495,11.629,12.176,12.967,50.0,Healthy
C02720,L020,Type_C,leakage_current,10.931,11.028,11.715,12.254,50.0,Healthy
C02721,L021,Type_A,leakage_current,9.773,9.728,9.889,10.28,50.0,Healthy
C02722,L022,Type_A,leakage_current,9.327,9.548,10.283,10.983,50.0,Healthy
C02723,L023,Type_A,leakage_current,9.454,10.915,25.582,40.022,50.0,Latent_Defect
C02724,L024,Type_B,leakage_current,10.044,10.128,10.014,10.236,50.0,Healthy
C02725,L025,Type_A,leakage_current,9.28,9.333,9.977,10.735,50.0,Healthy
C02726,L026,Type_C,leakage_current,9.501,9.668,10.249,10.931,50.0,Healthy
C02727,L027,Type_B,leakage_current,10.463,10.693,11.678,12.739,50.0,Healthy
C02728,L028,Type_A,leakage_current,9.258,9.469,9.744,10.193,50.0,Healthy
C02729,L029,Type_A,leakage_current,10.986,11.147,11.282,11.214,50.0,Healthy
C02730,L030,Type_A,leakage_current,9.985,10.197,10.39,10.77,50.0,Healthy
C02731,L031,Type_A,leakage_current,10.459,10.544,11.141,11.302,50.0,Healthy
C02732,L032,Type_A,leakage_current,9.509,9.662,10.374,11.023,50.0,Healthy
C02733,L033,Type_A,leakage_current,9.783,12.075,37.324,62.934,50.0,Rapid_Drift
C02734,L034,Type_A,leakage_current,9.378,9.686,10.592,11.517,50.0,Healthy
C02735,L035,Type_A,leakage_current,10.738,11.093,12.017,12.76,50.0,Healthy
C02736,L036,Type_A,leakage_current,9.874,10.017,10.685,11.028,50.0,Healthy
C02737,L037,Type_B,leakage_current,10.122,10.325,10.976,11.704,50.0,Healthy
C02738,L038,Type_A,leakage_current,9.031,10.101,29.642,44.132,50.0,Latent_Defect
C02739,L039,Type_C,leakage_current,10.564,10.674,11.412,11.835,50.0,Healthy
C02740,L040,Type_A,leakage_current,10.584,10.572,11.31,11.813,50.0,Healthy
C02741,L041,Type_A,leakage_current,9.695,9.843,10.394,10.84,50.0,Healthy
C02742,L042,Type_A,leakage_current,10.385,10.762,11.226,11.523,50.0,Healthy
C02743,L043,Type_A,leakage_current,8.725,8.861,9.224,9.567,50.0,Healthy
C02744,L044,Type_C,leakage_current,9.641,9.711,10.669,11.02,50.0,Healthy
C02745,L045,Type_A,leakage_current,10.219,10.253,10.617,10.818,50.0,Healthy
C02746,L046,Type_A,leakage_current,11.188,11.362,11.88,12.216,50.0,Healthy
C02747,L047,Type_B,leakage_current,9.976,10.362,11.249,12.414,50.0,Healthy
C02748,L048,Type_B,leakage_current,11.556,11.732,12.25,12.841,50.0,Healthy
C02749,L049,Type_A,leakage_current,10.129,10.502,10.778,11.673,50.0,Healthy
C02750,L050,Type_A,leakage_current,9.183,9.299,10.074,10.741,50.0,Healthy
C02751,L051,Type_A,leakage_current,10.768,13.668,32.81,51.65,50.0,Rapid_Drift
C02752,L052,Type_B,leakage_current,10.894,11.429,12.22,12.864,50.0,Healthy
C02753,L053,Type_A,leakage_current,9.239,9.057,9.306,9.446,50.0,Healthy
C02754,L054,Type_A,leakage_current,10.05,10.18,10.194,10.522,50.0,Healthy
C02755,L055,Type_A,leakage_current,9.746,12.064,32.089,47.844,50.0,Latent_Defect
C02756,L056,Type_A,leakage_current,10.062,10.041,10.209,11.194,50.0,Healthy
C02757,L057,Type_B,leakage_current,10.758,10.989,11.971,12.918,50.0,Healthy
C02758,L058,Type_A,leakage_current,10.063,10.319,11.294,12.329,50.0,Healthy
C02759,L059,Type_B,leakage_current,10.801,11.13,11.757,12.578,50.0,Healthy
C02760,L060,Type_A,leakage_current,8.43,8.656,9.255,9.761,50.0,Healthy
C02761,L061,Type_A,leakage_current,10.821,12.241,25.779,38.794,50.0,Latent_Defect
C02762,L062,Type_B,leakage_current,10.779,11.017,11.709,12.246,50.0,Healthy
C02763,L063,Type_B,leakage_current,12.292,12.648,13.208,14.134,50.0,Healthy
C02764,L064,Type_B,leakage_current,9.553,9.589,9.52,9.893,50.0,Healthy
C02765,L065,Type_A,leakage_current,10.65,10.872,11.575,12.279,50.0,Healthy
C02766,L066,Type_A,leakage_current,10.435,10.687,11.087,11.424,50.0,Healthy
C02767,L067,Type_A,leakage_current,10.525,10.768,11.501,12.107,50.0,Healthy
C02768,L068,Type_B,leakage_current,11.195,11.301,11.968,12.464,50.0,Healthy
C02769,L069,Type_C,leakage_current,9.312,9.558,10.15,10.601,50.0,Healthy
C02770,L070,Type_A,leakage_current,10.56,10.66,11.513,12.095,50.0,Healthy
C02771,L071,Type_C,leakage_current,9.917,11.416,31.217,46.133,50.0,Latent_Defect
C02772,L072,Type_B,leakage_current,9.779,9.751,10.437,11.018,50.0,Healthy
C02773,L073,Type_C,leakage_current,10.793,13.432,31.902,51.109,50.0,Rapid_Drift
C02774,L074,Type_A,leakage_current,10.662,10.741,11.523,12.056,50.0,Healthy
C02775,L075,Type_C,leakage_current,9.797,10.014,10.244,10.616,50.0,Healthy
C02776,L076,Type_A,leakage_current,9.421,9.698,9.855,9.989,50.0,Healthy
C02777,L077,Type_B,leakage_current,9.615,9.783,10.197,10.346,50.0,Healthy
C02778,L078,Type_B,leakage_current,10.543,10.664,11.154,11.677,50.0,Healthy
C02779,L079,Type_A,leakage_current,10.175,10.339,10.579,11.175,50.0,Healthy
C02780,L080,Type_A,leakage_current,10.77,10.958,11.982,12.435,50.0,Healthy
C02781,L081,Type_B,leakage_current,10.294,10.357,10.649,11.139,50.0,Healthy
C02782,L082,Type_C,leakage_current,10.066,10.218,10.931,11.466,50.0,Healthy
C02783,L083,Type_B,leakage_current,11.573,20.774,49.22,77.951,50.0,Obvious_Failure
C02784,L084,Type_A,leakage_current,10.359,10.642,11.494,12.639,50.0,Healthy
C02785,L085,Type_B,leakage_current,11.282,11.211,11.722,12.29,50.0,Healthy
C02786,L086,Type_A,leakage_current,9.73,11.835,30.972,38.57,50.0,Latent_Defect
C02787,L087,Type_A,leakage_current,8.875,9.211,9.796,10.327,50.0,Healthy
C02788,L088,Type_A,leakage_current,10.146,10.316,11.15,11.934,50.0,Healthy
C02789,L089,Type_A,leakage_current,9.821,11.74,29.485,43.232,50.0,Latent_Defect
C02790,L090,Type_A,leakage_current,10.46,11.704,27.746,42.559,50.0,Latent_Defect
C02791,L091,Type_A,leakage_current,10.18,10.284,10.711,11.435,50.0,Healthy
C02792,L092,Type_A,leakage_current,10.051,10.097,10.452,10.672,50.0,Healthy
C02793,L093,Type_C,leakage_current,9.072,9.277,9.606,10.164,50.0,Healthy
C02794,L094,Type_B,leakage_current,10.756,10.819,11.333,12.372,50.0,Healthy
C02795,L095,Type_A,leakage_current,10.099,13.344,36.226,58.637,50.0,Rapid_Drift
C02796,L096,Type_C,leakage_current,9.204,11.65,36.201,61.007,50.0,Rapid_Drift
C02797,L097,Type_C,leakage_current,9.421,9.659,10.048,10.39,50.0,Healthy
C02798,L098,Type_B,leakage_current,9.61,10.064,11.087,11.974,50.0,Healthy
C02799,L099,Type_B,leakage_current,10.087,10.505,11.497,12.324,50.0,Healthy
C02800,L100,Type_B,leakage_current,11.142,11.537,12.072,12.841,50.0,Healthy
C02801,L001,Type_B,leakage_current,10.814,10.895,11.079,11.359,50.0,Healthy
C02802,L002,Type_A,leakage_current,10.218,10.109,10.725,10.804,50.0,Healthy
C02803,L003,Type_A,leakage_current,10.367,10.409,11.436,12.341,50.0,Healthy
C02804,L004,Type_C,leakage_current,10.134,10.179,10.403,10.486,50.0,Healthy
C02805,L005,Type_C,leakage_current,9.963,10.289,11.09,11.36,50.0,Healthy
C02806,L006,Type_B,leakage_current,9.931,10.058,10.483,10.92,50.0,Healthy
C02807,L007,Type_A,leakage_current,10.423,12.424,25.48,37.69,50.0,Latent_Defect
C02808,L008,Type_A,leakage_current,8.827,9.233,10.183,10.629,50.0,Healthy
C02809,L009,Type_A,leakage_current,9.282,9.293,9.619,10.134,50.0,Healthy
C02810,L010,Type_C,leakage_current,8.243,10.641,36.053,61.36,50.0,Rapid_Drift
C02811,L011,Type_C,leakage_current,10.203,10.368,10.931,11.529,50.0,Healthy
C02812,L012,Type_A,leakage_current,9.934,12.58,34.138,56.014,50.0,Rapid_Drift
C02813,L013,Type_A,leakage_current,10.582,10.72,11.001,11.056,50.0,Healthy
C02814,L014,Type_A,leakage_current,10.779,12.142,28.166,44.304,50.0,Latent_Defect
C02815,L015,Type_A,leakage_current,9.655,9.631,9.974,10.285,50.0,Healthy
C02816,L016,Type_B,leakage_current,10.783,14.784,39.094,62.825,50.0,Rapid_Drift
C02817,L017,Type_A,leakage_current,9.705,10.039,10.9,11.488,50.0,Healthy
C02818,L018,Type_A,leakage_current,10.609,10.955,11.788,12.519,50.0,Healthy
C02819,L019,Type_B,leakage_current,10.736,12.339,29.255,45.788,50.0,Latent_Defect
C02820,L020,Type_C,leakage_current,8.964,9.072,9.664,9.794,50.0,Healthy
C02821,L021,Type_A,leakage_current,9.048,12.384,31.302,49.913,50.0,Rapid_Drift
C02822,L022,Type_B,leakage_current,11.127,11.435,12.129,12.636,50.0,Healthy
C02823,L023,Type_C,leakage_current,10.937,11.226,11.931,12.77,50.0,Healthy
C02824,L024,Type_B,leakage_current,9.887,10.021,10.687,11.738,50.0,Healthy
C02825,L025,Type_C,leakage_current,9.011,9.166,9.834,10.594,50.0,Healthy
C02826,L026,Type_A,leakage_current,10.282,10.508,10.798,11.165,50.0,Healthy
C02827,L027,Type_A,leakage_current,10.273,10.412,11.051,11.971,50.0,Healthy
C02828,L028,Type_A,leakage_current,9.879,9.777,10.365,10.93,50.0,Healthy
C02829,L029,Type_A,leakage_current,9.486,9.556,10.142,10.587,50.0,Healthy
C02830,L030,Type_A,leakage_current,11.101,11.289,11.957,12.624,50.0,Healthy
C02831,L031,Type_A,leakage_current,9.99,10.164,10.866,11.662,50.0,Healthy
C02832,L032,Type_C,leakage_current,9.046,9.302,10.089,11.013,50.0,Healthy
C02833,L033,Type_B,leakage_current,10.582,10.679,11.069,11.725,50.0,Healthy
C02834,L034,Type_B,leakage_current,10.11,10.133,10.222,10.353,50.0,Healthy
C02835,L035,Type_A,leakage_current,9.154,10.487,29.99,47.245,50.0,Latent_Defect
C02836,L036,Type_A,leakage_current,9.691,10.051,10.509,11.452,50.0,Healthy
C02837,L037,Type_B,leakage_current,11.613,11.809,12.506,13.177,50.0,Healthy
C02838,L038,Type_A,leakage_current,10.101,13.46,39.64,65.529,50.0,Rapid_Drift
C02839,L039,Type_B,leakage_current,10.872,11.999,24.957,37.4,50.0,Latent_Defect
C02840,L040,Type_A,leakage_current,9.918,10.292,10.954,12.0,50.0,Healthy
C02841,L041,Type_B,leakage_current,11.268,11.573,12.265,12.647,50.0,Healthy
C02842,L042,Type_B,leakage_current,11.254,11.414,11.798,11.886,50.0,Healthy
C02843,L043,Type_B,leakage_current,11.136,11.385,12.19,13.127,50.0,Healthy
C02844,L044,Type_A,leakage_current,10.227,10.168,10.673,10.996,50.0,Healthy
C02845,L045,Type_A,leakage_current,10.26,10.543,11.094,12.222,50.0,Healthy
C02846,L046,Type_C,leakage_current,10.044,12.374,26.672,39.245,50.0,Latent_Defect
C02847,L047,Type_A,leakage_current,8.868,12.43,37.346,62.512,50.0,Rapid_Drift
C02848,L048,Type_A,leakage_current,9.737,12.354,38.01,64.017,50.0,Rapid_Drift
C02849,L049,Type_A,leakage_current,10.408,10.529,11.071,10.796,50.0,Healthy
C02850,L050,Type_A,leakage_current,10.878,10.816,11.351,11.574,50.0,Healthy
C02851,L051,Type_A,leakage_current,10.522,10.736,11.765,12.437,50.0,Healthy
C02852,L052,Type_A,leakage_current,9.778,9.818,10.86,11.747,50.0,Healthy
C02853,L053,Type_A,leakage_current,10.337,16.545,35.143,53.853,50.0,Obvious_Failure
C02854,L054,Type_C,leakage_current,9.258,9.299,9.567,10.273,50.0,Healthy
C02855,L055,Type_A,leakage_current,9.853,11.809,30.945,42.955,50.0,Latent_Defect
C02856,L056,Type_B,leakage_current,11.722,11.893,12.186,12.663,50.0,Healthy
C02857,L057,Type_A,leakage_current,10.441,10.399,11.116,11.49,50.0,Healthy
C02858,L058,Type_B,leakage_current,11.445,11.63,12.068,12.333,50.0,Healthy
C02859,L059,Type_B,leakage_current,11.445,11.668,12.167,12.349,50.0,Healthy
C02860,L060,Type_B,leakage_current,11.13,12.982,33.735,44.977,50.0,Latent_Defect
C02861,L061,Type_A,leakage_current,9.912,10.112,10.489,10.734,50.0,Healthy
C02862,L062,Type_A,leakage_current,9.205,9.372,10.06,10.709,50.0,Healthy
C02863,L063,Type_A,leakage_current,9.488,9.643,10.115,10.847,50.0,Healthy
C02864,L064,Type_A,leakage_current,10.082,12.517,35.265,57.518,50.0,Rapid_Drift
C02865,L065,Type_A,leakage_current,9.971,10.278,10.947,11.76,50.0,Healthy
C02866,L066,Type_A,leakage_current,9.436,9.841,10.961,11.662,50.0,Healthy
C02867,L067,Type_A,leakage_current,9.497,9.783,10.083,10.707,50.0,Healthy
C02868,L068,Type_A,leakage_current,10.857,11.253,12.09,12.631,50.0,Healthy
C02869,L069,Type_B,leakage_current,10.463,13.584,39.999,66.932,50.0,Rapid_Drift
C02870,L070,Type_A,leakage_current,10.229,10.316,11.313,11.836,50.0,Healthy
C02871,L071,Type_A,leakage_current,10.519,11.886,30.43,45.004,50.0,Latent_Defect
C02872,L072,Type_A,leakage_current,10.803,11.319,11.726,12.136,50.0,Healthy
C02873,L073,Type_C,leakage_current,7.962,10.588,33.062,55.072,50.0,Rapid_Drift
C02874,L074,Type_C,leakage_current,9.19,9.278,9.939,10.988,50.0,Healthy
C02875,L075,Type_B,leakage_current,10.033,10.309,10.855,11.418,50.0,Healthy
C02876,L076,Type_A,leakage_current,9.357,9.445,10.149,10.927,50.0,Healthy
C02877,L077,Type_A,leakage_current,8.865,9.011,9.211,9.557,50.0,Healthy
C02878,L078,Type_A,leakage_current,9.051,9.301,9.823,10.555,50.0,Healthy
C02879,L079,Type_B,leakage_current,9.663,9.731,10.229,10.849,50.0,Healthy
C02880,L080,Type_B,leakage_current,11.56,11.677,12.086,12.594,50.0,Healthy
C02881,L081,Type_A,leakage_current,9.686,10.977,23.577,36.671,50.0,Latent_Defect
C02882,L082,Type_B,leakage_current,10.644,10.757,11.002,11.156,50.0,Healthy
C02883,L083,Type_A,leakage_current,10.339,10.455,10.349,10.794,50.0,Healthy
C02884,L084,Type_A,leakage_current,9.76,9.828,10.659,11.275,50.0,Healthy
C02885,L085,Type_A,leakage_current,11.177,11.366,11.862,12.395,50.0,Healthy
C02886,L086,Type_A,leakage_current,9.413,9.725,10.819,11.971,50.0,Healthy
C02887,L087,Type_C,leakage_current,9.759,9.905,10.351,11.075,50.0,Healthy
C02888,L088,Type_A,leakage_current,10.185,10.463,11.319,11.956,50.0,Healthy
C02889,L089,Type_A,leakage_current,9.552,10.61,28.013,41.475,50.0,Latent_Defect
C02890,L090,Type_A,leakage_current,10.227,10.506,11.159,11.581,50.0,Healthy
C02891,L091,Type_A,leakage_current,10.21,10.402,10.897,11.623,50.0,Healthy
C02892,L092,Type_A,leakage_current,10.798,11.008,11.74,12.075,50.0,Healthy
C02893,L093,Type_B,leakage_current,10.557,10.741,11.19,11.546,50.0,Healthy
C02894,L094,Type_C,leakage_current,10.108,10.424,10.928,11.261,50.0,Healthy
C02895,L095,Type_C,leakage_current,10.315,10.489,10.867,11.4,50.0,Healthy
C02896,L096,Type_A,leakage_current,9.748,9.863,10.423,11.227,50.0,Healthy
C02897,L097,Type_C,leakage_current,9.494,9.767,10.181,10.756,50.0,Healthy
C02898,L098,Type_A,leakage_current,11.508,11.805,12.529,13.175,50.0,Healthy
C02899,L099,Type_C,leakage_current,10.066,10.225,10.673,11.155,50.0,Healthy
C02900,L100,Type_A,leakage_current,10.186,10.583,11.504,12.212,50.0,Healthy
C02901,L001,Type_B,leakage_current,11.096,11.271,11.619,11.927,50.0,Healthy
C02902,L002,Type_B,leakage_current,10.394,10.465,10.905,11.13,50.0,Healthy
C02903,L003,Type_B,leakage_current,11.778,11.99,12.919,13.41,50.0,Healthy
C02904,L004,Type_A,leakage_current,11.112,11.227,11.801,12.237,50.0,Healthy
C02905,L005,Type_A,leakage_current,9.397,9.427,10.32,11.038,50.0,Healthy
C02906,L006,Type_B,leakage_current,10.879,11.114,11.752,12.564,50.0,Healthy
C02907,L007,Type_C,leakage_current,10.467,12.109,31.832,40.11,50.0,Latent_Defect
C02908,L008,Type_A,leakage_current,9.247,9.43,10.136,10.594,50.0,Healthy
C02909,L009,Type_A,leakage_current,9.463,9.813,10.078,10.64,50.0,Healthy
C02910,L010,Type_A,leakage_current,8.816,11.002,24.875,39.167,50.0,Latent_Defect
C02911,L011,Type_A,leakage_current,9.355,9.358,9.789,10.379,50.0,Healthy
C02912,L012,Type_A,leakage_current,10.152,10.525,11.544,12.126,50.0,Healthy
C02913,L013,Type_A,leakage_current,9.615,9.781,10.167,10.452,50.0,Healthy
C02914,L014,Type_B,leakage_current,11.005,11.013,11.706,11.899,50.0,Healthy
C02915,L015,Type_C,leakage_current,9.175,9.622,10.566,11.391,50.0,Healthy
C02916,L016,Type_A,leakage_current,9.731,9.729,9.911,10.257,50.0,Healthy
C02917,L017,Type_B,leakage_current,11.207,13.895,35.009,55.922,50.0,Rapid_Drift
C02918,L018,Type_B,leakage_current,10.349,10.586,10.884,11.327,50.0,Healthy
C02919,L019,Type_B,leakage_current,11.403,11.695,12.394,13.265,50.0,Healthy
C02920,L020,Type_A,leakage_current,10.138,10.419,11.156,11.684,50.0,Healthy
C02921,L021,Type_A,leakage_current,9.659,9.787,10.054,10.667,50.0,Healthy
C02922,L022,Type_A,leakage_current,10.75,11.057,11.588,12.27,50.0,Healthy
C02923,L023,Type_B,leakage_current,11.159,11.519,12.381,12.798,50.0,Healthy
C02924,L024,Type_C,leakage_current,8.878,9.122,9.505,9.664,50.0,Healthy
C02925,L025,Type_A,leakage_current,9.12,9.483,10.123,11.359,50.0,Healthy
C02926,L026,Type_C,leakage_current,8.865,8.962,9.336,9.67,50.0,Healthy
C02927,L027,Type_A,leakage_current,9.648,9.961,10.624,11.343,50.0,Healthy
C02928,L028,Type_A,leakage_current,10.772,10.709,11.071,12.161,50.0,Healthy
C02929,L029,Type_A,leakage_current,9.763,12.311,34.991,58.047,50.0,Rapid_Drift
C02930,L030,Type_B,leakage_current,10.487,10.526,10.871,11.132,50.0,Healthy
C02931,L031,Type_A,leakage_current,10.651,12.467,26.663,40.867,50.0,Latent_Defect
C02932,L032,Type_A,leakage_current,9.523,9.881,10.631,11.441,50.0,Healthy
C02933,L033,Type_B,leakage_current,10.267,11.34,30.26,42.606,50.0,Latent_Defect
C02934,L034,Type_C,leakage_current,9.883,9.859,10.168,10.551,50.0,Healthy
C02935,L035,Type_C,leakage_current,9.838,11.896,32.636,39.545,50.0,Latent_Defect
C02936,L036,Type_C,leakage_current,9.874,9.866,10.834,11.866,50.0,Healthy
C02937,L037,Type_A,leakage_current,9.709,9.948,10.701,11.263,50.0,Healthy
C02938,L038,Type_A,leakage_current,11.021,11.225,11.846,12.535,50.0,Healthy
C02939,L039,Type_C,leakage_current,8.679,8.757,9.024,9.73,50.0,Healthy
C02940,L040,Type_B,leakage_current,11.444,13.198,33.22,43.089,50.0,Latent_Defect
C02941,L041,Type_B,leakage_current,10.9,11.308,12.041,12.83,50.0,Healthy
C02942,L042,Type_B,leakage_current,10.123,10.489,11.187,11.632,50.0,Healthy
C02943,L043,Type_A,leakage_current,9.577,9.825,10.43,11.375,50.0,Healthy
C02944,L044,Type_A,leakage_current,9.756,10.098,10.29,10.222,50.0,Healthy
C02945,L045,Type_B,leakage_current,11.91,13.506,32.721,45.79,50.0,Latent_Defect
C02946,L046,Type_A,leakage_current,9.903,10.203,10.603,10.97,50.0,Healthy
C02947,L047,Type_A,leakage_current,9.945,10.383,11.436,12.205,50.0,Healthy
C02948,L048,Type_C,leakage_current,9.267,9.323,9.676,9.936,50.0,Healthy
C02949,L049,Type_C,leakage_current,9.372,9.785,10.155,10.395,50.0,Healthy
C02950,L050,Type_A,leakage_current,9.235,9.209,9.787,10.007,50.0,Healthy
C02951,L051,Type_A,leakage_current,8.783,8.921,9.59,10.359,50.0,Healthy
C02952,L052,Type_A,leakage_current,9.834,10.104,10.865,11.604,50.0,Healthy
C02953,L053,Type_A,leakage_current,10.761,10.975,11.678,12.427,50.0,Healthy
C02954,L054,Type_B,leakage_current,10.291,13.606,37.951,61.541,50.0,Rapid_Drift
C02955,L055,Type_B,leakage_current,11.456,11.62,12.124,12.699,50.0,Healthy
C02956,L056,Type_C,leakage_current,9.747,11.441,27.0,41.333,50.0,Latent_Defect
C02957,L057,Type_B,leakage_current,11.493,11.74,12.268,13.074,50.0,Healthy
C02958,L058,Type_A,leakage_current,9.307,11.44,27.015,41.328,50.0,Latent_Defect
C02959,L059,Type_B,leakage_current,11.016,11.099,11.871,12.571,50.0,Healthy
C02960,L060,Type_B,leakage_current,9.807,9.943,10.791,11.497,50.0,Healthy
C02961,L061,Type_A,leakage_current,10.086,10.139,10.716,11.271,50.0,Healthy
C02962,L062,Type_A,leakage_current,9.345,9.547,9.958,10.157,50.0,Healthy
C02963,L063,Type_B,leakage_current,11.189,11.602,12.592,13.806,50.0,Healthy
C02964,L064,Type_A,leakage_current,10.498,10.843,11.714,12.581,50.0,Healthy
C02965,L065,Type_A,leakage_current,9.907,10.331,10.823,11.188,50.0,Healthy
C02966,L066,Type_A,leakage_current,10.031,10.041,10.578,11.057,50.0,Healthy
C02967,L067,Type_C,leakage_current,9.306,9.517,10.109,10.531,50.0,Healthy
C02968,L068,Type_A,leakage_current,10.284,10.427,10.636,10.914,50.0,Healthy
C02969,L069,Type_C,leakage_current,8.843,8.967,9.668,9.999,50.0,Healthy
C02970,L070,Type_B,leakage_current,11.468,11.425,11.759,11.808,50.0,Healthy
C02971,L071,Type_A,leakage_current,10.078,10.378,11.278,12.312,50.0,Healthy
C02972,L072,Type_C,leakage_current,9.355,9.253,9.793,10.526,50.0,Healthy
C02973,L073,Type_A,leakage_current,9.821,9.91,10.942,11.742,50.0,Healthy
C02974,L074,Type_C,leakage_current,8.789,10.266,22.612,34.513,50.0,Latent_Defect
C02975,L075,Type_A,leakage_current,10.827,11.276,11.668,12.249,50.0,Healthy
C02976,L076,Type_A,leakage_current,9.647,9.845,10.346,10.682,50.0,Healthy
C02977,L077,Type_A,leakage_current,9.21,16.655,39.331,62.322,50.0,Obvious_Failure
C02978,L078,Type_A,leakage_current,10.804,10.943,11.463,11.773,50.0,Healthy
C02979,L079,Type_A,leakage_current,10.639,13.74,37.699,61.154,50.0,Rapid_Drift
C02980,L080,Type_A,leakage_current,10.771,10.977,11.756,12.754,50.0,Healthy
C02981,L081,Type_B,leakage_current,10.735,16.375,33.645,51.552,50.0,Obvious_Failure
C02982,L082,Type_A,leakage_current,9.234,9.276,9.536,9.928,50.0,Healthy
C02983,L083,Type_A,leakage_current,10.291,10.483,10.52,11.1,50.0,Healthy
C02984,L084,Type_A,leakage_current,9.325,9.389,9.788,10.191,50.0,Healthy
C02985,L085,Type_B,leakage_current,11.445,13.773,30.185,40.518,50.0,Latent_Defect
C02986,L086,Type_A,leakage_current,9.911,9.954,10.287,10.79,50.0,Healthy
C02987,L087,Type_B,leakage_current,10.552,12.04,28.384,42.69,50.0,Latent_Defect
C02988,L088,Type_A,leakage_current,10.752,12.824,27.903,42.375,50.0,Latent_Defect
C02989,L089,Type_A,leakage_current,9.417,9.496,9.587,10.099,50.0,Healthy
C02990,L090,Type_A,leakage_current,9.993,10.158,10.841,11.518,50.0,Healthy
C02991,L091,Type_B,leakage_current,11.234,11.265,11.514,11.633,50.0,Healthy
C02992,L092,Type_A,leakage_current,10.257,10.56,11.016,11.268,50.0,Healthy
C02993,L093,Type_B,leakage_current,11.247,12.989,27.524,39.978,50.0,Latent_Defect
C02994,L094,Type_A,leakage_current,9.421,9.551,10.128,10.765,50.0,Healthy
C02995,L095,Type_B,leakage_current,11.427,11.535,12.235,12.768,50.0,Healthy
C02996,L096,Type_B,leakage_current,11.301,11.6,12.197,12.562,50.0,Healthy
C02997,L097,Type_A,leakage_current,9.354,9.501,9.834,10.248,50.0,Healthy
C02998,L098,Type_C,leakage_current,9.974,10.111,10.998,11.587,50.0,Healthy
C02999,L099,Type_A,leakage_current,9.866,9.837,10.246,10.856,50.0,Healthy
C03000,L100,Type_B,leakage_current,11.698,11.786,12.491,13.049,50.0,Healthy
C03001,L001,Type_A,leakage_current,9.744,11.862,24.826,37.927,50.0,Latent_Defect
C03002,L002,Type_C,leakage_current,9.676,9.862,10.688,11.069,50.0,Healthy
C03003,L003,Type_A,leakage_current,10.896,11.159,11.696,12.212,50.0,Healthy
C03004,L004,Type_B,leakage_current,10.749,11.068,11.577,12.144,50.0,Healthy
C03005,L005,Type_B,leakage_current,11.492,11.612,12.165,12.841,50.0,Healthy
C03006,L006,Type_A,leakage_current,10.371,10.454,11.371,11.795,50.0,Healthy
C03007,L007,Type_B,leakage_current,10.781,11.033,11.234,11.897,50.0,Healthy
C03008,L008,Type_B,leakage_current,10.801,11.823,31.151,43.992,50.0,Latent_Defect
C03009,L009,Type_B,leakage_current,11.689,11.964,12.961,13.746,50.0,Healthy
C03010,L010,Type_A,leakage_current,9.2,11.986,33.087,54.02,50.0,Rapid_Drift
C03011,L011,Type_A,leakage_current,10.126,10.387,11.344,12.073,50.0,Healthy
C03012,L012,Type_B,leakage_current,10.305,10.477,10.681,11.158,50.0,Healthy
C03013,L013,Type_A,leakage_current,10.19,10.394,10.842,11.255,50.0,Healthy
C03014,L014,Type_B,leakage_current,10.665,10.86,11.596,12.161,50.0,Healthy
C03015,L015,Type_A,leakage_current,10.713,10.832,11.209,11.374,50.0,Healthy
C03016,L016,Type_B,leakage_current,10.018,10.386,10.906,11.635,50.0,Healthy
C03017,L017,Type_A,leakage_current,10.26,17.337,38.224,58.881,50.0,Obvious_Failure
C03018,L018,Type_B,leakage_current,10.99,11.25,11.71,11.752,50.0,Healthy
C03019,L019,Type_A,leakage_current,10.486,10.622,10.937,11.215,50.0,Healthy
C03020,L020,Type_A,leakage_current,9.01,9.243,9.7,10.201,50.0,Healthy
C03021,L021,Type_A,leakage_current,10.225,13.68,32.501,50.493,50.0,Rapid_Drift
C03022,L022,Type_A,leakage_current,11.109,11.011,11.265,11.525,50.0,Healthy
C03023,L023,Type_A,leakage_current,9.458,11.695,29.387,39.537,50.0,Latent_Defect
C03024,L024,Type_B,leakage_current,10.779,10.654,10.845,11.07,50.0,Healthy
C03025,L025,Type_A,leakage_current,9.377,9.455,9.723,10.055,50.0,Healthy
C03026,L026,Type_A,leakage_current,10.746,10.919,11.24,11.636,50.0,Healthy
C03027,L027,Type_B,leakage_current,11.058,11.029,11.773,12.471,50.0,Healthy
C03028,L028,Type_A,leakage_current,9.999,10.289,10.759,10.913,50.0,Healthy
C03029,L029,Type_A,leakage_current,8.647,11.798,39.324,67.074,50.0,Rapid_Drift
C03030,L030,Type_A,leakage_current,11.126,11.348,11.782,12.188,50.0,Healthy
C03031,L031,Type_C,leakage_current,9.195,15.656,35.98,55.816,50.0,Obvious_Failure
C03032,L032,Type_A,leakage_current,9.397,9.7,10.151,10.75,50.0,Healthy
C03033,L033,Type_A,leakage_current,9.291,9.528,9.859,10.294,50.0,Healthy
C03034,L034,Type_A,leakage_current,9.991,9.993,10.744,11.372,50.0,Healthy
C03035,L035,Type_A,leakage_current,9.937,10.324,10.803,11.258,50.0,Healthy
C03036,L036,Type_A,leakage_current,9.912,9.583,9.7,9.994,50.0,Healthy
C03037,L037,Type_B,leakage_current,10.999,11.163,12.18,13.068,50.0,Healthy
C03038,L038,Type_C,leakage_current,9.852,10.342,10.858,11.445,50.0,Healthy
C03039,L039,Type_C,leakage_current,9.364,9.513,9.995,10.309,50.0,Healthy
C03040,L040,Type_B,leakage_current,11.031,11.077,11.437,11.4,50.0,Healthy
C03041,L041,Type_A,leakage_current,10.708,10.8,11.351,11.719,50.0,Healthy
C03042,L042,Type_A,leakage_current,10.331,10.371,10.654,10.913,50.0,Healthy
C03043,L043,Type_A,leakage_current,10.208,10.459,11.377,12.09,50.0,Healthy
C03044,L044,Type_A,leakage_current,9.105,16.242,36.93,58.329,50.0,Obvious_Failure
C03045,L045,Type_A,leakage_current,10.121,10.302,11.006,11.384,50.0,Healthy
C03046,L046,Type_B,leakage_current,10.441,10.618,11.073,11.378,50.0,Healthy
C03047,L047,Type_A,leakage_current,10.078,10.205,10.73,11.05,50.0,Healthy
C03048,L048,Type_A,leakage_current,7.949,7.959,8.435,8.664,50.0,Healthy
C03049,L049,Type_A,leakage_current,9.492,9.81,10.335,10.537,50.0,Healthy
C03050,L050,Type_B,leakage_current,9.908,10.01,11.062,11.615,50.0,Healthy
C03051,L051,Type_A,leakage_current,10.243,10.46,11.212,11.607,50.0,Healthy
C03052,L052,Type_B,leakage_current,11.003,10.993,11.481,11.686,50.0,Healthy
C03053,L053,Type_A,leakage_current,10.301,10.418,10.811,11.197,50.0,Healthy
C03054,L054,Type_C,leakage_current,9.249,11.301,29.947,40.237,50.0,Latent_Defect
C03055,L055,Type_B,leakage_current,10.754,10.99,11.163,11.708,50.0,Healthy
C03056,L056,Type_C,leakage_current,9.709,12.061,39.369,67.074,50.0,Rapid_Drift
C03057,L057,Type_A,leakage_current,9.631,9.767,10.571,11.086,50.0,Healthy
C03058,L058,Type_A,leakage_current,9.334,12.205,28.956,45.854,50.0,Rapid_Drift
C03059,L059,Type_B,leakage_current,10.223,10.392,11.14,11.643,50.0,Healthy
C03060,L060,Type_A,leakage_current,11.882,11.956,12.268,12.724,50.0,Healthy
C03061,L061,Type_B,leakage_current,10.456,10.581,10.971,11.379,50.0,Healthy
C03062,L062,Type_A,leakage_current,9.76,10.068,10.753,11.264,50.0,Healthy
C03063,L063,Type_A,leakage_current,10.164,10.321,10.586,10.943,50.0,Healthy
C03064,L064,Type_A,leakage_current,8.852,10.581,25.575,40.365,50.0,Latent_Defect
C03065,L065,Type_A,leakage_current,10.44,11.786,28.596,39.958,50.0,Latent_Defect
C03066,L066,Type_B,leakage_current,11.356,14.555,42.442,69.866,50.0,Rapid_Drift
C03067,L067,Type_A,leakage_current,11.199,11.332,12.424,13.372,50.0,Healthy
C03068,L068,Type_A,leakage_current,9.296,9.31,9.77,10.271,50.0,Healthy
C03069,L069,Type_B,leakage_current,10.664,10.987,10.984,11.364,50.0,Healthy
C03070,L070,Type_B,leakage_current,10.65,10.885,11.827,12.862,50.0,Healthy
C03071,L071,Type_A,leakage_current,10.852,10.919,11.353,11.659,50.0,Healthy
C03072,L072,Type_B,leakage_current,10.456,10.781,11.353,12.044,50.0,Healthy
C03073,L073,Type_B,leakage_current,11.705,11.933,12.62,13.683,50.0,Healthy
C03074,L074,Type_A,leakage_current,9.822,12.151,38.905,65.457,50.0,Rapid_Drift
C03075,L075,Type_A,leakage_current,11.97,12.258,13.202,14.119,50.0,Healthy
C03076,L076,Type_C,leakage_current,9.756,9.98,10.613,11.141,50.0,Healthy
C03077,L077,Type_A,leakage_current,10.347,10.625,11.218,11.902,50.0,Healthy
C03078,L078,Type_C,leakage_current,8.527,8.74,9.109,9.502,50.0,Healthy
C03079,L079,Type_A,leakage_current,10.414,10.453,11.113,12.026,50.0,Healthy
C03080,L080,Type_A,leakage_current,9.678,9.65,10.186,10.474,50.0,Healthy
C03081,L081,Type_B,leakage_current,11.282,11.434,11.975,12.474,50.0,Healthy
C03082,L082,Type_A,leakage_current,9.956,10.053,10.86,11.56,50.0,Healthy
C03083,L083,Type_A,leakage_current,10.509,10.959,11.882,13.101,50.0,Healthy
C03084,L084,Type_A,leakage_current,9.896,9.983,10.605,11.117,50.0,Healthy
C03085,L085,Type_A,leakage_current,11.017,11.341,11.963,12.102,50.0,Healthy
C03086,L086,Type_A,leakage_current,10.213,10.276,10.894,11.45,50.0,Healthy
C03087,L087,Type_A,leakage_current,8.97,9.031,9.929,10.237,50.0,Healthy
C03088,L088,Type_A,leakage_current,10.252,10.417,11.215,11.916,50.0,Healthy
C03089,L089,Type_A,leakage_current,10.495,10.94,11.711,12.103,50.0,Healthy
C03090,L090,Type_B,leakage_current,11.375,14.058,41.071,67.157,50.0,Rapid_Drift
C03091,L091,Type_A,leakage_current,8.706,8.843,8.96,9.327,50.0,Healthy
C03092,L092,Type_A,leakage_current,9.867,11.41,28.485,39.758,50.0,Latent_Defect
C03093,L093,Type_A,leakage_current,10.205,10.456,11.113,11.621,50.0,Healthy
C03094,L094,Type_B,leakage_current,10.256,18.056,42.473,66.798,50.0,Obvious_Failure
C03095,L095,Type_A,leakage_current,9.646,9.755,10.473,10.953,50.0,Healthy
C03096,L096,Type_A,leakage_current,9.789,10.001,10.371,10.582,50.0,Healthy
C03097,L097,Type_A,leakage_current,9.666,16.76,37.247,57.728,50.0,Obvious_Failure
C03098,L098,Type_A,leakage_current,11.11,13.344,29.249,45.469,50.0,Latent_Defect
C03099,L099,Type_A,leakage_current,9.105,9.502,9.936,10.469,50.0,Healthy
C03100,L100,Type_B,leakage_current,12.154,17.635,34.271,50.588,50.0,Obvious_Failure
C03101,L001,Type_B,leakage_current,10.426,10.558,11.24,11.9,50.0,Healthy
C03102,L002,Type_A,leakage_current,9.834,12.314,32.197,43.587,50.0,Latent_Defect
C03103,L003,Type_C,leakage_current,10.227,10.539,11.281,12.375,50.0,Healthy
C03104,L004,Type_B,leakage_current,11.751,14.41,43.124,72.06,50.0,Rapid_Drift
C03105,L005,Type_A,leakage_current,9.008,9.235,9.937,10.465,50.0,Healthy
C03106,L006,Type_A,leakage_current,9.961,12.011,30.525,44.154,50.0,Latent_Defect
C03107,L007,Type_A,leakage_current,10.347,10.642,11.27,11.721,50.0,Healthy
C03108,L008,Type_A,leakage_current,9.606,9.786,10.779,11.208,50.0,Healthy
C03109,L009,Type_C,leakage_current,9.014,12.648,32.519,52.343,50.0,Rapid_Drift
C03110,L010,Type_A,leakage_current,10.235,10.467,11.183,12.213,50.0,Healthy
C03111,L011,Type_B,leakage_current,10.814,11.031,11.565,12.017,50.0,Healthy
C03112,L012,Type_A,leakage_current,9.278,11.034,25.079,38.982,50.0,Latent_Defect
C03113,L013,Type_B,leakage_current,10.391,10.54,10.957,11.422,50.0,Healthy
C03114,L014,Type_A,leakage_current,10.374,11.865,26.375,40.223,50.0,Latent_Defect
C03115,L015,Type_B,leakage_current,10.189,10.234,10.46,10.799,50.0,Healthy
C03116,L016,Type_A,leakage_current,10.264,10.352,11.033,11.439,50.0,Healthy
C03117,L017,Type_B,leakage_current,10.856,11.045,11.662,12.25,50.0,Healthy
C03118,L018,Type_A,leakage_current,9.648,9.678,9.967,10.63,50.0,Healthy
C03119,L019,Type_A,leakage_current,9.714,9.991,10.493,11.057,50.0,Healthy
C03120,L020,Type_B,leakage_current,10.824,11.199,11.891,12.562,50.0,Healthy
C03121,L021,Type_A,leakage_current,10.039,10.132,10.463,11.053,50.0,Healthy
C03122,L022,Type_C,leakage_current,9.281,9.722,10.836,11.687,50.0,Healthy
C03123,L023,Type_C,leakage_current,9.945,9.988,10.877,11.749,50.0,Healthy
C03124,L024,Type_B,leakage_current,10.483,18.148,40.389,62.745,50.0,Obvious_Failure
C03125,L025,Type_C,leakage_current,10.374,10.601,11.12,11.348,50.0,Healthy
C03126,L026,Type_A,leakage_current,10.026,10.124,10.609,11.042,50.0,Healthy
C03127,L027,Type_C,leakage_current,10.512,12.654,33.112,48.162,50.0,Latent_Defect
C03128,L028,Type_A,leakage_current,10.893,10.861,10.904,11.137,50.0,Healthy
C03129,L029,Type_A,leakage_current,9.196,10.594,23.435,36.591,50.0,Latent_Defect
C03130,L030,Type_A,leakage_current,10.266,10.458,11.08,11.51,50.0,Healthy
C03131,L031,Type_A,leakage_current,9.843,9.857,10.184,10.504,50.0,Healthy
C03132,L032,Type_C,leakage_current,9.799,11.949,28.759,41.038,50.0,Latent_Defect
C03133,L033,Type_B,leakage_current,11.034,11.243,11.825,12.478,50.0,Healthy
C03134,L034,Type_A,leakage_current,9.911,10.114,10.983,11.901,50.0,Healthy
C03135,L035,Type_A,leakage_current,10.306,10.377,10.544,10.848,50.0,Healthy
C03136,L036,Type_A,leakage_current,9.715,10.056,10.384,10.746,50.0,Healthy
C03137,L037,Type_A,leakage_current,10.096,10.56,11.36,12.132,50.0,Healthy
C03138,L038,Type_C,leakage_current,10.921,11.087,11.222,11.248,50.0,Healthy
C03139,L039,Type_A,leakage_current,10.22,10.275,10.487,10.855,50.0,Healthy
C03140,L040,Type_B,leakage_current,11.118,11.279,11.696,11.978,50.0,Healthy
C03141,L041,Type_C,leakage_current,9.338,9.386,9.648,10.091,50.0,Healthy
C03142,L042,Type_A,leakage_current,10.058,11.334,25.127,39.414,50.0,Latent_Defect
C03143,L043,Type_A,leakage_current,10.53,10.714,11.382,12.095,50.0,Healthy
C03144,L044,Type_C,leakage_current,10.228,15.919,33.078,49.666,50.0,Obvious_Failure
C03145,L045,Type_B,leakage_current,9.789,9.877,10.262,10.707,50.0,Healthy
C03146,L046,Type_A,leakage_current,9.105,10.805,30.748,39.566,50.0,Latent_Defect
C03147,L047,Type_A,leakage_current,9.987,10.315,11.353,11.92,50.0,Healthy
C03148,L048,Type_A,leakage_current,10.708,11.01,11.895,12.385,50.0,Healthy
C03149,L049,Type_A,leakage_current,9.981,11.427,28.438,41.768,50.0,Latent_Defect
C03150,L050,Type_A,leakage_current,9.932,10.262,11.318,12.062,50.0,Healthy
C03151,L051,Type_A,leakage_current,10.221,10.369,11.1,11.849,50.0,Healthy
C03152,L052,Type_B,leakage_current,10.913,10.897,11.384,12.057,50.0,Healthy
C03153,L053,Type_A,leakage_current,10.984,11.204,11.431,11.945,50.0,Healthy
C03154,L054,Type_A,leakage_current,9.556,9.716,10.286,10.663,50.0,Healthy
C03155,L055,Type_C,leakage_current,9.684,9.882,10.747,11.773,50.0,Healthy
C03156,L056,Type_B,leakage_current,11.937,12.29,12.803,13.333,50.0,Healthy
C03157,L057,Type_B,leakage_current,10.77,10.977,11.75,12.397,50.0,Healthy
C03158,L058,Type_B,leakage_current,11.295,11.639,12.645,13.481,50.0,Healthy
C03159,L059,Type_B,leakage_current,11.184,13.495,31.715,38.975,50.0,Latent_Defect
C03160,L060,Type_A,leakage_current,10.589,10.683,10.935,11.638,50.0,Healthy
C03161,L061,Type_A,leakage_current,9.835,12.067,32.083,43.342,50.0,Latent_Defect
C03162,L062,Type_A,leakage_current,10.624,10.752,11.194,11.463,50.0,Healthy
C03163,L063,Type_C,leakage_current,9.904,10.033,10.608,11.328,50.0,Healthy
C03164,L064,Type_A,leakage_current,9.22,9.318,9.22,9.293,50.0,Healthy
C03165,L065,Type_B,leakage_current,9.887,10.127,10.384,10.449,50.0,Healthy
C03166,L066,Type_B,leakage_current,11.008,12.362,32.035,39.892,50.0,Latent_Defect
C03167,L067,Type_A,leakage_current,9.923,10.242,11.06,11.66,50.0,Healthy
C03168,L068,Type_A,leakage_current,10.714,10.75,10.972,11.219,50.0,Healthy
C03169,L069,Type_A,leakage_current,9.839,9.932,10.58,11.108,50.0,Healthy
C03170,L070,Type_A,leakage_current,9.824,10.022,10.528,10.864,50.0,Healthy
C03171,L071,Type_B,leakage_current,12.349,12.523,13.078,13.565,50.0,Healthy
C03172,L072,Type_A,leakage_current,10.393,10.83,11.647,12.241,50.0,Healthy
C03173,L073,Type_A,leakage_current,9.483,9.643,9.797,9.936,50.0,Healthy
C03174,L074,Type_C,leakage_current,9.911,10.092,10.118,10.556,50.0,Healthy
C03175,L075,Type_C,leakage_current,9.791,15.424,32.012,48.739,50.0,Obvious_Failure
C03176,L076,Type_C,leakage_current,9.981,10.05,10.23,10.641,50.0,Healthy
C03177,L077,Type_A,leakage_current,11.477,15.14,32.333,49.614,50.0,Rapid_Drift
C03178,L078,Type_B,leakage_current,10.78,10.781,11.021,11.489,50.0,Healthy
C03179,L079,Type_A,leakage_current,9.544,9.872,9.934,10.13,50.0,Healthy
C03180,L080,Type_B,leakage_current,10.969,11.262,12.005,12.787,50.0,Healthy
C03181,L081,Type_B,leakage_current,11.17,12.265,28.893,40.839,50.0,Latent_Defect
C03182,L082,Type_C,leakage_current,9.396,9.676,10.5,11.317,50.0,Healthy
C03183,L083,Type_A,leakage_current,10.61,10.574,10.907,11.222,50.0,Healthy
C03184,L084,Type_B,leakage_current,11.556,11.773,12.519,13.12,50.0,Healthy
C03185,L085,Type_B,leakage_current,11.186,11.379,11.565,11.715,50.0,Healthy
C03186,L086,Type_B,leakage_current,11.738,11.885,12.554,12.597,50.0,Healthy
C03187,L087,Type_A,leakage_current,10.073,10.094,10.277,10.693,50.0,Healthy
C03188,L088,Type_A,leakage_current,9.847,9.951,10.251,10.842,50.0,Healthy
C03189,L089,Type_A,leakage_current,10.838,14.043,38.394,62.181,50.0,Rapid_Drift
C03190,L090,Type_C,leakage_current,9.523,9.795,10.509,11.161,50.0,Healthy
C03191,L091,Type_B,leakage_current,11.17,11.455,11.865,11.982,50.0,Healthy
C03192,L092,Type_B,leakage_current,10.733,10.959,11.592,12.29,50.0,Healthy
C03193,L093,Type_A,leakage_current,10.179,10.223,10.448,10.653,50.0,Healthy
C03194,L094,Type_B,leakage_current,10.278,10.302,10.728,11.645,50.0,Healthy
C03195,L095,Type_A,leakage_current,10.585,10.856,11.491,12.449,50.0,Healthy
C03196,L096,Type_A,leakage_current,10.743,11.233,11.771,12.47,50.0,Healthy
C03197,L097,Type_A,leakage_current,10.938,13.599,40.237,66.727,50.0,Rapid_Drift
C03198,L098,Type_A,leakage_current,10.597,10.819,11.721,12.653,50.0,Healthy
C03199,L099,Type_B,leakage_current,10.302,10.388,10.902,11.403,50.0,Healthy
C03200,L100,Type_A,leakage_current,9.969,10.023,10.388,10.637,50.0,Healthy
C03201,L001,Type_A,leakage_current,9.358,9.552,10.296,10.85,50.0,Healthy
C03202,L002,Type_A,leakage_current,10.21,10.437,10.995,11.538,50.0,Healthy
C03203,L003,Type_A,leakage_current,9.977,10.059,10.69,11.195,50.0,Healthy
C03204,L004,Type_B,leakage_current,10.809,11.035,11.761,12.504,50.0,Healthy
C03205,L005,Type_A,leakage_current,10.238,10.376,10.881,11.449,50.0,Healthy
C03206,L006,Type_A,leakage_current,10.076,10.255,10.825,11.009,50.0,Healthy
C03207,L007,Type_B,leakage_current,11.345,11.559,12.215,12.79,50.0,Healthy
C03208,L008,Type_B,leakage_current,9.711,9.834,9.915,10.209,50.0,Healthy
C03209,L009,Type_A,leakage_current,10.326,10.296,10.464,10.776,50.0,Healthy
C03210,L010,Type_B,leakage_current,11.03,11.394,11.821,12.019,50.0,Healthy
C03211,L011,Type_A,leakage_current,11.721,12.201,13.019,13.977,50.0,Healthy
C03212,L012,Type_A,leakage_current,10.018,10.078,10.007,10.35,50.0,Healthy
C03213,L013,Type_B,leakage_current,10.389,10.577,11.015,11.38,50.0,Healthy
C03214,L014,Type_A,leakage_current,9.506,9.781,10.429,11.092,50.0,Healthy
C03215,L015,Type_A,leakage_current,10.926,11.18,11.376,11.922,50.0,Healthy
C03216,L016,Type_A,leakage_current,9.354,9.615,10.334,11.107,50.0,Healthy
C03217,L017,Type_A,leakage_current,10.519,20.178,48.831,77.489,50.0,Obvious_Failure
C03218,L018,Type_A,leakage_current,11.023,13.66,35.308,57.021,50.0,Rapid_Drift
C03219,L019,Type_A,leakage_current,10.17,12.528,41.4,70.035,50.0,Rapid_Drift
C03220,L020,Type_A,leakage_current,10.224,10.399,11.251,12.177,50.0,Healthy
C03221,L021,Type_A,leakage_current,9.645,9.704,10.483,11.059,50.0,Healthy
C03222,L022,Type_A,leakage_current,9.527,18.946,47.363,75.717,50.0,Obvious_Failure
C03223,L023,Type_B,leakage_current,11.097,11.22,11.811,11.979,50.0,Healthy
C03224,L024,Type_B,leakage_current,11.634,11.957,12.654,13.132,50.0,Healthy
C03225,L025,Type_A,leakage_current,9.328,9.68,10.373,10.975,50.0,Healthy
C03226,L026,Type_A,leakage_current,9.899,9.916,10.292,10.486,50.0,Healthy
C03227,L027,Type_B,leakage_current,10.138,10.016,10.299,10.566,50.0,Healthy
C03228,L028,Type_A,leakage_current,9.552,9.812,10.534,11.36,50.0,Healthy
C03229,L029,Type_B,leakage_current,10.045,10.229,10.343,10.374,50.0,Healthy
C03230,L030,Type_A,leakage_current,10.369,10.629,10.884,11.247,50.0,Healthy
C03231,L031,Type_A,leakage_current,9.677,9.86,10.312,10.839,50.0,Healthy
C03232,L032,Type_B,leakage_current,10.267,10.519,10.952,11.45,50.0,Healthy
C03233,L033,Type_A,leakage_current,9.873,16.946,36.98,57.623,50.0,Obvious_Failure
C03234,L034,Type_B,leakage_current,11.409,11.702,11.991,12.069,50.0,Healthy
C03235,L035,Type_C,leakage_current,8.633,10.492,30.437,39.932,50.0,Latent_Defect
C03236,L036,Type_A,leakage_current,10.002,18.913,46.089,73.035,50.0,Obvious_Failure
C03237,L037,Type_A,leakage_current,10.875,13.227,33.599,41.495,50.0,Latent_Defect
C03238,L038,Type_A,leakage_current,8.989,9.004,9.365,9.491,50.0,Healthy
C03239,L039,Type_B,leakage_current,10.044,10.301,10.711,11.064,50.0,Healthy
C03240,L040,Type_B,leakage_current,10.828,11.255,12.382,13.271,50.0,Healthy
C03241,L041,Type_A,leakage_current,9.99,10.325,10.95,11.642,50.0,Healthy
C03242,L042,Type_A,leakage_current,11.153,11.462,12.016,12.557,50.0,Healthy
C03243,L043,Type_B,leakage_current,9.968,9.93,10.324,10.781,50.0,Healthy
C03244,L044,Type_A,leakage_current,10.754,10.979,11.467,12.081,50.0,Healthy
C03245,L045,Type_B,leakage_current,10.176,10.471,11.131,12.151,50.0,Healthy
C03246,L046,Type_A,leakage_current,8.88,9.144,9.976,10.525,50.0,Healthy
C03247,L047,Type_B,leakage_current,10.545,10.68,11.182,11.743,50.0,Healthy
C03248,L048,Type_A,leakage_current,8.716,8.843,9.289,9.763,50.0,Healthy
C03249,L049,Type_A,leakage_current,10.411,13.069,31.177,49.194,50.0,Rapid_Drift
C03250,L050,Type_A,leakage_current,9.261,9.429,9.905,10.337,50.0,Healthy
C03251,L051,Type_B,leakage_current,11.503,11.6,12.208,12.471,50.0,Healthy
C03252,L052,Type_B,leakage_current,10.664,10.898,11.879,12.671,50.0,Healthy
C03253,L053,Type_B,leakage_current,10.56,10.901,11.358,11.622,50.0,Healthy
C03254,L054,Type_B,leakage_current,11.236,11.354,11.603,12.094,50.0,Healthy
C03255,L055,Type_A,leakage_current,10.377,10.518,11.283,12.306,50.0,Healthy
C03256,L056,Type_B,leakage_current,11.134,11.098,11.393,11.552,50.0,Healthy
C03257,L057,Type_B,leakage_current,10.061,10.503,11.157,12.12,50.0,Healthy
C03258,L058,Type_B,leakage_current,10.926,13.814,31.391,48.552,50.0,Rapid_Drift
C03259,L059,Type_C,leakage_current,9.369,9.619,10.429,11.183,50.0,Healthy
C03260,L060,Type_A,leakage_current,9.838,10.1,11.092,12.352,50.0,Healthy
C03261,L061,Type_B,leakage_current,9.711,12.309,36.3,59.633,50.0,Rapid_Drift
C03262,L062,Type_A,leakage_current,9.784,11.566,24.752,37.825,50.0,Latent_Defect
C03263,L063,Type_B,leakage_current,11.467,11.633,12.162,13.188,50.0,Healthy
C03264,L064,Type_A,leakage_current,10.174,10.373,10.877,11.574,50.0,Healthy
C03265,L065,Type_B,leakage_current,10.826,11.087,11.601,11.996,50.0,Healthy
C03266,L066,Type_A,leakage_current,10.245,10.455,10.965,11.284,50.0,Healthy
C03267,L067,Type_C,leakage_current,8.732,8.82,9.446,10.225,50.0,Healthy
C03268,L068,Type_A,leakage_current,9.782,9.823,10.578,11.3,50.0,Healthy
C03269,L069,Type_B,leakage_current,11.269,13.208,30.596,44.968,50.0,Latent_Defect
C03270,L070,Type_A,leakage_current,11.146,10.985,11.441,11.871,50.0,Healthy
C03271,L071,Type_A,leakage_current,9.655,10.103,10.502,11.203,50.0,Healthy
C03272,L072,Type_A,leakage_current,10.102,10.13,10.064,10.475,50.0,Healthy
C03273,L073,Type_C,leakage_current,10.124,10.401,11.517,12.069,50.0,Healthy
C03274,L074,Type_B,leakage_current,10.172,13.908,30.871,47.717,50.0,Rapid_Drift
C03275,L075,Type_A,leakage_current,9.84,9.758,10.27,11.101,50.0,Healthy
C03276,L076,Type_A,leakage_current,9.933,10.218,10.474,10.981,50.0,Healthy
C03277,L077,Type_A,leakage_current,9.223,10.509,26.311,41.968,50.0,Latent_Defect
C03278,L078,Type_C,leakage_current,9.109,9.279,9.732,10.795,50.0,Healthy
C03279,L079,Type_A,leakage_current,9.746,9.938,10.425,10.75,50.0,Healthy
C03280,L080,Type_A,leakage_current,9.617,9.837,10.268,10.932,50.0,Healthy
C03281,L081,Type_A,leakage_current,9.517,9.809,10.394,10.807,50.0,Healthy
C03282,L082,Type_C,leakage_current,10.194,10.362,10.964,11.345,50.0,Healthy
C03283,L083,Type_A,leakage_current,10.631,10.603,10.846,11.197,50.0,Healthy
C03284,L084,Type_A,leakage_current,10.679,13.625,35.077,56.293,50.0,Rapid_Drift
C03285,L085,Type_B,leakage_current,10.544,15.967,32.771,48.665,50.0,Obvious_Failure
C03286,L086,Type_A,leakage_current,11.13,11.167,11.498,12.254,50.0,Healthy
C03287,L087,Type_B,leakage_current,10.163,10.453,10.717,11.469,50.0,Healthy
C03288,L088,Type_A,leakage_current,11.031,20.383,47.832,74.892,50.0,Obvious_Failure
C03289,L089,Type_A,leakage_current,11.343,11.637,12.743,13.557,50.0,Healthy
C03290,L090,Type_A,leakage_current,9.629,9.885,10.835,11.59,50.0,Healthy
C03291,L091,Type_C,leakage_current,9.425,9.577,10.37,10.908,50.0,Healthy
C03292,L092,Type_A,leakage_current,9.842,11.345,24.672,37.181,50.0,Latent_Defect
C03293,L093,Type_A,leakage_current,9.838,10.071,10.484,10.968,50.0,Healthy
C03294,L094,Type_A,leakage_current,10.207,10.148,10.298,10.626,50.0,Healthy
C03295,L095,Type_B,leakage_current,11.302,11.562,11.815,12.189,50.0,Healthy
C03296,L096,Type_C,leakage_current,10.05,10.206,10.801,10.96,50.0,Healthy
C03297,L097,Type_A,leakage_current,9.739,10.009,10.885,11.545,50.0,Healthy
C03298,L098,Type_A,leakage_current,8.751,8.91,9.502,10.228,50.0,Healthy
C03299,L099,Type_A,leakage_current,10.118,10.313,11.082,11.728,50.0,Healthy
C03300,L100,Type_A,leakage_current,10.856,11.076,11.883,12.623,50.0,Healthy
C03301,L001,Type_A,leakage_current,10.326,17.671,40.728,63.593,50.0,Obvious_Failure
C03302,L002,Type_A,leakage_current,9.978,10.086,10.919,11.65,50.0,Healthy
C03303,L003,Type_A,leakage_current,9.532,9.781,9.915,10.567,50.0,Healthy
C03304,L004,Type_A,leakage_current,10.49,10.563,10.839,11.015,50.0,Healthy
C03305,L005,Type_B,leakage_current,11.123,11.238,12.028,12.736,50.0,Healthy
C03306,L006,Type_A,leakage_current,9.138,11.97,33.441,54.396,50.0,Rapid_Drift
C03307,L007,Type_A,leakage_current,9.922,9.968,10.381,10.895,50.0,Healthy
C03308,L008,Type_B,leakage_current,11.13,11.631,12.439,12.977,50.0,Healthy
C03309,L009,Type_A,leakage_current,9.671,9.585,10.02,10.106,50.0,Healthy
C03310,L010,Type_B,leakage_current,10.055,10.187,11.019,11.805,50.0,Healthy
C03311,L011,Type_A,leakage_current,9.312,9.496,9.693,10.023,50.0,Healthy
C03312,L012,Type_C,leakage_current,10.03,10.186,10.936,11.55,50.0,Healthy
C03313,L013,Type_B,leakage_current,11.419,18.654,39.736,61.139,50.0,Obvious_Failure
C03314,L014,Type_A,leakage_current,9.636,9.827,10.558,11.302,50.0,Healthy
C03315,L015,Type_A,leakage_current,9.557,9.884,10.411,10.968,50.0,Healthy
C03316,L016,Type_A,leakage_current,9.939,11.749,30.51,40.649,50.0,Latent_Defect
C03317,L017,Type_B,leakage_current,11.743,11.89,12.276,12.703,50.0,Healthy
C03318,L018,Type_C,leakage_current,9.498,9.772,10.322,10.78,50.0,Healthy
C03319,L019,Type_A,leakage_current,11.14,12.527,26.476,41.041,50.0,Latent_Defect
C03320,L020,Type_A,leakage_current,9.361,9.351,9.674,10.0,50.0,Healthy
C03321,L021,Type_A,leakage_current,9.268,9.525,10.237,10.971,50.0,Healthy
C03322,L022,Type_A,leakage_current,10.048,10.106,10.999,11.304,50.0,Healthy
C03323,L023,Type_A,leakage_current,8.36,10.837,28.892,46.427,50.0,Latent_Defect
C03324,L024,Type_A,leakage_current,9.73,9.75,10.493,10.866,50.0,Healthy
C03325,L025,Type_A,leakage_current,9.772,9.999,10.726,11.513,50.0,Healthy
C03326,L026,Type_A,leakage_current,9.741,11.808,24.408,37.397,50.0,Latent_Defect
C03327,L027,Type_A,leakage_current,10.302,12.14,24.675,37.331,50.0,Latent_Defect
C03328,L028,Type_C,leakage_current,10.056,11.658,23.951,36.667,50.0,Latent_Defect
C03329,L029,Type_A,leakage_current,9.806,9.88,10.105,10.515,50.0,Healthy
C03330,L030,Type_C,leakage_current,9.783,10.088,10.911,11.989,50.0,Healthy
C03331,L031,Type_C,leakage_current,8.481,17.764,45.338,73.636,50.0,Obvious_Failure
C03332,L032,Type_A,leakage_current,9.447,9.76,10.22,10.639,50.0,Healthy
C03333,L033,Type_A,leakage_current,10.225,10.352,10.975,11.709,50.0,Healthy
C03334,L034,Type_B,leakage_current,11.03,11.066,11.83,12.531,50.0,Healthy
C03335,L035,Type_A,leakage_current,9.897,10.015,10.674,11.141,50.0,Healthy
C03336,L036,Type_C,leakage_current,9.787,10.099,10.203,11.022,50.0,Healthy
C03337,L037,Type_A,leakage_current,9.299,9.369,9.789,9.984,50.0,Healthy
C03338,L038,Type_A,leakage_current,10.039,10.19,10.644,11.095,50.0,Healthy
C03339,L039,Type_B,leakage_current,10.496,10.714,11.131,12.123,50.0,Healthy
C03340,L040,Type_A,leakage_current,9.399,9.739,10.325,11.292,50.0,Healthy
C03341,L041,Type_A,leakage_current,10.727,11.064,11.611,12.091,50.0,Healthy
C03342,L042,Type_A,leakage_current,10.954,11.239,11.873,12.61,50.0,Healthy
C03343,L043,Type_B,leakage_current,10.383,10.747,11.058,11.822,50.0,Healthy
C03344,L044,Type_B,leakage_current,10.817,11.041,11.352,11.827,50.0,Healthy
C03345,L045,Type_B,leakage_current,11.374,11.425,11.727,12.178,50.0,Healthy
C03346,L046,Type_A,leakage_current,9.889,10.207,11.306,12.457,50.0,Healthy
C03347,L047,Type_C,leakage_current,10.717,10.835,11.305,11.708,50.0,Healthy
C03348,L048,Type_B,leakage_current,11.041,11.326,12.007,12.861,50.0,Healthy
C03349,L049,Type_A,leakage_current,10.228,10.401,10.963,11.442,50.0,Healthy
C03350,L050,Type_B,leakage_current,10.178,10.211,10.909,11.257,50.0,Healthy
C03351,L051,Type_B,leakage_current,9.81,12.185,25.673,39.419,50.0,Latent_Defect
C03352,L052,Type_A,leakage_current,10.55,10.54,11.326,11.894,50.0,Healthy
C03353,L053,Type_A,leakage_current,9.884,9.949,10.736,11.018,50.0,Healthy
C03354,L054,Type_B,leakage_current,9.428,9.392,10.117,10.774,50.0,Healthy
C03355,L055,Type_B,leakage_current,10.544,10.989,12.17,12.974,50.0,Healthy
C03356,L056,Type_A,leakage_current,10.927,11.264,11.985,13.055,50.0,Healthy
C03357,L057,Type_A,leakage_current,9.183,9.294,9.526,9.771,50.0,Healthy
C03358,L058,Type_B,leakage_current,10.63,10.848,11.233,11.863,50.0,Healthy
C03359,L059,Type_A,leakage_current,9.258,9.477,10.075,10.614,50.0,Healthy
C03360,L060,Type_A,leakage_current,10.154,10.346,10.897,11.667,50.0,Healthy
C03361,L061,Type_B,leakage_current,9.244,11.306,23.875,35.984,50.0,Latent_Defect
C03362,L062,Type_A,leakage_current,8.996,9.244,9.659,10.204,50.0,Healthy
C03363,L063,Type_B,leakage_current,10.515,16.43,34.297,51.398,50.0,Obvious_Failure
C03364,L064,Type_A,leakage_current,9.895,10.022,10.582,11.603,50.0,Healthy
C03365,L065,Type_A,leakage_current,9.963,16.681,37.134,57.423,50.0,Obvious_Failure
C03366,L066,Type_A,leakage_current,10.953,16.21,31.271,46.271,50.0,Obvious_Failure
C03367,L067,Type_B,leakage_current,9.561,9.532,9.985,10.61,50.0,Healthy
C03368,L068,Type_A,leakage_current,10.017,10.291,10.789,11.145,50.0,Healthy
C03369,L069,Type_A,leakage_current,9.258,9.508,10.014,10.473,50.0,Healthy
C03370,L070,Type_A,leakage_current,9.687,10.0,10.431,10.709,50.0,Healthy
C03371,L071,Type_A,leakage_current,9.565,9.557,10.126,10.566,50.0,Healthy
C03372,L072,Type_A,leakage_current,9.799,10.152,10.663,10.923,50.0,Healthy
C03373,L073,Type_C,leakage_current,8.47,8.771,9.704,10.582,50.0,Healthy
C03374,L074,Type_B,leakage_current,10.498,10.602,11.374,12.276,50.0,Healthy
C03375,L075,Type_A,leakage_current,10.276,10.489,11.225,11.852,50.0,Healthy
C03376,L076,Type_A,leakage_current,10.956,10.923,11.069,11.35,50.0,Healthy
C03377,L077,Type_A,leakage_current,10.023,10.312,11.137,11.835,50.0,Healthy
C03378,L078,Type_A,leakage_current,9.633,9.711,10.189,10.738,50.0,Healthy
C03379,L079,Type_A,leakage_current,9.485,9.608,10.873,11.642,50.0,Healthy
C03380,L080,Type_B,leakage_current,11.032,11.274,11.958,12.664,50.0,Healthy
C03381,L081,Type_A,leakage_current,10.179,10.547,11.337,12.547,50.0,Healthy
C03382,L082,Type_B,leakage_current,10.402,13.339,41.999,70.821,50.0,Rapid_Drift
C03383,L083,Type_B,leakage_current,10.669,12.44,26.969,38.025,50.0,Latent_Defect
C03384,L084,Type_C,leakage_current,9.155,9.254,9.354,10.003,50.0,Healthy
C03385,L085,Type_B,leakage_current,10.605,10.687,11.368,12.146,50.0,Healthy
C03386,L086,Type_B,leakage_current,10.585,10.487,10.872,11.242,50.0,Healthy
C03387,L087,Type_C,leakage_current,9.962,11.713,31.776,38.018,50.0,Latent_Defect
C03388,L088,Type_C,leakage_current,9.714,9.89,10.58,11.369,50.0,Healthy
C03389,L089,Type_C,leakage_current,8.994,9.169,9.982,10.812,50.0,Healthy
C03390,L090,Type_B,leakage_current,10.33,10.488,10.614,10.804,50.0,Healthy
C03391,L091,Type_C,leakage_current,9.767,10.169,10.755,11.769,50.0,Healthy
C03392,L092,Type_A,leakage_current,10.224,10.437,11.024,11.784,50.0,Healthy
C03393,L093,Type_A,leakage_current,10.219,16.942,36.906,56.466,50.0,Obvious_Failure
C03394,L094,Type_B,leakage_current,11.55,11.674,12.067,12.765,50.0,Healthy
C03395,L095,Type_A,leakage_current,8.876,9.33,10.097,10.459,50.0,Healthy
C03396,L096,Type_A,leakage_current,9.575,9.795,10.789,11.362,50.0,Healthy
C03397,L097,Type_C,leakage_current,8.967,9.261,9.598,9.658,50.0,Healthy
C03398,L098,Type_B,leakage_current,11.344,14.135,42.021,69.816,50.0,Rapid_Drift
C03399,L099,Type_C,leakage_current,9.375,9.421,9.723,9.978,50.0,Healthy
C03400,L100,Type_C,leakage_current,9.361,9.743,10.861,11.939,50.0,Healthy
C03401,L001,Type_A,leakage_current,10.142,10.374,11.113,11.945,50.0,Healthy
C03402,L002,Type_A,leakage_current,10.548,10.576,10.736,11.02,50.0,Healthy
C03403,L003,Type_A,leakage_current,10.534,10.737,11.331,11.946,50.0,Healthy
C03404,L004,Type_C,leakage_current,8.864,8.894,9.293,9.608,50.0,Healthy
C03405,L005,Type_A,leakage_current,10.17,11.014,24.28,37.089,50.0,Latent_Defect
C03406,L006,Type_B,leakage_current,10.269,11.703,31.098,39.486,50.0,Latent_Defect
C03407,L007,Type_A,leakage_current,10.313,10.511,11.298,12.106,50.0,Healthy
C03408,L008,Type_A,leakage_current,10.131,10.511,11.233,12.04,50.0,Healthy
C03409,L009,Type_B,leakage_current,10.34,10.463,10.824,10.947,50.0,Healthy
C03410,L010,Type_A,leakage_current,9.47,9.741,10.163,10.467,50.0,Healthy
C03411,L011,Type_B,leakage_current,9.732,9.904,10.678,11.571,50.0,Healthy
C03412,L012,Type_B,leakage_current,10.765,10.982,11.217,11.46,50.0,Healthy
C03413,L013,Type_C,leakage_current,10.388,10.778,11.378,11.969,50.0,Healthy
C03414,L014,Type_A,leakage_current,9.873,9.985,10.468,11.015,50.0,Healthy
C03415,L015,Type_B,leakage_current,10.686,10.946,11.792,12.543,50.0,Healthy
C03416,L016,Type_A,leakage_current,8.788,9.42,10.163,11.081,50.0,Healthy
C03417,L017,Type_A,leakage_current,9.641,9.573,10.269,10.99,50.0,Healthy
C03418,L018,Type_B,leakage_current,10.769,10.927,11.478,12.083,50.0,Healthy
C03419,L019,Type_A,leakage_current,9.168,9.429,10.001,10.693,50.0,Healthy
C03420,L020,Type_B,leakage_current,10.772,12.194,27.591,43.131,50.0,Latent_Defect
C03421,L021,Type_A,leakage_current,9.222,9.577,10.119,10.827,50.0,Healthy
C03422,L022,Type_A,leakage_current,9.589,13.004,31.108,49.386,50.0,Rapid_Drift
C03423,L023,Type_A,leakage_current,9.747,9.875,10.281,11.081,50.0,Healthy
C03424,L024,Type_A,leakage_current,10.528,10.673,10.967,11.453,50.0,Healthy
C03425,L025,Type_B,leakage_current,10.634,10.684,11.248,11.708,50.0,Healthy
C03426,L026,Type_A,leakage_current,10.578,10.64,11.307,11.71,50.0,Healthy
C03427,L027,Type_A,leakage_current,9.644,9.973,10.51,10.714,50.0,Healthy
C03428,L028,Type_A,leakage_current,10.385,10.459,10.526,10.61,50.0,Healthy
C03429,L029,Type_C,leakage_current,8.616,8.786,9.223,9.784,50.0,Healthy
C03430,L030,Type_A,leakage_current,9.125,9.585,9.994,10.12,50.0,Healthy
C03431,L031,Type_C,leakage_current,10.218,10.321,10.923,11.561,50.0,Healthy
C03432,L032,Type_C,leakage_current,9.451,9.745,10.541,11.374,50.0,Healthy
C03433,L033,Type_B,leakage_current,10.722,13.242,31.112,39.324,50.0,Latent_Defect
C03434,L034,Type_A,leakage_current,10.442,10.685,11.09,11.442,50.0,Healthy
C03435,L035,Type_A,leakage_current,10.101,10.35,10.663,10.827,50.0,Healthy
C03436,L036,Type_A,leakage_current,10.217,10.496,11.221,11.863,50.0,Healthy
C03437,L037,Type_B,leakage_current,10.375,10.388,11.065,11.331,50.0,Healthy
C03438,L038,Type_A,leakage_current,10.509,10.521,10.819,11.013,50.0,Healthy
C03439,L039,Type_C,leakage_current,10.216,10.34,10.721,11.434,50.0,Healthy
C03440,L040,Type_B,leakage_current,10.948,11.025,11.607,11.589,50.0,Healthy
C03441,L041,Type_A,leakage_current,9.012,9.246,9.918,10.738,50.0,Healthy
C03442,L042,Type_B,leakage_current,11.26,11.363,11.966,12.68,50.0,Healthy
C03443,L043,Type_A,leakage_current,9.613,9.957,10.713,11.59,50.0,Healthy
C03444,L044,Type_A,leakage_current,11.075,13.595,33.591,44.952,50.0,Latent_Defect
C03445,L045,Type_A,leakage_current,8.784,9.152,9.874,10.504,50.0,Healthy
C03446,L046,Type_A,leakage_current,11.148,11.456,11.967,12.452,50.0,Healthy
C03447,L047,Type_A,leakage_current,10.387,10.428,10.994,12.034,50.0,Healthy
C03448,L048,Type_A,leakage_current,10.665,10.8,11.669,12.609,50.0,Healthy
C03449,L049,Type_A,leakage_current,10.211,13.497,33.815,54.428,50.0,Rapid_Drift
C03450,L050,Type_A,leakage_current,10.896,13.622,35.033,56.037,50.0,Rapid_Drift
C03451,L051,Type_C,leakage_current,10.007,10.249,10.961,11.922,50.0,Healthy
C03452,L052,Type_A,leakage_current,9.977,12.036,28.45,40.857,50.0,Latent_Defect
C03453,L053,Type_A,leakage_current,8.759,9.106,9.893,10.497,50.0,Healthy
C03454,L054,Type_A,leakage_current,10.114,13.045,29.597,45.614,50.0,Rapid_Drift
C03455,L055,Type_A,leakage_current,11.097,11.31,11.692,11.893,50.0,Healthy
C03456,L056,Type_B,leakage_current,11.336,11.617,12.294,12.598,50.0,Healthy
C03457,L057,Type_B,leakage_current,11.129,13.578,25.675,37.487,50.0,Latent_Defect
C03458,L058,Type_B,leakage_current,11.606,12.91,33.694,39.841,50.0,Latent_Defect
C03459,L059,Type_A,leakage_current,10.843,10.923,11.598,12.291,50.0,Healthy
C03460,L060,Type_A,leakage_current,10.028,10.362,10.652,10.989,50.0,Healthy
C03461,L061,Type_B,leakage_current,11.284,12.544,27.276,41.729,50.0,Latent_Defect
C03462,L062,Type_C,leakage_current,9.299,9.605,10.056,10.708,50.0,Healthy
C03463,L063,Type_A,leakage_current,9.908,10.238,11.173,12.162,50.0,Healthy
C03464,L064,Type_A,leakage_current,10.708,10.879,11.436,11.929,50.0,Healthy
C03465,L065,Type_A,leakage_current,10.79,10.889,11.554,12.207,50.0,Healthy
C03466,L066,Type_C,leakage_current,7.754,8.024,8.545,8.884,50.0,Healthy
C03467,L067,Type_B,leakage_current,10.847,11.075,11.578,12.168,50.0,Healthy
C03468,L068,Type_C,leakage_current,9.554,9.905,10.695,11.331,50.0,Healthy
C03469,L069,Type_B,leakage_current,10.996,11.199,12.08,12.851,50.0,Healthy
C03470,L070,Type_A,leakage_current,9.756,9.966,10.579,11.29,50.0,Healthy
C03471,L071,Type_A,leakage_current,8.488,8.532,8.77,9.11,50.0,Healthy
C03472,L072,Type_A,leakage_current,10.678,10.899,11.647,12.568,50.0,Healthy
C03473,L073,Type_B,leakage_current,11.899,13.783,25.29,37.814,50.0,Latent_Defect
C03474,L074,Type_A,leakage_current,9.944,10.355,11.369,12.406,50.0,Healthy
C03475,L075,Type_C,leakage_current,10.005,10.22,10.593,10.601,50.0,Healthy
C03476,L076,Type_A,leakage_current,10.406,10.462,10.706,10.989,50.0,Healthy
C03477,L077,Type_A,leakage_current,9.648,9.93,10.189,10.596,50.0,Healthy
C03478,L078,Type_A,leakage_current,10.46,10.682,11.497,11.834,50.0,Healthy
C03479,L079,Type_A,leakage_current,9.754,9.838,10.387,10.941,50.0,Healthy
C03480,L080,Type_C,leakage_current,9.847,10.086,10.571,11.379,50.0,Healthy
C03481,L081,Type_A,leakage_current,10.639,12.819,28.64,43.703,50.0,Latent_Defect
C03482,L082,Type_A,leakage_current,10.176,10.717,11.61,12.401,50.0,Healthy
C03483,L083,Type_B,leakage_current,11.025,11.313,12.082,13.05,50.0,Healthy
C03484,L084,Type_B,leakage_current,10.116,10.354,10.666,11.477,50.0,Healthy
C03485,L085,Type_C,leakage_current,9.833,10.226,11.05,11.859,50.0,Healthy
C03486,L086,Type_B,leakage_current,10.578,12.342,28.617,44.956,50.0,Latent_Defect
C03487,L087,Type_C,leakage_current,8.968,8.993,9.437,10.168,50.0,Healthy
C03488,L088,Type_C,leakage_current,9.761,9.896,10.384,10.716,50.0,Healthy
C03489,L089,Type_A,leakage_current,9.423,12.418,33.732,54.561,50.0,Rapid_Drift
C03490,L090,Type_C,leakage_current,8.963,9.083,9.513,9.956,50.0,Healthy
C03491,L091,Type_C,leakage_current,9.287,11.414,24.718,38.052,50.0,Latent_Defect
C03492,L092,Type_B,leakage_current,11.361,11.352,11.845,12.485,50.0,Healthy
C03493,L093,Type_B,leakage_current,10.438,10.622,11.499,12.37,50.0,Healthy
C03494,L094,Type_A,leakage_current,10.043,10.243,10.436,11.08,50.0,Healthy
C03495,L095,Type_A,leakage_current,10.499,10.812,11.342,12.19,50.0,Healthy
C03496,L096,Type_A,leakage_current,10.448,10.597,11.101,11.759,50.0,Healthy
C03497,L097,Type_C,leakage_current,8.882,9.129,9.763,10.558,50.0,Healthy
C03498,L098,Type_A,leakage_current,9.507,9.754,10.206,10.627,50.0,Healthy
C03499,L099,Type_A,leakage_current,9.809,9.816,10.388,11.047,50.0,Healthy
C03500,L100,Type_A,leakage_current,9.662,9.878,10.714,11.477,50.0,Healthy
C03501,L001,Type_A,leakage_current,10.401,18.105,41.363,64.694,50.0,Obvious_Failure
C03502,L002,Type_A,leakage_current,8.96,9.403,10.2,10.828,50.0,Healthy
C03503,L003,Type_A,leakage_current,9.599,17.53,41.789,66.685,50.0,Obvious_Failure
C03504,L004,Type_A,leakage_current,8.958,12.783,37.223,62.132,50.0,Rapid_Drift
C03505,L005,Type_C,leakage_current,9.2,11.365,29.305,47.276,50.0,Latent_Defect
C03506,L006,Type_C,leakage_current,9.529,9.459,9.783,10.233,50.0,Healthy
C03507,L007,Type_C,leakage_current,8.897,9.168,9.674,10.539,50.0,Healthy
C03508,L008,Type_B,leakage_current,11.772,11.966,12.558,12.952,50.0,Healthy
C03509,L009,Type_A,leakage_current,9.684,9.991,10.198,10.696,50.0,Healthy
C03510,L010,Type_C,leakage_current,10.539,10.793,11.014,11.356,50.0,Healthy
C03511,L011,Type_C,leakage_current,8.695,8.98,9.5,9.949,50.0,Healthy
C03512,L012,Type_A,leakage_current,10.037,13.78,36.434,59.345,50.0,Rapid_Drift
C03513,L013,Type_A,leakage_current,9.794,12.801,35.336,57.215,50.0,Rapid_Drift
C03514,L014,Type_B,leakage_current,11.234,13.206,32.945,38.681,50.0,Latent_Defect
C03515,L015,Type_A,leakage_current,9.844,10.005,10.433,10.782,50.0,Healthy
C03516,L016,Type_A,leakage_current,10.168,10.303,11.197,12.255,50.0,Healthy
C03517,L017,Type_B,leakage_current,10.224,10.429,11.247,12.063,50.0,Healthy
C03518,L018,Type_A,leakage_current,11.314,15.165,37.143,58.251,50.0,Rapid_Drift
C03519,L019,Type_C,leakage_current,10.619,11.026,11.65,12.326,50.0,Healthy
C03520,L020,Type_A,leakage_current,11.48,11.696,12.181,12.6,50.0,Healthy
C03521,L021,Type_A,leakage_current,10.67,10.839,11.618,12.169,50.0,Healthy
C03522,L022,Type_B,leakage_current,11.129,11.448,11.67,12.041,50.0,Healthy
C03523,L023,Type_B,leakage_current,9.576,11.186,25.939,41.18,50.0,Latent_Defect
C03524,L024,Type_B,leakage_current,11.309,11.284,11.669,12.163,50.0,Healthy
C03525,L025,Type_A,leakage_current,9.736,10.042,10.87,11.982,50.0,Healthy
C03526,L026,Type_B,leakage_current,10.761,10.994,11.581,12.238,50.0,Healthy
C03527,L027,Type_A,leakage_current,10.374,10.665,11.823,12.873,50.0,Healthy
C03528,L028,Type_C,leakage_current,8.389,8.614,9.443,10.056,50.0,Healthy
C03529,L029,Type_B,leakage_current,11.112,11.643,12.751,13.868,50.0,Healthy
C03530,L030,Type_B,leakage_current,10.708,11.005,11.694,12.706,50.0,Healthy
C03531,L031,Type_A,leakage_current,9.67,9.856,10.552,11.109,50.0,Healthy
C03532,L032,Type_A,leakage_current,10.293,10.23,10.54,10.817,50.0,Healthy
C03533,L033,Type_A,leakage_current,10.506,10.846,11.785,12.783,50.0,Healthy
C03534,L034,Type_B,leakage_current,10.794,10.772,11.045,11.552,50.0,Healthy
C03535,L035,Type_C,leakage_current,9.092,10.587,27.265,43.87,50.0,Latent_Defect
C03536,L036,Type_B,leakage_current,10.639,10.861,11.349,12.062,50.0,Healthy
C03537,L037,Type_A,leakage_current,9.598,9.907,10.568,11.242,50.0,Healthy
C03538,L038,Type_C,leakage_current,9.871,10.145,11.153,12.35,50.0,Healthy
C03539,L039,Type_A,leakage_current,9.804,10.12,10.641,11.256,50.0,Healthy
C03540,L040,Type_A,leakage_current,9.848,9.925,10.504,11.017,50.0,Healthy
C03541,L041,Type_B,leakage_current,11.227,11.331,11.925,12.42,50.0,Healthy
C03542,L042,Type_A,leakage_current,10.122,10.474,11.111,11.76,50.0,Healthy
C03543,L043,Type_A,leakage_current,10.979,11.176,11.786,12.339,50.0,Healthy
C03544,L044,Type_B,leakage_current,11.267,11.677,12.51,13.447,50.0,Healthy
C03545,L045,Type_A,leakage_current,10.53,10.883,11.426,12.012,50.0,Healthy
C03546,L046,Type_B,leakage_current,10.339,10.338,11.041,11.445,50.0,Healthy
C03547,L047,Type_B,leakage_current,11.51,14.837,39.777,64.729,50.0,Rapid_Drift
C03548,L048,Type_A,leakage_current,10.049,10.347,10.833,11.677,50.0,Healthy
C03549,L049,Type_C,leakage_current,10.457,10.814,11.365,11.732,50.0,Healthy
C03550,L050,Type_A,leakage_current,10.265,10.56,11.401,12.233,50.0,Healthy
C03551,L051,Type_B,leakage_current,10.976,11.235,12.135,12.824,50.0,Healthy
C03552,L052,Type_A,leakage_current,9.066,9.266,10.364,11.097,50.0,Healthy
C03553,L053,Type_C,leakage_current,8.95,11.498,31.197,51.655,50.0,Rapid_Drift
C03554,L054,Type_A,leakage_current,10.133,10.374,10.677,10.958,50.0,Healthy
C03555,L055,Type_A,leakage_current,8.794,8.905,9.412,9.484,50.0,Healthy
C03556,L056,Type_A,leakage_current,10.274,10.662,11.617,12.951,50.0,Healthy
C03557,L057,Type_C,leakage_current,8.351,8.667,9.605,10.007,50.0,Healthy
C03558,L058,Type_B,leakage_current,11.454,11.744,12.346,12.573,50.0,Healthy
C03559,L059,Type_B,leakage_current,11.564,11.84,12.77,14.082,50.0,Healthy
C03560,L060,Type_A,leakage_current,10.294,10.39,11.309,12.038,50.0,Healthy
C03561,L061,Type_C,leakage_current,9.981,10.399,11.376,12.262,50.0,Healthy
C03562,L062,Type_B,leakage_current,11.346,11.526,11.563,11.794,50.0,Healthy
C03563,L063,Type_A,leakage_current,11.082,11.263,11.971,12.655,50.0,Healthy
C03564,L064,Type_B,leakage_current,10.718,10.811,11.506,12.229,50.0,Healthy
C03565,L065,Type_A,leakage_current,10.77,12.373,32.079,41.354,50.0,Latent_Defect
C03566,L066,Type_C,leakage_current,8.315,8.381,8.694,8.779,50.0,Healthy
C03567,L067,Type_A,leakage_current,9.788,10.055,11.176,11.973,50.0,Healthy
C03568,L068,Type_C,leakage_current,10.283,13.506,35.492,57.595,50.0,Rapid_Drift
C03569,L069,Type_B,leakage_current,10.821,11.027,11.726,12.302,50.0,Healthy
C03570,L070,Type_B,leakage_current,11.541,11.682,12.162,12.375,50.0,Healthy
C03571,L071,Type_A,leakage_current,9.931,10.121,10.651,11.25,50.0,Healthy
C03572,L072,Type_A,leakage_current,10.411,10.407,10.786,11.204,50.0,Healthy
C03573,L073,Type_A,leakage_current,10.634,15.563,30.58,45.923,50.0,Obvious_Failure
C03574,L074,Type_C,leakage_current,10.554,10.687,11.685,12.419,50.0,Healthy
C03575,L075,Type_A,leakage_current,10.333,13.232,36.983,61.223,50.0,Rapid_Drift
C03576,L076,Type_B,leakage_current,10.75,10.969,11.507,11.937,50.0,Healthy
C03577,L077,Type_A,leakage_current,10.141,10.195,10.527,10.851,50.0,Healthy
C03578,L078,Type_B,leakage_current,12.048,12.262,12.969,13.988,50.0,Healthy
C03579,L079,Type_A,leakage_current,10.021,10.467,11.322,12.086,50.0,Healthy
C03580,L080,Type_A,leakage_current,9.995,13.453,30.064,46.302,50.0,Rapid_Drift
C03581,L081,Type_B,leakage_current,11.084,11.107,11.419,11.704,50.0,Healthy
C03582,L082,Type_B,leakage_current,11.397,11.592,11.687,11.88,50.0,Healthy
C03583,L083,Type_C,leakage_current,9.853,12.15,27.85,42.875,50.0,Latent_Defect
C03584,L084,Type_B,leakage_current,10.925,11.316,12.028,12.754,50.0,Healthy
C03585,L085,Type_A,leakage_current,9.975,10.353,11.061,11.824,50.0,Healthy
C03586,L086,Type_A,leakage_current,9.373,11.222,27.73,43.738,50.0,Latent_Defect
C03587,L087,Type_C,leakage_current,10.341,10.653,11.03,11.49,50.0,Healthy
C03588,L088,Type_B,leakage_current,11.225,13.495,28.717,42.829,50.0,Latent_Defect
C03589,L089,Type_A,leakage_current,8.6,8.861,9.723,10.624,50.0,Healthy
C03590,L090,Type_A,leakage_current,10.683,14.394,33.573,53.187,50.0,Rapid_Drift
C03591,L091,Type_A,leakage_current,9.975,11.788,31.677,39.734,50.0,Latent_Defect
C03592,L092,Type_A,leakage_current,10.014,9.985,10.354,10.71,50.0,Healthy
C03593,L093,Type_A,leakage_current,10.629,10.856,11.474,12.629,50.0,Healthy
C03594,L094,Type_A,leakage_current,10.036,10.286,11.089,11.84,50.0,Healthy
C03595,L095,Type_A,leakage_current,10.052,10.063,10.678,10.877,50.0,Healthy
C03596,L096,Type_C,leakage_current,9.281,9.499,10.347,11.038,50.0,Healthy
C03597,L097,Type_B,leakage_current,10.071,10.333,11.088,11.807,50.0,Healthy
C03598,L098,Type_A,leakage_current,10.079,10.274,11.012,11.676,50.0,Healthy
C03599,L099,Type_A,leakage_current,9.711,9.736,10.44,11.162,50.0,Healthy
C03600,L100,Type_A,leakage_current,9.772,9.953,10.375,10.919,50.0,Healthy
C03601,L001,Type_A,leakage_current,9.395,9.613,10.368,11.399,50.0,Healthy
C03602,L002,Type_A,leakage_current,9.353,9.313,9.645,9.864,50.0,Healthy
C03603,L003,Type_A,leakage_current,10.475,10.526,10.831,11.15,50.0,Healthy
C03604,L004,Type_B,leakage_current,11.379,16.207,31.752,47.053,50.0,Obvious_Failure
C03605,L005,Type_A,leakage_current,9.573,9.603,10.219,10.5,50.0,Healthy
C03606,L006,Type_A,leakage_current,10.717,11.006,11.353,11.673,50.0,Healthy
C03607,L007,Type_B,leakage_current,10.759,10.817,11.645,12.173,50.0,Healthy
C03608,L008,Type_A,leakage_current,10.098,10.507,10.998,11.928,50.0,Healthy
C03609,L009,Type_B,leakage_current,11.174,13.304,33.764,42.366,50.0,Latent_Defect
C03610,L010,Type_B,leakage_current,11.589,11.643,11.894,12.568,50.0,Healthy
C03611,L011,Type_B,leakage_current,9.26,9.294,9.76,10.027,50.0,Healthy
C03612,L012,Type_A,leakage_current,9.683,9.973,10.816,11.264,50.0,Healthy
C03613,L013,Type_A,leakage_current,10.007,10.283,10.628,10.964,50.0,Healthy
C03614,L014,Type_A,leakage_current,8.793,8.995,9.512,10.39,50.0,Healthy
C03615,L015,Type_A,leakage_current,9.716,11.951,28.1,42.085,50.0,Latent_Defect
C03616,L016,Type_A,leakage_current,10.114,12.046,28.341,44.359,50.0,Latent_Defect
C03617,L017,Type_A,leakage_current,10.769,10.958,11.35,11.881,50.0,Healthy
C03618,L018,Type_C,leakage_current,9.421,9.66,10.122,10.918,50.0,Healthy
C03619,L019,Type_C,leakage_current,9.572,9.745,10.165,10.713,50.0,Healthy
C03620,L020,Type_C,leakage_current,8.811,9.203,9.852,10.266,50.0,Healthy
C03621,L021,Type_A,leakage_current,11.93,11.985,12.269,12.321,50.0,Healthy
C03622,L022,Type_A,leakage_current,10.752,10.862,11.29,11.278,50.0,Healthy
C03623,L023,Type_B,leakage_current,10.634,10.746,11.708,12.205,50.0,Healthy
C03624,L024,Type_B,leakage_current,11.119,11.239,11.954,12.609,50.0,Healthy
C03625,L025,Type_B,leakage_current,10.661,10.571,11.049,11.649,50.0,Healthy
C03626,L026,Type_A,leakage_current,9.986,10.182,10.426,10.846,50.0,Healthy
C03627,L027,Type_A,leakage_current,10.422,10.636,11.815,12.376,50.0,Healthy
C03628,L028,Type_C,leakage_current,10.559,12.049,29.912,42.545,50.0,Latent_Defect
C03629,L029,Type_A,leakage_current,9.107,15.962,36.386,56.295,50.0,Obvious_Failure
C03630,L030,Type_B,leakage_current,10.982,11.085,11.561,12.0,50.0,Healthy
C03631,L031,Type_B,leakage_current,11.037,13.175,33.275,38.039,50.0,Latent_Defect
C03632,L032,Type_B,leakage_current,9.359,11.126,25.088,38.914,50.0,Latent_Defect
C03633,L033,Type_A,leakage_current,10.026,11.98,26.15,40.154,50.0,Latent_Defect
C03634,L034,Type_A,leakage_current,10.09,12.293,32.974,41.728,50.0,Latent_Defect
C03635,L035,Type_A,leakage_current,9.472,9.61,10.296,11.099,50.0,Healthy
C03636,L036,Type_B,leakage_current,10.722,10.912,11.473,11.971,50.0,Healthy
C03637,L037,Type_A,leakage_current,9.888,10.119,11.163,11.699,50.0,Healthy
C03638,L038,Type_B,leakage_current,10.443,10.43,11.008,11.622,50.0,Healthy
C03639,L039,Type_C,leakage_current,9.928,12.758,34.35,55.358,50.0,Rapid_Drift
C03640,L040,Type_A,leakage_current,9.782,10.093,10.545,11.048,50.0,Healthy
C03641,L041,Type_C,leakage_current,8.734,9.136,9.672,10.165,50.0,Healthy
C03642,L042,Type_A,leakage_current,10.753,12.473,29.223,45.119,50.0,Latent_Defect
C03643,L043,Type_A,leakage_current,8.982,17.715,43.703,69.834,50.0,Obvious_Failure
C03644,L044,Type_B,leakage_current,11.006,11.205,11.832,12.274,50.0,Healthy
C03645,L045,Type_A,leakage_current,10.194,13.55,36.978,60.73,50.0,Rapid_Drift
C03646,L046,Type_C,leakage_current,9.27,9.242,9.47,9.704,50.0,Healthy
C03647,L047,Type_A,leakage_current,9.371,9.53,10.434,11.043,50.0,Healthy
C03648,L048,Type_A,leakage_current,10.709,10.83,11.564,12.462,50.0,Healthy
C03649,L049,Type_C,leakage_current,11.187,13.58,37.915,61.666,50.0,Rapid_Drift
C03650,L050,Type_B,leakage_current,11.772,11.783,12.009,12.377,50.0,Healthy
C03651,L051,Type_A,leakage_current,9.333,9.624,10.256,10.589,50.0,Healthy
C03652,L052,Type_A,leakage_current,9.965,10.254,10.701,11.3,50.0,Healthy
C03653,L053,Type_A,leakage_current,8.16,8.571,9.158,9.788,50.0,Healthy
C03654,L054,Type_A,leakage_current,8.731,8.923,9.593,9.744,50.0,Healthy
C03655,L055,Type_C,leakage_current,8.982,10.778,26.203,41.46,50.0,Latent_Defect
C03656,L056,Type_A,leakage_current,9.668,9.853,10.379,10.525,50.0,Healthy
C03657,L057,Type_A,leakage_current,9.535,13.407,38.738,63.884,50.0,Rapid_Drift
C03658,L058,Type_B,leakage_current,10.826,12.56,31.575,45.974,50.0,Latent_Defect
C03659,L059,Type_C,leakage_current,10.01,13.649,38.818,63.48,50.0,Rapid_Drift
C03660,L060,Type_B,leakage_current,11.408,11.686,12.052,12.711,50.0,Healthy
C03661,L061,Type_A,leakage_current,10.602,10.744,10.921,11.571,50.0,Healthy
C03662,L062,Type_A,leakage_current,8.931,9.059,9.907,10.611,50.0,Healthy
C03663,L063,Type_C,leakage_current,10.161,10.267,10.908,11.378,50.0,Healthy
C03664,L064,Type_C,leakage_current,9.305,9.649,10.683,11.67,50.0,Healthy
C03665,L065,Type_A,leakage_current,10.184,10.168,10.142,10.581,50.0,Healthy
C03666,L066,Type_C,leakage_current,10.441,11.779,30.697,40.32,50.0,Latent_Defect
C03667,L067,Type_B,leakage_current,11.082,11.261,11.64,11.791,50.0,Healthy
C03668,L068,Type_A,leakage_current,10.381,10.505,11.311,11.999,50.0,Healthy
C03669,L069,Type_B,leakage_current,11.805,11.99,12.578,13.382,50.0,Healthy
C03670,L070,Type_A,leakage_current,9.113,9.194,9.714,10.493,50.0,Healthy
C03671,L071,Type_A,leakage_current,10.001,10.163,10.711,11.39,50.0,Healthy
C03672,L072,Type_B,leakage_current,9.995,10.275,11.436,12.303,50.0,Healthy
C03673,L073,Type_A,leakage_current,10.147,10.404,10.775,11.43,50.0,Healthy
C03674,L074,Type_A,leakage_current,10.014,9.979,10.731,11.556,50.0,Healthy
C03675,L075,Type_A,leakage_current,10.292,10.439,10.878,11.365,50.0,Healthy
C03676,L076,Type_B,leakage_current,10.176,10.526,11.411,12.484,50.0,Healthy
C03677,L077,Type_B,leakage_current,10.484,10.536,10.732,11.542,50.0,Healthy
C03678,L078,Type_C,leakage_current,8.711,8.868,9.445,10.087,50.0,Healthy
C03679,L079,Type_B,leakage_current,11.409,11.817,12.674,13.714,50.0,Healthy
C03680,L080,Type_A,leakage_current,9.478,9.802,10.644,11.31,50.0,Healthy
C03681,L081,Type_C,leakage_current,9.099,9.403,9.79,10.049,50.0,Healthy
C03682,L082,Type_A,leakage_current,10.314,12.275,32.888,43.457,50.0,Latent_Defect
C03683,L083,Type_A,leakage_current,10.39,10.443,10.943,11.306,50.0,Healthy
C03684,L084,Type_B,leakage_current,10.899,10.985,11.068,11.316,50.0,Healthy
C03685,L085,Type_A,leakage_current,10.346,10.521,11.046,11.484,50.0,Healthy
C03686,L086,Type_C,leakage_current,10.367,10.594,11.308,12.476,50.0,Healthy
C03687,L087,Type_A,leakage_current,9.991,10.035,10.541,11.03,50.0,Healthy
C03688,L088,Type_C,leakage_current,9.257,9.497,10.341,10.737,50.0,Healthy
C03689,L089,Type_A,leakage_current,8.993,9.081,9.872,10.482,50.0,Healthy
C03690,L090,Type_A,leakage_current,9.682,11.391,27.653,41.16,50.0,Latent_Defect
C03691,L091,Type_B,leakage_current,10.177,10.382,10.975,11.535,50.0,Healthy
C03692,L092,Type_C,leakage_current,8.739,8.986,9.789,10.669,50.0,Healthy
C03693,L093,Type_A,leakage_current,10.449,10.579,11.318,11.747,50.0,Healthy
C03694,L094,Type_A,leakage_current,9.967,10.06,10.26,10.266,50.0,Healthy
C03695,L095,Type_C,leakage_current,9.815,9.941,10.158,10.347,50.0,Healthy
C03696,L096,Type_B,leakage_current,9.85,10.044,10.696,11.277,50.0,Healthy
C03697,L097,Type_A,leakage_current,10.096,10.234,10.908,11.387,50.0,Healthy
C03698,L098,Type_A,leakage_current,10.713,10.987,11.523,12.16,50.0,Healthy
C03699,L099,Type_B,leakage_current,11.421,11.774,12.536,13.495,50.0,Healthy
C03700,L100,Type_C,leakage_current,7.773,8.191,9.142,10.101,50.0,Healthy
C03701,L001,Type_B,leakage_current,10.782,10.919,11.658,12.177,50.0,Healthy
C03702,L002,Type_A,leakage_current,9.151,9.452,9.876,10.63,50.0,Healthy
C03703,L003,Type_A,leakage_current,10.347,17.828,40.135,62.219,50.0,Obvious_Failure
C03704,L004,Type_A,leakage_current,9.349,9.446,10.181,10.612,50.0,Healthy
C03705,L005,Type_B,leakage_current,10.568,10.722,11.11,11.106,50.0,Healthy
C03706,L006,Type_A,leakage_current,10.209,10.194,10.878,11.414,50.0,Healthy
C03707,L007,Type_A,leakage_current,9.695,9.794,10.166,11.162,50.0,Healthy
C03708,L008,Type_A,leakage_current,10.424,12.77,31.189,38.728,50.0,Latent_Defect
C03709,L009,Type_A,leakage_current,10.135,10.367,10.65,11.411,50.0,Healthy
C03710,L010,Type_A,leakage_current,9.521,10.907,26.084,41.261,50.0,Latent_Defect
C03711,L011,Type_B,leakage_current,11.837,12.019,12.445,13.412,50.0,Healthy
C03712,L012,Type_A,leakage_current,10.044,10.124,10.44,11.208,50.0,Healthy
C03713,L013,Type_B,leakage_current,11.042,11.171,11.616,12.215,50.0,Healthy
C03714,L014,Type_A,leakage_current,10.272,12.396,31.947,47.25,50.0,Latent_Defect
C03715,L015,Type_C,leakage_current,9.169,9.352,9.817,10.416,50.0,Healthy
C03716,L016,Type_A,leakage_current,9.547,9.915,10.413,11.037,50.0,Healthy
C03717,L017,Type_C,leakage_current,10.363,10.548,11.113,12.029,50.0,Healthy
C03718,L018,Type_A,leakage_current,10.093,10.215,10.904,11.472,50.0,Healthy
C03719,L019,Type_C,leakage_current,8.778,8.908,9.668,10.172,50.0,Healthy
C03720,L020,Type_A,leakage_current,10.465,10.906,11.407,12.025,50.0,Healthy
C03721,L021,Type_A,leakage_current,10.037,10.324,10.743,11.477,50.0,Healthy
C03722,L022,Type_B,leakage_current,10.511,13.937,40.518,66.89,50.0,Rapid_Drift
C03723,L023,Type_A,leakage_current,10.019,10.38,11.335,11.833,50.0,Healthy
C03724,L024,Type_A,leakage_current,10.755,10.832,11.297,11.851,50.0,Healthy
C03725,L025,Type_A,leakage_current,9.936,10.066,10.312,10.618,50.0,Healthy
C03726,L026,Type_A,leakage_current,10.484,10.648,11.34,11.699,50.0,Healthy
C03727,L027,Type_A,leakage_current,10.994,11.171,11.79,12.454,50.0,Healthy
C03728,L028,Type_B,leakage_current,9.867,10.042,10.739,11.21,50.0,Healthy
C03729,L029,Type_C,leakage_current,9.188,12.243,34.381,56.693,50.0,Rapid_Drift
C03730,L030,Type_A,leakage_current,9.98,13.548,31.133,48.431,50.0,Rapid_Drift
C03731,L031,Type_A,leakage_current,10.443,10.723,11.402,11.932,50.0,Healthy
C03732,L032,Type_B,leakage_current,11.0,12.997,33.12,43.479,50.0,Latent_Defect
C03733,L033,Type_A,leakage_current,10.94,11.171,11.573,12.307,50.0,Healthy
C03734,L034,Type_A,leakage_current,9.741,9.901,10.345,10.803,50.0,Healthy
C03735,L035,Type_B,leakage_current,12.116,12.072,12.768,13.428,50.0,Healthy
C03736,L036,Type_A,leakage_current,10.158,10.671,11.475,12.182,50.0,Healthy
C03737,L037,Type_B,leakage_current,9.782,9.877,10.275,10.679,50.0,Healthy
C03738,L038,Type_A,leakage_current,9.663,9.969,10.498,11.234,50.0,Healthy
C03739,L039,Type_A,leakage_current,10.933,14.599,39.586,64.355,50.0,Rapid_Drift
C03740,L040,Type_B,leakage_current,10.67,10.901,11.506,12.206,50.0,Healthy
C03741,L041,Type_A,leakage_current,10.574,10.848,11.722,12.727,50.0,Healthy
C03742,L042,Type_A,leakage_current,9.899,11.866,30.056,46.306,50.0,Latent_Defect
C03743,L043,Type_A,leakage_current,10.205,10.5,10.92,11.632,50.0,Healthy
C03744,L044,Type_B,leakage_current,11.5,11.846,12.165,12.754,50.0,Healthy
C03745,L045,Type_A,leakage_current,10.141,10.525,11.107,11.915,50.0,Healthy
C03746,L046,Type_B,leakage_current,10.894,11.094,11.496,11.937,50.0,Healthy
C03747,L047,Type_A,leakage_current,10.227,10.456,10.952,11.272,50.0,Healthy
C03748,L048,Type_A,leakage_current,9.932,10.325,11.231,12.102,50.0,Healthy
C03749,L049,Type_C,leakage_current,9.262,9.549,10.011,10.738,50.0,Healthy
C03750,L050,Type_A,leakage_current,9.957,9.911,10.323,11.067,50.0,Healthy
C03751,L051,Type_A,leakage_current,9.952,12.845,35.65,58.267,50.0,Rapid_Drift
C03752,L052,Type_A,leakage_current,10.583,10.884,11.667,12.405,50.0,Healthy
C03753,L053,Type_B,leakage_current,10.428,10.541,10.824,11.4,50.0,Healthy
C03754,L054,Type_B,leakage_current,11.414,11.613,12.354,12.76,50.0,Healthy
C03755,L055,Type_C,leakage_current,9.719,10.002,10.353,10.95,50.0,Healthy
C03756,L056,Type_C,leakage_current,10.499,11.879,25.823,39.639,50.0,Latent_Defect
C03757,L057,Type_A,leakage_current,9.323,11.142,25.298,39.714,50.0,Latent_Defect
C03758,L058,Type_B,leakage_current,11.177,11.29,11.728,12.257,50.0,Healthy
C03759,L059,Type_B,leakage_current,10.263,10.743,11.807,12.727,50.0,Healthy
C03760,L060,Type_A,leakage_current,9.738,9.78,10.27,10.6,50.0,Healthy
C03761,L061,Type_B,leakage_current,12.08,12.469,13.274,14.038,50.0,Healthy
C03762,L062,Type_B,leakage_current,11.507,11.945,12.921,13.982,50.0,Healthy
C03763,L063,Type_B,leakage_current,11.108,11.301,11.867,12.389,50.0,Healthy
C03764,L064,Type_A,leakage_current,9.816,11.646,24.297,36.57,50.0,Latent_Defect
C03765,L065,Type_A,leakage_current,9.072,9.28,10.055,10.65,50.0,Healthy
C03766,L066,Type_A,leakage_current,10.709,12.718,28.649,43.138,50.0,Latent_Defect
C03767,L067,Type_A,leakage_current,10.003,10.133,10.514,11.616,50.0,Healthy
C03768,L068,Type_C,leakage_current,8.964,9.382,10.224,10.864,50.0,Healthy
C03769,L069,Type_A,leakage_current,8.79,10.149,23.556,37.053,50.0,Latent_Defect
C03770,L070,Type_A,leakage_current,9.956,10.086,10.206,10.611,50.0,Healthy
C03771,L071,Type_A,leakage_current,11.437,11.693,12.419,13.327,50.0,Healthy
C03772,L072,Type_C,leakage_current,9.099,9.229,9.79,10.537,50.0,Healthy
C03773,L073,Type_A,leakage_current,9.85,18.633,46.173,72.912,50.0,Obvious_Failure
C03774,L074,Type_A,leakage_current,9.809,10.131,10.807,11.376,50.0,Healthy
C03775,L075,Type_B,leakage_current,11.312,11.425,12.049,13.002,50.0,Healthy
C03776,L076,Type_A,leakage_current,9.695,9.796,10.422,11.33,50.0,Healthy
C03777,L077,Type_B,leakage_current,10.725,10.846,11.087,11.555,50.0,Healthy
C03778,L078,Type_C,leakage_current,9.638,9.961,10.595,11.406,50.0,Healthy
C03779,L079,Type_A,leakage_current,10.596,10.785,11.344,11.777,50.0,Healthy
C03780,L080,Type_A,leakage_current,9.387,10.849,29.536,38.196,50.0,Latent_Defect
C03781,L081,Type_A,leakage_current,10.575,10.945,11.614,12.241,50.0,Healthy
C03782,L082,Type_B,leakage_current,11.143,11.109,11.201,11.386,50.0,Healthy
C03783,L083,Type_A,leakage_current,8.829,8.893,9.49,10.156,50.0,Healthy
C03784,L084,Type_B,leakage_current,10.32,10.386,10.791,11.292,50.0,Healthy
C03785,L085,Type_A,leakage_current,9.411,9.71,10.165,10.894,50.0,Healthy
C03786,L086,Type_B,leakage_current,11.217,11.298,11.781,11.813,50.0,Healthy
C03787,L087,Type_A,leakage_current,10.304,10.589,10.812,11.257,50.0,Healthy
C03788,L088,Type_B,leakage_current,12.002,12.02,12.168,12.468,50.0,Healthy
C03789,L089,Type_C,leakage_current,10.838,10.898,11.418,11.776,50.0,Healthy
C03790,L090,Type_A,leakage_current,10.005,10.112,10.657,11.078,50.0,Healthy
C03791,L091,Type_B,leakage_current,10.409,13.987,39.454,64.879,50.0,Rapid_Drift
C03792,L092,Type_A,leakage_current,8.364,8.599,9.545,10.608,50.0,Healthy
C03793,L093,Type_B,leakage_current,11.218,11.427,12.268,13.097,50.0,Healthy
C03794,L094,Type_C,leakage_current,9.627,9.925,10.274,11.022,50.0,Healthy
C03795,L095,Type_A,leakage_current,9.857,10.177,11.083,11.925,50.0,Healthy
C03796,L096,Type_A,leakage_current,9.82,10.163,11.096,12.335,50.0,Healthy
C03797,L097,Type_B,leakage_current,10.065,10.27,11.031,11.721,50.0,Healthy
C03798,L098,Type_A,leakage_current,9.939,14.895,29.62,44.38,50.0,Obvious_Failure
C03799,L099,Type_B,leakage_current,10.09,10.297,11.26,11.889,50.0,Healthy
C03800,L100,Type_A,leakage_current,9.282,9.504,10.091,10.947,50.0,Healthy
C03801,L001,Type_B,leakage_current,9.729,11.153,27.281,40.43,50.0,Latent_Defect
C03802,L002,Type_B,leakage_current,11.57,11.616,12.088,12.16,50.0,Healthy
C03803,L003,Type_B,leakage_current,10.294,10.511,11.496,12.114,50.0,Healthy
C03804,L004,Type_A,leakage_current,10.202,10.293,10.855,11.311,50.0,Healthy
C03805,L005,Type_A,leakage_current,11.426,11.349,11.679,11.723,50.0,Healthy
C03806,L006,Type_A,leakage_current,9.733,13.288,36.039,58.899,50.0,Rapid_Drift
C03807,L007,Type_C,leakage_current,9.485,13.132,37.695,62.807,50.0,Rapid_Drift
C03808,L008,Type_A,leakage_current,9.236,9.497,9.94,10.799,50.0,Healthy
C03809,L009,Type_B,leakage_current,10.851,13.048,26.215,38.869,50.0,Latent_Defect
C03810,L010,Type_C,leakage_current,9.499,9.857,10.521,11.26,50.0,Healthy
C03811,L011,Type_B,leakage_current,10.162,10.398,10.884,11.539,50.0,Healthy
C03812,L012,Type_A,leakage_current,10.836,12.171,30.886,38.117,50.0,Latent_Defect
C03813,L013,Type_C,leakage_current,9.816,13.086,42.253,70.436,50.0,Rapid_Drift
C03814,L014,Type_A,leakage_current,9.887,16.692,37.468,57.961,50.0,Obvious_Failure
C03815,L015,Type_A,leakage_current,9.694,9.977,10.963,11.901,50.0,Healthy
C03816,L016,Type_C,leakage_current,9.42,9.455,10.166,10.675,50.0,Healthy
C03817,L017,Type_A,leakage_current,9.497,13.189,34.842,56.492,50.0,Rapid_Drift
C03818,L018,Type_B,leakage_current,10.503,10.68,11.601,12.252,50.0,Healthy
C03819,L019,Type_A,leakage_current,9.058,8.781,9.52,10.038,50.0,Healthy
C03820,L020,Type_B,leakage_current,11.225,11.596,12.411,13.245,50.0,Healthy
C03821,L021,Type_B,leakage_current,10.291,10.291,10.485,10.841,50.0,Healthy
C03822,L022,Type_A,leakage_current,9.944,10.136,10.417,10.923,50.0,Healthy
C03823,L023,Type_A,leakage_current,10.498,10.706,11.326,12.094,50.0,Healthy
C03824,L024,Type_A,leakage_current,9.396,9.254,9.818,9.85,50.0,Healthy
C03825,L025,Type_C,leakage_current,9.043,9.487,10.019,10.571,50.0,Healthy
C03826,L026,Type_A,leakage_current,10.177,10.398,10.924,11.404,50.0,Healthy
C03827,L027,Type_C,leakage_current,8.195,9.628,28.408,42.392,50.0,Latent_Defect
C03828,L028,Type_A,leakage_current,9.541,9.553,10.389,10.827,50.0,Healthy
C03829,L029,Type_A,leakage_current,10.878,11.246,12.032,12.554,50.0,Healthy
C03830,L030,Type_C,leakage_current,9.9,10.138,11.049,11.81,50.0,Healthy
C03831,L031,Type_B,leakage_current,11.073,11.344,11.828,12.44,50.0,Healthy
C03832,L032,Type_B,leakage_current,10.052,10.171,10.788,11.383,50.0,Healthy
C03833,L033,Type_B,leakage_current,10.381,10.716,11.71,12.46,50.0,Healthy
C03834,L034,Type_C,leakage_current,9.367,9.351,9.564,9.798,50.0,Healthy
C03835,L035,Type_A,leakage_current,8.622,8.885,9.338,10.036,50.0,Healthy
C03836,L036,Type_C,leakage_current,10.883,11.151,11.896,12.725,50.0,Healthy
C03837,L037,Type_A,leakage_current,10.532,10.906,11.845,12.604,50.0,Healthy
C03838,L038,Type_A,leakage_current,9.646,9.828,10.477,11.164,50.0,Healthy
C03839,L039,Type_A,leakage_current,9.377,9.777,10.553,11.083,50.0,Healthy
C03840,L040,Type_C,leakage_current,9.231,9.542,9.795,10.131,50.0,Healthy
C03841,L041,Type_B,leakage_current,11.675,11.678,12.205,12.477,50.0,Healthy
C03842,L042,Type_A,leakage_current,10.187,10.555,11.619,12.169,50.0,Healthy
C03843,L043,Type_B,leakage_current,10.28,10.266,10.23,10.278,50.0,Healthy
C03844,L044,Type_B,leakage_current,11.309,11.543,12.181,12.41,50.0,Healthy
C03845,L045,Type_B,leakage_current,11.497,11.711,12.395,13.297,50.0,Healthy
C03846,L046,Type_A,leakage_current,10.755,12.692,26.459,40.125,50.0,Latent_Defect
C03847,L047,Type_A,leakage_current,10.505,10.811,11.657,12.256,50.0,Healthy
C03848,L048,Type_A,leakage_current,10.679,10.991,11.387,11.926,50.0,Healthy
C03849,L049,Type_A,leakage_current,9.393,10.881,31.252,44.179,50.0,Latent_Defect
C03850,L050,Type_B,leakage_current,10.754,10.944,11.239,11.729,50.0,Healthy
C03851,L051,Type_B,leakage_current,11.315,14.522,31.547,47.673,50.0,Rapid_Drift
C03852,L052,Type_A,leakage_current,10.479,17.732,40.015,61.447,50.0,Obvious_Failure
C03853,L053,Type_A,leakage_current,10.266,10.394,11.384,12.109,50.0,Healthy
C03854,L054,Type_A,leakage_current,9.511,9.829,10.615,11.344,50.0,Healthy
C03855,L055,Type_A,leakage_current,10.251,10.273,10.74,10.947,50.0,Healthy
C03856,L056,Type_A,leakage_current,8.871,9.063,9.198,9.634,50.0,Healthy
C03857,L057,Type_A,leakage_current,8.89,11.183,36.575,61.586,50.0,Rapid_Drift
C03858,L058,Type_A,leakage_current,10.479,10.539,10.856,11.631,50.0,Healthy
C03859,L059,Type_B,leakage_current,10.693,10.731,11.322,12.065,50.0,Healthy
C03860,L060,Type_C,leakage_current,10.22,10.627,11.316,11.693,50.0,Healthy
C03861,L061,Type_B,leakage_current,10.878,10.828,10.9,11.361,50.0,Healthy
C03862,L062,Type_B,leakage_current,10.859,13.31,27.732,38.754,50.0,Latent_Defect
C03863,L063,Type_A,leakage_current,11.238,11.422,11.883,12.221,50.0,Healthy
C03864,L064,Type_A,leakage_current,9.045,11.105,24.651,38.161,50.0,Latent_Defect
C03865,L065,Type_B,leakage_current,11.471,11.719,12.451,12.971,50.0,Healthy
C03866,L066,Type_A,leakage_current,10.799,10.891,11.412,11.917,50.0,Healthy
C03867,L067,Type_A,leakage_current,9.682,9.832,10.311,10.726,50.0,Healthy
C03868,L068,Type_B,leakage_current,9.325,9.491,9.999,10.054,50.0,Healthy
C03869,L069,Type_A,leakage_current,10.645,10.98,11.519,12.182,50.0,Healthy
C03870,L070,Type_C,leakage_current,9.828,9.909,10.437,11.124,50.0,Healthy
C03871,L071,Type_B,leakage_current,11.106,11.19,11.353,11.531,50.0,Healthy
C03872,L072,Type_B,leakage_current,11.827,12.106,12.726,13.195,50.0,Healthy
C03873,L073,Type_B,leakage_current,11.025,12.749,30.106,40.098,50.0,Latent_Defect
C03874,L074,Type_C,leakage_current,10.353,10.638,11.527,12.263,50.0,Healthy
C03875,L075,Type_A,leakage_current,10.455,10.649,11.114,11.724,50.0,Healthy
C03876,L076,Type_C,leakage_current,10.361,10.82,11.586,12.623,50.0,Healthy
C03877,L077,Type_A,leakage_current,9.826,10.104,10.78,11.15,50.0,Healthy
C03878,L078,Type_A,leakage_current,9.133,9.39,9.547,9.924,50.0,Healthy
C03879,L079,Type_B,leakage_current,10.232,10.59,10.928,11.251,50.0,Healthy
C03880,L080,Type_B,leakage_current,9.735,9.757,10.266,11.007,50.0,Healthy
C03881,L081,Type_A,leakage_current,9.806,10.022,11.233,12.299,50.0,Healthy
C03882,L082,Type_B,leakage_current,11.234,11.6,12.625,13.123,50.0,Healthy
C03883,L083,Type_A,leakage_current,10.452,10.927,12.03,13.009,50.0,Healthy
C03884,L084,Type_A,leakage_current,10.561,10.603,11.05,11.645,50.0,Healthy
C03885,L085,Type_A,leakage_current,9.567,9.604,10.525,11.232,50.0,Healthy
C03886,L086,Type_B,leakage_current,11.399,11.764,12.557,13.364,50.0,Healthy
C03887,L087,Type_A,leakage_current,9.872,10.236,10.806,11.358,50.0,Healthy
C03888,L088,Type_B,leakage_current,10.347,10.576,11.338,12.145,50.0,Healthy
C03889,L089,Type_C,leakage_current,9.202,9.608,10.075,11.067,50.0,Healthy
C03890,L090,Type_B,leakage_current,9.848,10.1,10.427,10.69,50.0,Healthy
C03891,L091,Type_B,leakage_current,11.654,11.966,13.012,14.087,50.0,Healthy
C03892,L092,Type_B,leakage_current,10.808,10.798,10.879,10.655,50.0,Healthy
C03893,L093,Type_A,leakage_current,10.548,10.434,11.034,11.364,50.0,Healthy
C03894,L094,Type_A,leakage_current,9.886,10.076,10.479,11.048,50.0,Healthy
C03895,L095,Type_B,leakage_current,10.435,10.665,10.971,11.582,50.0,Healthy
C03896,L096,Type_A,leakage_current,9.483,9.765,10.8,11.548,50.0,Healthy
C03897,L097,Type_C,leakage_current,9.069,9.051,9.154,9.151,50.0,Healthy
C03898,L098,Type_B,leakage_current,10.988,11.461,12.51,13.475,50.0,Healthy
C03899,L099,Type_A,leakage_current,8.86,9.019,9.69,9.994,50.0,Healthy
C03900,L100,Type_A,leakage_current,10.931,11.08,11.852,12.481,50.0,Healthy
C03901,L001,Type_B,leakage_current,10.703,10.855,11.3,11.729,50.0,Healthy
C03902,L002,Type_A,leakage_current,10.255,12.468,29.636,46.657,50.0,Latent_Defect
C03903,L003,Type_A,leakage_current,9.875,10.055,10.583,11.262,50.0,Healthy
C03904,L004,Type_A,leakage_current,9.354,9.844,10.77,11.592,50.0,Healthy
C03905,L005,Type_C,leakage_current,9.411,9.406,9.69,10.158,50.0,Healthy
C03906,L006,Type_A,leakage_current,9.3,9.677,10.633,11.744,50.0,Healthy
C03907,L007,Type_A,leakage_current,10.207,15.638,32.297,48.754,50.0,Obvious_Failure
C03908,L008,Type_C,leakage_current,9.193,9.256,9.582,9.956,50.0,Healthy
C03909,L009,Type_B,leakage_current,11.063,11.523,12.291,13.171,50.0,Healthy
C03910,L010,Type_A,leakage_current,9.732,9.866,9.924,10.149,50.0,Healthy
C03911,L011,Type_A,leakage_current,10.199,10.241,10.665,10.901,50.0,Healthy
C03912,L012,Type_C,leakage_current,9.141,9.463,10.121,10.81,50.0,Healthy
C03913,L013,Type_A,leakage_current,9.572,9.921,10.428,11.039,50.0,Healthy
C03914,L014,Type_A,leakage_current,10.012,10.132,10.995,11.431,50.0,Healthy
C03915,L015,Type_A,leakage_current,9.323,9.44,9.879,10.438,50.0,Healthy
C03916,L016,Type_A,leakage_current,11.032,11.492,12.18,13.11,50.0,Healthy
C03917,L017,Type_A,leakage_current,9.527,9.902,10.327,11.283,50.0,Healthy
C03918,L018,Type_A,leakage_current,10.908,10.799,10.934,11.078,50.0,Healthy
C03919,L019,Type_C,leakage_current,9.975,10.149,10.474,10.451,50.0,Healthy
C03920,L020,Type_A,leakage_current,10.502,12.58,28.326,43.199,50.0,Latent_Defect
C03921,L021,Type_B,leakage_current,11.014,12.846,24.968,37.426,50.0,Latent_Defect
C03922,L022,Type_C,leakage_current,9.999,10.171,10.717,11.14,50.0,Healthy
C03923,L023,Type_A,leakage_current,10.183,12.417,30.121,39.159,50.0,Latent_Defect
C03924,L024,Type_A,leakage_current,10.49,10.644,11.271,11.585,50.0,Healthy
C03925,L025,Type_A,leakage_current,10.179,10.362,10.923,11.51,50.0,Healthy
C03926,L026,Type_A,leakage_current,10.019,10.138,10.865,11.464,50.0,Healthy
C03927,L027,Type_A,leakage_current,9.409,9.78,10.403,11.002,50.0,Healthy
C03928,L028,Type_B,leakage_current,9.916,10.156,10.917,11.623,50.0,Healthy
C03929,L029,Type_B,leakage_current,12.047,12.149,12.607,13.102,50.0,Healthy
C03930,L030,Type_C,leakage_current,9.319,9.551,10.29,10.929,50.0,Healthy
C03931,L031,Type_A,leakage_current,10.529,11.024,11.408,12.135,50.0,Healthy
C03932,L032,Type_A,leakage_current,9.601,9.875,10.971,12.04,50.0,Healthy
C03933,L033,Type_B,leakage_current,11.65,12.026,12.917,13.586,50.0,Healthy
C03934,L034,Type_A,leakage_current,9.558,9.756,9.872,10.08,50.0,Healthy
C03935,L035,Type_A,leakage_current,9.408,9.63,10.479,11.121,50.0,Healthy
C03936,L036,Type_A,leakage_current,10.329,10.468,10.546,10.796,50.0,Healthy
C03937,L037,Type_B,leakage_current,10.739,18.165,40.552,62.728,50.0,Obvious_Failure
C03938,L038,Type_B,leakage_current,10.472,10.729,11.455,12.084,50.0,Healthy
C03939,L039,Type_A,leakage_current,10.257,10.355,10.991,11.49,50.0,Healthy
C03940,L040,Type_A,leakage_current,9.676,9.833,10.43,10.612,50.0,Healthy
C03941,L041,Type_B,leakage_current,10.605,10.683,10.857,11.375,50.0,Healthy
C03942,L042,Type_A,leakage_current,9.327,9.444,9.63,10.191,50.0,Healthy
C03943,L043,Type_A,leakage_current,9.647,9.955,10.683,11.303,50.0,Healthy
C03944,L044,Type_B,leakage_current,10.932,11.435,12.537,13.129,50.0,Healthy
C03945,L045,Type_A,leakage_current,10.573,10.745,11.137,11.407,50.0,Healthy
C03946,L046,Type_A,leakage_current,10.599,10.796,11.417,11.915,50.0,Healthy
C03947,L047,Type_A,leakage_current,9.915,12.817,33.45,53.877,50.0,Rapid_Drift
C03948,L048,Type_C,leakage_current,8.616,8.899,9.221,9.724,50.0,Healthy
C03949,L049,Type_A,leakage_current,9.637,9.906,10.593,11.161,50.0,Healthy
C03950,L050,Type_A,leakage_current,8.894,8.989,9.318,9.72,50.0,Healthy
C03951,L051,Type_A,leakage_current,10.108,10.336,10.514,10.669,50.0,Healthy
C03952,L052,Type_A,leakage_current,10.406,16.969,36.62,56.026,50.0,Obvious_Failure
C03953,L053,Type_A,leakage_current,10.644,17.445,38.219,58.88,50.0,Obvious_Failure
C03954,L054,Type_A,leakage_current,9.399,11.208,26.061,40.51,50.0,Latent_Defect
C03955,L055,Type_A,leakage_current,8.764,8.892,9.336,9.821,50.0,Healthy
C03956,L056,Type_A,leakage_current,10.001,11.245,26.011,40.812,50.0,Latent_Defect
C03957,L057,Type_A,leakage_current,9.775,9.874,10.48,11.466,50.0,Healthy
C03958,L058,Type_C,leakage_current,8.647,11.985,32.326,52.816,50.0,Rapid_Drift
C03959,L059,Type_B,leakage_current,10.912,11.101,11.819,12.513,50.0,Healthy
C03960,L060,Type_B,leakage_current,10.622,10.829,11.27,11.902,50.0,Healthy
C03961,L061,Type_C,leakage_current,9.711,10.022,11.064,12.265,50.0,Healthy
C03962,L062,Type_A,leakage_current,9.722,9.992,10.676,11.347,50.0,Healthy
C03963,L063,Type_A,leakage_current,10.387,10.962,11.36,11.963,50.0,Healthy
C03964,L064,Type_C,leakage_current,9.98,10.122,10.59,11.097,50.0,Healthy
C03965,L065,Type_B,leakage_current,10.42,10.532,11.326,11.712,50.0,Healthy
C03966,L066,Type_A,leakage_current,9.507,9.618,10.057,10.62,50.0,Healthy
C03967,L067,Type_B,leakage_current,10.905,11.11,11.727,12.301,50.0,Healthy
C03968,L068,Type_B,leakage_current,11.715,12.064,12.847,13.855,50.0,Healthy
C03969,L069,Type_A,leakage_current,10.525,10.672,11.228,11.722,50.0,Healthy
C03970,L070,Type_A,leakage_current,9.924,10.035,10.606,11.046,50.0,Healthy
C03971,L071,Type_B,leakage_current,10.556,10.895,11.83,12.595,50.0,Healthy
C03972,L072,Type_A,leakage_current,10.019,11.852,24.994,38.087,50.0,Latent_Defect
C03973,L073,Type_A,leakage_current,10.331,12.196,26.432,40.768,50.0,Latent_Defect
C03974,L074,Type_B,leakage_current,10.739,11.059,11.81,12.452,50.0,Healthy
C03975,L075,Type_A,leakage_current,10.346,10.479,10.986,11.263,50.0,Healthy
C03976,L076,Type_A,leakage_current,10.621,10.942,11.367,11.833,50.0,Healthy
C03977,L077,Type_B,leakage_current,11.247,11.415,11.972,12.448,50.0,Healthy
C03978,L078,Type_B,leakage_current,10.037,10.272,10.843,11.27,50.0,Healthy
C03979,L079,Type_C,leakage_current,9.75,11.079,23.961,36.819,50.0,Latent_Defect
C03980,L080,Type_B,leakage_current,10.765,17.076,35.853,54.021,50.0,Obvious_Failure
C03981,L081,Type_B,leakage_current,10.902,10.819,10.996,11.335,50.0,Healthy
C03982,L082,Type_C,leakage_current,8.816,9.066,9.482,9.789,50.0,Healthy
C03983,L083,Type_A,leakage_current,9.461,12.221,30.663,49.47,50.0,Rapid_Drift
C03984,L084,Type_C,leakage_current,9.138,9.413,10.184,11.308,50.0,Healthy
C03985,L085,Type_B,leakage_current,10.127,10.139,10.573,11.135,50.0,Healthy
C03986,L086,Type_C,leakage_current,9.318,9.717,9.997,10.678,50.0,Healthy
C03987,L087,Type_B,leakage_current,11.529,11.9,12.565,13.18,50.0,Healthy
C03988,L088,Type_C,leakage_current,9.89,9.857,10.278,10.664,50.0,Healthy
C03989,L089,Type_A,leakage_current,10.021,10.262,10.896,11.657,50.0,Healthy
C03990,L090,Type_A,leakage_current,10.642,10.93,11.616,12.485,50.0,Healthy
C03991,L091,Type_A,leakage_current,8.436,12.979,27.42,41.921,50.0,Obvious_Failure
C03992,L092,Type_A,leakage_current,9.41,10.802,24.046,36.833,50.0,Latent_Defect
C03993,L093,Type_C,leakage_current,9.314,9.569,10.572,11.292,50.0,Healthy
C03994,L094,Type_B,leakage_current,10.636,13.992,39.972,65.692,50.0,Rapid_Drift
C03995,L095,Type_C,leakage_current,9.631,12.56,30.871,49.17,50.0,Rapid_Drift
C03996,L096,Type_A,leakage_current,9.769,9.741,9.884,10.468,50.0,Healthy
C03997,L097,Type_C,leakage_current,10.188,10.263,10.454,10.875,50.0,Healthy
C03998,L098,Type_A,leakage_current,9.576,10.793,26.673,40.354,50.0,Latent_Defect
C03999,L099,Type_A,leakage_current,9.629,11.454,26.698,41.432,50.0,Latent_Defect
C04000,L100,Type_A,leakage_current,9.668,10.005,10.7,11.605,50.0,Healthy
C04001,L001,Type_B,leakage_current,12.631,20.641,45.382,69.923,50.0,Obvious_Failure
C04002,L002,Type_B,leakage_current,10.492,12.739,32.553,44.081,50.0,Latent_Defect
C04003,L003,Type_A,leakage_current,9.783,9.97,10.551,11.38,50.0,Healthy
C04004,L004,Type_A,leakage_current,9.626,9.937,10.658,10.927,50.0,Healthy
C04005,L005,Type_B,leakage_current,10.793,10.879,11.487,11.99,50.0,Healthy
C04006,L006,Type_B,leakage_current,10.249,12.354,32.859,38.766,50.0,Latent_Defect
C04007,L007,Type_B,leakage_current,11.201,11.43,11.594,12.301,50.0,Healthy
C04008,L008,Type_B,leakage_current,10.399,10.76,11.21,12.109,50.0,Healthy
C04009,L009,Type_A,leakage_current,9.668,18.099,44.053,69.36,50.0,Obvious_Failure
C04010,L010,Type_A,leakage_current,10.271,10.54,11.346,11.795,50.0,Healthy
C04011,L011,Type_B,leakage_current,11.0,11.048,12.126,12.629,50.0,Healthy
C04012,L012,Type_A,leakage_current,8.667,8.541,8.736,9.342,50.0,Healthy
C04013,L013,Type_A,leakage_current,9.668,9.615,10.288,10.848,50.0,Healthy
C04014,L014,Type_C,leakage_current,9.03,9.254,9.899,10.558,50.0,Healthy
C04015,L015,Type_A,leakage_current,10.114,10.143,10.562,11.111,50.0,Healthy
C04016,L016,Type_A,leakage_current,10.603,13.301,39.41,65.44,50.0,Rapid_Drift
C04017,L017,Type_A,leakage_current,9.747,12.377,34.435,56.139,50.0,Rapid_Drift
C04018,L018,Type_A,leakage_current,8.413,8.466,9.221,9.714,50.0,Healthy
C04019,L019,Type_A,leakage_current,10.345,10.41,11.02,11.387,50.0,Healthy
C04020,L020,Type_A,leakage_current,9.592,9.851,10.654,11.644,50.0,Healthy
C04021,L021,Type_A,leakage_current,10.069,15.971,34.163,51.875,50.0,Obvious_Failure
C04022,L022,Type_A,leakage_current,9.663,11.541,26.8,41.734,50.0,Latent_Defect
C04023,L023,Type_B,leakage_current,9.424,9.764,10.213,10.405,50.0,Healthy
C04024,L024,Type_A,leakage_current,10.258,10.309,10.558,11.146,50.0,Healthy
C04025,L025,Type_A,leakage_current,10.35,10.539,11.277,11.517,50.0,Healthy
C04026,L026,Type_C,leakage_current,10.255,11.828,26.752,42.058,50.0,Latent_Defect
C04027,L027,Type_A,leakage_current,10.001,10.164,10.486,10.922,50.0,Healthy
C04028,L028,Type_C,leakage_current,8.922,9.09,9.802,10.498,50.0,Healthy
C04029,L029,Type_C,leakage_current,9.493,9.617,10.639,11.276,50.0,Healthy
C04030,L030,Type_A,leakage_current,9.638,9.804,10.391,10.996,50.0,Healthy
C04031,L031,Type_A,leakage_current,10.304,10.552,10.887,11.186,50.0,Healthy
C04032,L032,Type_B,leakage_current,10.721,14.045,36.938,60.483,50.0,Rapid_Drift
C04033,L033,Type_A,leakage_current,8.931,9.143,9.622,10.37,50.0,Healthy
C04034,L034,Type_B,leakage_current,11.0,11.254,11.565,12.021,50.0,Healthy
C04035,L035,Type_A,leakage_current,9.639,9.906,10.554,11.374,50.0,Healthy
C04036,L036,Type_A,leakage_current,10.057,10.145,10.522,10.941,50.0,Healthy
C04037,L037,Type_A,leakage_current,10.945,10.865,11.068,11.517,50.0,Healthy
C04038,L038,Type_B,leakage_current,10.665,12.548,27.276,42.751,50.0,Latent_Defect
C04039,L039,Type_A,leakage_current,9.981,10.163,11.131,11.468,50.0,Healthy
C04040,L040,Type_A,leakage_current,10.767,10.873,11.363,11.95,50.0,Healthy
C04041,L041,Type_A,leakage_current,10.208,10.515,11.055,11.541,50.0,Healthy
C04042,L042,Type_B,leakage_current,10.986,11.221,11.636,12.362,50.0,Healthy
C04043,L043,Type_A,leakage_current,10.129,10.271,10.72,11.105,50.0,Healthy
C04044,L044,Type_B,leakage_current,10.996,11.334,11.767,12.267,50.0,Healthy
C04045,L045,Type_A,leakage_current,9.832,10.133,10.863,11.64,50.0,Healthy
C04046,L046,Type_A,leakage_current,10.691,13.287,40.171,67.45,50.0,Rapid_Drift
C04047,L047,Type_C,leakage_current,9.505,9.805,10.464,11.523,50.0,Healthy
C04048,L048,Type_C,leakage_current,9.433,9.607,10.125,10.405,50.0,Healthy
C04049,L049,Type_A,leakage_current,10.499,15.548,30.064,44.293,50.0,Obvious_Failure
C04050,L050,Type_A,leakage_current,9.294,9.487,9.631,10.379,50.0,Healthy
C04051,L051,Type_A,leakage_current,9.282,9.299,9.603,9.944,50.0,Healthy
C04052,L052,Type_A,leakage_current,9.402,11.508,27.012,38.598,50.0,Latent_Defect
C04053,L053,Type_A,leakage_current,10.96,14.021,40.08,66.518,50.0,Rapid_Drift
C04054,L054,Type_B,leakage_current,9.723,9.944,10.585,11.427,50.0,Healthy
C04055,L055,Type_B,leakage_current,10.048,10.148,10.444,10.923,50.0,Healthy
C04056,L056,Type_A,leakage_current,10.977,11.281,11.993,12.955,50.0,Healthy
C04057,L057,Type_B,leakage_current,11.091,11.353,11.793,12.284,50.0,Healthy
C04058,L058,Type_A,leakage_current,10.345,10.764,11.647,12.499,50.0,Healthy
C04059,L059,Type_B,leakage_current,10.252,10.396,10.807,11.496,50.0,Healthy
C04060,L060,Type_A,leakage_current,10.048,17.719,40.914,64.158,50.0,Obvious_Failure
C04061,L061,Type_A,leakage_current,11.322,11.65,12.284,12.938,50.0,Healthy
C04062,L062,Type_B,leakage_current,11.167,13.883,31.15,48.217,50.0,Rapid_Drift
C04063,L063,Type_A,leakage_current,10.804,11.044,11.686,12.163,50.0,Healthy
C04064,L064,Type_C,leakage_current,9.838,9.952,10.603,11.283,50.0,Healthy
C04065,L065,Type_B,leakage_current,11.82,11.807,12.33,12.657,50.0,Healthy
C04066,L066,Type_A,leakage_current,10.476,10.575,11.148,11.574,50.0,Healthy
C04067,L067,Type_A,leakage_current,9.904,9.98,10.324,10.573,50.0,Healthy
C04068,L068,Type_A,leakage_current,10.403,10.552,11.203,11.79,50.0,Healthy
C04069,L069,Type_B,leakage_current,11.386,11.767,12.458,13.351,50.0,Healthy
C04070,L070,Type_B,leakage_current,11.632,11.88,12.512,12.905,50.0,Healthy
C04071,L071,Type_B,leakage_current,9.924,10.147,10.569,11.376,50.0,Healthy
C04072,L072,Type_A,leakage_current,9.989,10.121,10.386,10.769,50.0,Healthy
C04073,L073,Type_A,leakage_current,9.597,9.968,10.664,11.631,50.0,Healthy
C04074,L074,Type_C,leakage_current,9.06,15.845,35.922,55.749,50.0,Obvious_Failure
C04075,L075,Type_A,leakage_current,9.775,10.004,10.585,11.361,50.0,Healthy
C04076,L076,Type_B,leakage_current,11.463,11.541,12.324,12.696,50.0,Healthy
C04077,L077,Type_A,leakage_current,10.335,10.606,11.33,12.001,50.0,Healthy
C04078,L078,Type_C,leakage_current,10.011,10.248,11.122,11.997,50.0,Healthy
C04079,L079,Type_B,leakage_current,11.119,11.206,12.003,12.694,50.0,Healthy
C04080,L080,Type_A,leakage_current,9.432,9.684,10.461,11.067,50.0,Healthy
C04081,L081,Type_A,leakage_current,9.525,9.515,9.838,10.127,50.0,Healthy
C04082,L082,Type_A,leakage_current,10.279,10.369,11.176,12.458,50.0,Healthy
C04083,L083,Type_A,leakage_current,9.677,9.987,10.822,11.921,50.0,Healthy
C04084,L084,Type_A,leakage_current,10.165,10.245,11.001,11.561,50.0,Healthy
C04085,L085,Type_B,leakage_current,9.526,9.555,9.801,10.257,50.0,Healthy
C04086,L086,Type_A,leakage_current,9.904,10.075,10.632,11.092,50.0,Healthy
C04087,L087,Type_B,leakage_current,12.235,12.481,13.04,13.384,50.0,Healthy
C04088,L088,Type_A,leakage_current,9.743,11.343,26.006,40.058,50.0,Latent_Defect
C04089,L089,Type_B,leakage_current,10.887,11.015,11.352,12.106,50.0,Healthy
C04090,L090,Type_A,leakage_current,9.955,12.818,29.63,46.709,50.0,Rapid_Drift
C04091,L091,Type_A,leakage_current,8.846,9.207,10.258,11.134,50.0,Healthy
C04092,L092,Type_C,leakage_current,8.651,9.038,9.86,10.739,50.0,Healthy
C04093,L093,Type_B,leakage_current,10.292,11.866,28.22,44.385,50.0,Latent_Defect
C04094,L094,Type_C,leakage_current,8.459,8.524,9.139,9.71,50.0,Healthy
C04095,L095,Type_A,leakage_current,10.205,10.296,10.361,10.669,50.0,Healthy
C04096,L096,Type_C,leakage_current,9.678,11.365,25.838,38.392,50.0,Latent_Defect
C04097,L097,Type_B,leakage_current,10.106,11.536,26.876,41.827,50.0,Latent_Defect
C04098,L098,Type_A,leakage_current,9.459,9.581,10.026,10.537,50.0,Healthy
C04099,L099,Type_B,leakage_current,10.866,11.013,11.311,11.806,50.0,Healthy
C04100,L100,Type_A,leakage_current,9.702,11.111,29.508,41.328,50.0,Latent_Defect
C04101,L001,Type_B,leakage_current,9.64,16.457,36.648,56.034,50.0,Obvious_Failure
C04102,L002,Type_A,leakage_current,10.496,10.884,11.618,12.366,50.0,Healthy
C04103,L003,Type_A,leakage_current,10.258,10.574,11.176,11.557,50.0,Healthy
C04104,L004,Type_B,leakage_current,10.603,10.823,11.39,11.604,50.0,Healthy
C04105,L005,Type_B,leakage_current,10.754,10.932,11.851,12.657,50.0,Healthy
C04106,L006,Type_A,leakage_current,10.651,10.576,11.162,12.14,50.0,Healthy
C04107,L007,Type_A,leakage_current,9.819,9.905,10.697,11.281,50.0,Healthy
C04108,L008,Type_A,leakage_current,9.49,9.745,10.338,11.034,50.0,Healthy
C04109,L009,Type_B,leakage_current,10.363,10.742,11.403,11.903,50.0,Healthy
C04110,L010,Type_A,leakage_current,10.608,14.289,34.252,53.809,50.0,Rapid_Drift
C04111,L011,Type_A,leakage_current,10.342,10.521,10.893,11.007,50.0,Healthy
C04112,L012,Type_A,leakage_current,9.202,9.325,9.695,10.394,50.0,Healthy
C04113,L013,Type_C,leakage_current,8.78,10.502,25.568,38.48,50.0,Latent_Defect
C04114,L014,Type_B,leakage_current,11.404,11.812,12.789,13.407,50.0,Healthy
C04115,L015,Type_A,leakage_current,11.116,11.338,12.258,13.019,50.0,Healthy
C04116,L016,Type_A,leakage_current,9.361,9.515,9.999,10.257,50.0,Healthy
C04117,L017,Type_B,leakage_current,10.942,10.967,11.542,12.241,50.0,Healthy
C04118,L018,Type_B,leakage_current,9.831,10.305,10.928,11.582,50.0,Healthy
C04119,L019,Type_A,leakage_current,9.002,9.015,9.268,9.639,50.0,Healthy
C04120,L020,Type_A,leakage_current,10.652,12.207,29.191,40.188,50.0,Latent_Defect
C04121,L021,Type_A,leakage_current,9.533,9.645,9.94,10.32,50.0,Healthy
C04122,L022,Type_B,leakage_current,9.672,9.907,10.577,11.077,50.0,Healthy
C04123,L023,Type_A,leakage_current,9.247,9.222,9.1,9.178,50.0,Healthy
C04124,L024,Type_A,leakage_current,11.05,13.597,32.095,47.509,50.0,Latent_Defect
C04125,L025,Type_B,leakage_current,10.796,10.941,11.81,12.626,50.0,Healthy
C04126,L026,Type_B,leakage_current,10.377,10.485,11.2,11.577,50.0,Healthy
C04127,L027,Type_A,leakage_current,9.917,9.891,10.353,10.904,50.0,Healthy
C04128,L028,Type_A,leakage_current,10.475,12.862,38.067,62.625,50.0,Rapid_Drift
C04129,L029,Type_A,leakage_current,9.645,13.198,34.168,55.321,50.0,Rapid_Drift
C04130,L030,Type_A,leakage_current,10.669,10.718,10.975,11.868,50.0,Healthy
C04131,L031,Type_C,leakage_current,8.702,8.974,9.034,9.432,50.0,Healthy
C04132,L032,Type_B,leakage_current,11.056,11.271,11.685,12.019,50.0,Healthy
C04133,L033,Type_A,leakage_current,10.271,10.56,10.895,11.774,50.0,Healthy
C04134,L034,Type_B,leakage_current,10.15,10.376,10.582,11.119,50.0,Healthy
C04135,L035,Type_C,leakage_current,10.1,10.158,11.055,12.041,50.0,Healthy
C04136,L036,Type_A,leakage_current,9.651,9.76,10.085,10.523,50.0,Healthy
C04137,L037,Type_A,leakage_current,9.151,10.575,29.947,45.868,50.0,Latent_Defect
C04138,L038,Type_A,leakage_current,11.517,12.661,27.788,42.963,50.0,Latent_Defect
C04139,L039,Type_B,leakage_current,10.612,10.848,11.605,12.093,50.0,Healthy
C04140,L040,Type_A,leakage_current,9.934,12.835,33.828,53.996,50.0,Rapid_Drift
C04141,L041,Type_B,leakage_current,12.322,12.596,13.735,14.654,50.0,Healthy
C04142,L042,Type_A,leakage_current,9.654,9.728,9.919,10.635,50.0,Healthy
C04143,L043,Type_A,leakage_current,10.357,10.477,11.162,11.882,50.0,Healthy
C04144,L044,Type_B,leakage_current,10.116,10.274,10.746,11.598,50.0,Healthy
C04145,L045,Type_A,leakage_current,10.061,10.239,11.26,12.131,50.0,Healthy
C04146,L046,Type_B,leakage_current,10.494,10.921,11.485,11.825,50.0,Healthy
C04147,L047,Type_A,leakage_current,10.483,10.786,11.516,12.229,50.0,Healthy
C04148,L048,Type_C,leakage_current,10.519,10.706,11.268,11.393,50.0,Healthy
C04149,L049,Type_B,leakage_current,10.618,10.64,11.005,11.61,50.0,Healthy
C04150,L050,Type_A,leakage_current,10.031,10.357,11.18,12.011,50.0,Healthy
C04151,L051,Type_A,leakage_current,9.938,10.096,10.737,11.343,50.0,Healthy
C04152,L052,Type_B,leakage_current,9.691,9.858,10.176,10.55,50.0,Healthy
C04153,L053,Type_A,leakage_current,10.488,12.207,28.847,41.981,50.0,Latent_Defect
C04154,L054,Type_B,leakage_current,10.419,10.939,12.091,12.686,50.0,Healthy
C04155,L055,Type_A,leakage_current,10.081,11.696,32.422,46.665,50.0,Latent_Defect
C04156,L056,Type_A,leakage_current,9.355,11.225,31.491,42.095,50.0,Latent_Defect
C04157,L057,Type_A,leakage_current,10.505,10.494,11.135,11.716,50.0,Healthy
C04158,L058,Type_A,leakage_current,10.756,10.937,12.244,12.898,50.0,Healthy
C04159,L059,Type_C,leakage_current,9.251,9.352,9.704,10.351,50.0,Healthy
C04160,L060,Type_A,leakage_current,9.706,9.909,10.534,11.195,50.0,Healthy
C04161,L061,Type_A,leakage_current,9.492,9.894,10.444,11.076,50.0,Healthy
C04162,L062,Type_A,leakage_current,9.591,9.979,10.478,10.994,50.0,Healthy
C04163,L063,Type_A,leakage_current,10.631,12.814,30.48,45.619,50.0,Latent_Defect
C04164,L064,Type_A,leakage_current,10.498,10.71,11.586,12.25,50.0,Healthy
C04165,L065,Type_A,leakage_current,9.641,9.931,10.575,11.085,50.0,Healthy
C04166,L066,Type_C,leakage_current,8.75,10.78,25.513,39.706,50.0,Latent_Defect
C04167,L067,Type_C,leakage_current,8.461,8.672,9.41,10.326,50.0,Healthy
C04168,L068,Type_B,leakage_current,11.114,12.663,29.543,44.488,50.0,Latent_Defect
C04169,L069,Type_B,leakage_current,10.767,11.0,11.945,12.707,50.0,Healthy
C04170,L070,Type_A,leakage_current,10.831,11.013,11.764,12.287,50.0,Healthy
C04171,L071,Type_A,leakage_current,9.083,11.552,38.959,65.81,50.0,Rapid_Drift
C04172,L072,Type_B,leakage_current,10.452,10.545,10.953,11.375,50.0,Healthy
C04173,L073,Type_A,leakage_current,9.627,9.839,10.346,10.949,50.0,Healthy
C04174,L074,Type_C,leakage_current,9.103,9.351,9.965,10.654,50.0,Healthy
C04175,L075,Type_B,leakage_current,9.879,10.121,10.769,11.539,50.0,Healthy
C04176,L076,Type_B,leakage_current,10.697,10.787,11.042,11.347,50.0,Healthy
C04177,L077,Type_B,leakage_current,11.61,11.532,12.066,12.441,50.0,Healthy
C04178,L078,Type_A,leakage_current,10.419,10.53,11.051,11.538,50.0,Healthy
C04179,L079,Type_A,leakage_current,9.814,9.866,9.948,10.224,50.0,Healthy
C04180,L080,Type_A,leakage_current,10.403,10.687,11.632,12.244,50.0,Healthy
C04181,L081,Type_B,leakage_current,11.385,11.241,11.793,12.068,50.0,Healthy
C04182,L082,Type_A,leakage_current,9.645,9.928,10.515,11.017,50.0,Healthy
C04183,L083,Type_B,leakage_current,11.117,11.368,12.063,12.837,50.0,Healthy
C04184,L084,Type_B,leakage_current,11.52,15.671,39.203,62.525,50.0,Rapid_Drift
C04185,L085,Type_B,leakage_current,10.954,11.113,11.383,11.893,50.0,Healthy
C04186,L086,Type_C,leakage_current,9.361,9.629,10.801,11.75,50.0,Healthy
C04187,L087,Type_B,leakage_current,10.507,12.265,29.921,43.586,50.0,Latent_Defect
C04188,L088,Type_A,leakage_current,9.825,9.901,10.394,10.609,50.0,Healthy
C04189,L089,Type_A,leakage_current,9.655,9.781,10.269,11.026,50.0,Healthy
C04190,L090,Type_A,leakage_current,9.715,9.857,10.528,11.016,50.0,Healthy
C04191,L091,Type_B,leakage_current,10.84,11.068,12.109,13.041,50.0,Healthy
C04192,L092,Type_C,leakage_current,9.6,11.58,28.363,44.751,50.0,Latent_Defect
C04193,L093,Type_B,leakage_current,11.305,11.757,12.6,13.48,50.0,Healthy
C04194,L094,Type_A,leakage_current,10.748,11.012,11.482,11.94,50.0,Healthy
C04195,L095,Type_A,leakage_current,9.51,9.762,10.267,10.746,50.0,Healthy
C04196,L096,Type_A,leakage_current,10.212,10.407,11.387,12.063,50.0,Healthy
C04197,L097,Type_A,leakage_current,9.9,11.792,26.61,40.095,50.0,Latent_Defect
C04198,L098,Type_C,leakage_current,9.481,9.626,9.885,10.514,50.0,Healthy
C04199,L099,Type_B,leakage_current,10.569,10.832,11.203,12.11,50.0,Healthy
C04200,L100,Type_A,leakage_current,9.725,10.095,10.918,11.665,50.0,Healthy
C04201,L001,Type_B,leakage_current,12.109,12.395,12.672,13.144,50.0,Healthy
C04202,L002,Type_C,leakage_current,10.429,10.674,11.232,12.023,50.0,Healthy
C04203,L003,Type_A,leakage_current,9.971,10.052,10.294,10.588,50.0,Healthy
C04204,L004,Type_C,leakage_current,9.747,10.165,11.186,11.844,50.0,Healthy
C04205,L005,Type_B,leakage_current,10.234,10.37,10.719,11.206,50.0,Healthy
C04206,L006,Type_B,leakage_current,10.494,10.609,11.369,11.776,50.0,Healthy
C04207,L007,Type_A,leakage_current,10.402,10.682,11.119,11.512,50.0,Healthy
C04208,L008,Type_A,leakage_current,8.966,9.114,9.753,10.811,50.0,Healthy
C04209,L009,Type_B,leakage_current,10.66,11.073,11.756,12.1,50.0,Healthy
C04210,L010,Type_B,leakage_current,11.357,11.588,12.206,12.328,50.0,Healthy
C04211,L011,Type_A,leakage_current,9.545,9.619,9.918,10.213,50.0,Healthy
C04212,L012,Type_A,leakage_current,9.95,10.356,10.958,11.426,50.0,Healthy
C04213,L013,Type_B,leakage_current,11.34,13.84,34.233,54.869,50.0,Rapid_Drift
C04214,L014,Type_C,leakage_current,8.789,9.037,9.514,9.882,50.0,Healthy
C04215,L015,Type_A,leakage_current,9.637,10.064,10.655,11.264,50.0,Healthy
C04216,L016,Type_B,leakage_current,9.353,9.685,9.988,10.54,50.0,Healthy
C04217,L017,Type_A,leakage_current,9.569,9.75,10.34,10.924,50.0,Healthy
C04218,L018,Type_B,leakage_current,10.813,10.98,11.423,11.823,50.0,Healthy
C04219,L019,Type_A,leakage_current,10.383,10.483,11.306,11.846,50.0,Healthy
C04220,L020,Type_A,leakage_current,9.437,9.675,10.696,11.388,50.0,Healthy
C04221,L021,Type_A,leakage_current,8.615,8.788,9.314,10.227,50.0,Healthy
C04222,L022,Type_A,leakage_current,10.142,16.862,37.279,57.956,50.0,Obvious_Failure
C04223,L023,Type_C,leakage_current,8.949,9.15,9.757,10.444,50.0,Healthy
C04224,L024,Type_B,leakage_current,9.913,10.216,10.905,11.491,50.0,Healthy
C04225,L025,Type_C,leakage_current,9.647,10.119,10.813,11.702,50.0,Healthy
C04226,L026,Type_A,leakage_current,10.139,13.811,31.847,49.626,50.0,Rapid_Drift
C04227,L027,Type_B,leakage_current,11.233,11.437,11.679,11.947,50.0,Healthy
C04228,L028,Type_C,leakage_current,8.841,9.081,9.219,9.792,50.0,Healthy
C04229,L029,Type_A,leakage_current,9.712,9.825,10.176,10.475,50.0,Healthy
C04230,L030,Type_B,leakage_current,11.022,11.085,11.943,12.836,50.0,Healthy
C04231,L031,Type_B,leakage_current,11.755,12.192,13.004,14.009,50.0,Healthy
C04232,L032,Type_A,leakage_current,10.993,11.457,12.163,13.01,50.0,Healthy
C04233,L033,Type_C,leakage_current,9.609,12.494,29.194,45.509,50.0,Rapid_Drift
C04234,L034,Type_A,leakage_current,10.124,10.559,10.817,11.183,50.0,Healthy
C04235,L035,Type_A,leakage_current,10.229,10.364,11.202,11.819,50.0,Healthy
C04236,L036,Type_B,leakage_current,9.916,10.141,10.805,11.584,50.0,Healthy
C04237,L037,Type_C,leakage_current,10.492,10.748,11.759,12.63,50.0,Healthy
C04238,L038,Type_A,leakage_current,10.099,10.183,10.737,11.455,50.0,Healthy
C04239,L039,Type_B,leakage_current,9.8,9.956,10.534,11.012,50.0,Healthy
C04240,L040,Type_A,leakage_current,10.06,10.345,10.91,11.65,50.0,Healthy
C04241,L041,Type_A,leakage_current,9.574,9.678,10.105,10.563,50.0,Healthy
C04242,L042,Type_A,leakage_current,10.246,10.59,11.235,12.009,50.0,Healthy
C04243,L043,Type_A,leakage_current,9.935,10.129,10.58,10.668,50.0,Healthy
C04244,L044,Type_A,leakage_current,10.773,10.822,11.102,11.305,50.0,Healthy
C04245,L045,Type_A,leakage_current,9.685,9.925,10.133,10.363,50.0,Healthy
C04246,L046,Type_A,leakage_current,10.454,10.605,11.345,12.087,50.0,Healthy
C04247,L047,Type_A,leakage_current,9.853,10.13,10.491,11.04,50.0,Healthy
C04248,L048,Type_A,leakage_current,9.735,9.858,10.505,10.733,50.0,Healthy
C04249,L049,Type_A,leakage_current,10.967,11.282,12.101,12.777,50.0,Healthy
C04250,L050,Type_B,leakage_current,9.971,10.374,10.77,11.453,50.0,Healthy
C04251,L051,Type_A,leakage_current,8.367,9.014,9.735,10.804,50.0,Healthy
C04252,L052,Type_B,leakage_current,12.185,12.194,12.625,12.873,50.0,Healthy
C04253,L053,Type_A,leakage_current,10.486,10.599,10.927,11.614,50.0,Healthy
C04254,L054,Type_B,leakage_current,10.991,10.97,11.607,11.956,50.0,Healthy
C04255,L055,Type_B,leakage_current,10.69,11.003,11.591,12.29,50.0,Healthy
C04256,L056,Type_B,leakage_current,10.672,10.77,11.369,12.181,50.0,Healthy
C04257,L057,Type_A,leakage_current,10.168,11.714,28.817,38.255,50.0,Latent_Defect
C04258,L058,Type_A,leakage_current,9.953,10.396,10.744,11.295,50.0,Healthy
C04259,L059,Type_B,leakage_current,10.43,10.788,11.338,11.92,50.0,Healthy
C04260,L060,Type_A,leakage_current,10.846,10.996,11.622,12.65,50.0,Healthy
C04261,L061,Type_A,leakage_current,9.632,10.032,10.349,10.922,50.0,Healthy
C04262,L062,Type_A,leakage_current,10.023,10.19,10.544,11.113,50.0,Healthy
C04263,L063,Type_B,leakage_current,11.825,11.87,12.44,12.718,50.0,Healthy
C04264,L064,Type_A,leakage_current,10.646,10.81,11.109,11.627,50.0,Healthy
C04265,L065,Type_A,leakage_current,9.661,13.675,39.36,64.501,50.0,Rapid_Drift
C04266,L066,Type_C,leakage_current,9.124,9.252,9.67,10.088,50.0,Healthy
C04267,L067,Type_B,leakage_current,10.463,12.555,28.337,43.817,50.0,Latent_Defect
C04268,L068,Type_A,leakage_current,10.513,12.953,25.991,38.636,50.0,Latent_Defect
C04269,L069,Type_A,leakage_current,10.406,10.574,11.27,11.966,50.0,Healthy
C04270,L070,Type_B,leakage_current,10.96,11.126,11.763,12.397,50.0,Healthy
C04271,L071,Type_B,leakage_current,11.41,17.661,34.985,52.318,50.0,Obvious_Failure
C04272,L072,Type_B,leakage_current,11.794,13.516,32.976,39.784,50.0,Latent_Defect
C04273,L073,Type_A,leakage_current,9.244,17.453,42.523,67.511,50.0,Obvious_Failure
C04274,L074,Type_B,leakage_current,10.938,14.424,31.082,47.754,50.0,Rapid_Drift
C04275,L075,Type_A,leakage_current,10.411,10.772,11.8,12.602,50.0,Healthy
C04276,L076,Type_B,leakage_current,10.09,12.187,24.939,37.924,50.0,Latent_Defect
C04277,L077,Type_A,leakage_current,9.786,15.148,31.955,48.615,50.0,Obvious_Failure
C04278,L078,Type_A,leakage_current,9.942,11.529,29.42,39.312,50.0,Latent_Defect
C04279,L079,Type_A,leakage_current,9.876,9.962,10.65,11.178,50.0,Healthy
C04280,L080,Type_B,leakage_current,11.338,11.48,12.315,12.952,50.0,Healthy
C04281,L081,Type_A,leakage_current,8.797,8.917,9.36,10.011,50.0,Healthy
C04282,L082,Type_A,leakage_current,10.213,10.473,11.014,12.151,50.0,Healthy
C04283,L083,Type_B,leakage_current,9.816,11.596,31.929,42.722,50.0,Latent_Defect
C04284,L084,Type_B,leakage_current,11.418,19.294,42.123,64.811,50.0,Obvious_Failure
C04285,L085,Type_B,leakage_current,10.379,10.452,11.005,11.16,50.0,Healthy
C04286,L086,Type_A,leakage_current,9.442,9.586,10.028,10.182,50.0,Healthy
C04287,L087,Type_B,leakage_current,10.907,10.884,11.364,11.825,50.0,Healthy
C04288,L088,Type_B,leakage_current,10.458,10.896,11.843,12.731,50.0,Healthy
C04289,L089,Type_A,leakage_current,9.549,9.756,10.133,10.277,50.0,Healthy
C04290,L090,Type_B,leakage_current,10.888,11.2,12.049,12.827,50.0,Healthy
C04291,L091,Type_C,leakage_current,7.592,7.656,7.886,8.219,50.0,Healthy
C04292,L092,Type_A,leakage_current,9.716,9.741,10.23,10.545,50.0,Healthy
C04293,L093,Type_B,leakage_current,10.498,13.853,32.304,50.086,50.0,Rapid_Drift
C04294,L094,Type_C,leakage_current,8.781,8.629,9.216,9.589,50.0,Healthy
C04295,L095,Type_C,leakage_current,10.542,12.403,31.482,39.151,50.0,Latent_Defect
C04296,L096,Type_A,leakage_current,10.641,10.942,11.467,11.947,50.0,Healthy
C04297,L097,Type_A,leakage_current,10.561,12.765,25.217,37.294,50.0,Latent_Defect
C04298,L098,Type_A,leakage_current,10.115,10.327,11.172,12.355,50.0,Healthy
C04299,L099,Type_B,leakage_current,11.159,11.401,11.855,12.349,50.0,Healthy
C04300,L100,Type_A,leakage_current,10.202,10.285,10.77,11.27,50.0,Healthy
C04301,L001,Type_B,leakage_current,10.152,10.177,10.26,10.654,50.0,Healthy
C04302,L002,Type_B,leakage_current,10.94,10.959,11.352,11.865,50.0,Healthy
C04303,L003,Type_A,leakage_current,9.73,9.752,10.387,10.814,50.0,Healthy
C04304,L004,Type_A,leakage_current,9.979,11.467,26.483,40.002,50.0,Latent_Defect
C04305,L005,Type_A,leakage_current,9.39,9.545,10.014,10.64,50.0,Healthy
C04306,L006,Type_A,leakage_current,10.537,10.802,11.328,11.964,50.0,Healthy
C04307,L007,Type_B,leakage_current,9.674,9.771,10.237,10.868,50.0,Healthy
C04308,L008,Type_A,leakage_current,10.458,14.162,33.976,53.862,50.0,Rapid_Drift
C04309,L009,Type_A,leakage_current,9.576,9.672,10.274,10.676,50.0,Healthy
C04310,L010,Type_B,leakage_current,10.993,11.098,11.647,11.881,50.0,Healthy
C04311,L011,Type_A,leakage_current,10.805,18.154,40.267,62.332,50.0,Obvious_Failure
C04312,L012,Type_B,leakage_current,11.834,11.818,12.097,12.349,50.0,Healthy
C04313,L013,Type_B,leakage_current,10.689,10.761,11.484,11.984,50.0,Healthy
C04314,L014,Type_C,leakage_current,9.535,9.575,10.333,10.918,50.0,Healthy
C04315,L015,Type_A,leakage_current,9.561,9.912,10.987,11.606,50.0,Healthy
C04316,L016,Type_A,leakage_current,9.402,9.369,9.509,9.963,50.0,Healthy
C04317,L017,Type_C,leakage_current,9.661,9.9,10.434,10.711,50.0,Healthy
C04318,L018,Type_A,leakage_current,10.575,10.689,11.383,11.736,50.0,Healthy
C04319,L019,Type_A,leakage_current,9.516,11.711,26.135,41.229,50.0,Latent_Defect
C04320,L020,Type_A,leakage_current,10.608,10.781,11.636,12.46,50.0,Healthy
C04321,L021,Type_A,leakage_current,10.583,10.981,11.161,12.051,50.0,Healthy
C04322,L022,Type_B,leakage_current,11.194,11.439,12.096,13.296,50.0,Healthy
C04323,L023,Type_A,leakage_current,10.261,10.552,11.344,12.262,50.0,Healthy
C04324,L024,Type_B,leakage_current,11.696,11.791,12.348,12.988,50.0,Healthy
C04325,L025,Type_C,leakage_current,9.815,9.804,10.593,11.052,50.0,Healthy
C04326,L026,Type_A,leakage_current,9.465,9.71,10.269,11.121,50.0,Healthy
C04327,L027,Type_A,leakage_current,9.737,10.232,11.21,12.278,50.0,Healthy
C04328,L028,Type_A,leakage_current,10.989,13.374,37.478,61.105,50.0,Rapid_Drift
C04329,L029,Type_B,leakage_current,9.992,10.288,10.826,11.485,50.0,Healthy
C04330,L030,Type_A,leakage_current,9.413,14.693,30.83,47.146,50.0,Obvious_Failure
C04331,L031,Type_A,leakage_current,11.058,11.327,11.932,12.617,50.0,Healthy
C04332,L032,Type_B,leakage_current,11.531,13.265,34.031,42.797,50.0,Latent_Defect
C04333,L033,Type_A,leakage_current,9.548,11.245,29.729,38.762,50.0,Latent_Defect
C04334,L034,Type_A,leakage_current,11.294,11.614,12.515,13.395,50.0,Healthy
C04335,L035,Type_A,leakage_current,10.827,10.967,11.386,12.204,50.0,Healthy
C04336,L036,Type_B,leakage_current,11.389,11.681,12.82,13.904,50.0,Healthy
C04337,L037,Type_A,leakage_current,10.762,10.58,10.644,10.724,50.0,Healthy
C04338,L038,Type_B,leakage_current,10.542,10.742,11.428,11.677,50.0,Healthy
C04339,L039,Type_B,leakage_current,11.368,11.436,11.549,11.783,50.0,Healthy
C04340,L040,Type_A,leakage_current,10.665,10.844,11.727,12.546,50.0,Healthy
C04341,L041,Type_C,leakage_current,9.756,9.845,10.547,11.171,50.0,Healthy
C04342,L042,Type_B,leakage_current,11.114,11.464,11.721,12.323,50.0,Healthy
C04343,L043,Type_A,leakage_current,8.73,8.957,9.749,10.516,50.0,Healthy
C04344,L044,Type_B,leakage_current,9.415,9.657,10.891,11.953,50.0,Healthy
C04345,L045,Type_A,leakage_current,9.43,9.468,9.752,10.002,50.0,Healthy
C04346,L046,Type_B,leakage_current,10.326,10.563,11.614,12.754,50.0,Healthy
C04347,L047,Type_C,leakage_current,10.307,10.652,11.321,11.804,50.0,Healthy
C04348,L048,Type_A,leakage_current,9.899,9.995,10.251,10.479,50.0,Healthy
C04349,L049,Type_A,leakage_current,9.56,9.65,10.136,10.778,50.0,Healthy
C04350,L050,Type_B,leakage_current,9.975,10.331,10.716,11.497,50.0,Healthy
C04351,L051,Type_A,leakage_current,10.088,10.238,10.25,10.518,50.0,Healthy
C04352,L052,Type_B,leakage_current,11.469,11.591,12.108,12.933,50.0,Healthy
C04353,L053,Type_B,leakage_current,10.954,11.141,12.097,12.653,50.0,Healthy
C04354,L054,Type_B,leakage_current,10.762,18.204,40.094,62.785,50.0,Obvious_Failure
C04355,L055,Type_A,leakage_current,9.312,9.529,10.036,9.967,50.0,Healthy
C04356,L056,Type_A,leakage_current,10.281,10.635,11.706,12.492,50.0,Healthy
C04357,L057,Type_B,leakage_current,11.327,11.784,12.702,13.375,50.0,Healthy
C04358,L058,Type_A,leakage_current,9.945,10.16,10.657,10.759,50.0,Healthy
C04359,L059,Type_A,leakage_current,10.265,10.509,11.279,12.428,50.0,Healthy
C04360,L060,Type_C,leakage_current,7.936,8.25,8.872,9.87,50.0,Healthy
C04361,L061,Type_A,leakage_current,10.575,10.69,11.423,12.569,50.0,Healthy
C04362,L062,Type_A,leakage_current,10.328,10.461,11.086,11.927,50.0,Healthy
C04363,L063,Type_A,leakage_current,10.007,10.104,10.599,11.32,50.0,Healthy
C04364,L064,Type_B,leakage_current,9.8,11.741,27.909,40.961,50.0,Latent_Defect
C04365,L065,Type_A,leakage_current,9.455,9.45,10.008,10.383,50.0,Healthy
C04366,L066,Type_A,leakage_current,9.007,9.565,10.345,10.927,50.0,Healthy
C04367,L067,Type_A,leakage_current,10.472,10.568,10.747,10.986,50.0,Healthy
C04368,L068,Type_A,leakage_current,9.277,9.635,10.42,11.265,50.0,Healthy
C04369,L069,Type_C,leakage_current,9.064,9.004,9.532,10.295,50.0,Healthy
C04370,L070,Type_B,leakage_current,10.724,13.167,28.615,44.013,50.0,Latent_Defect
C04371,L071,Type_A,leakage_current,9.624,9.863,10.267,10.964,50.0,Healthy
C04372,L072,Type_C,leakage_current,9.476,9.604,10.2,11.064,50.0,Healthy
C04373,L073,Type_A,leakage_current,9.801,9.995,10.51,10.951,50.0,Healthy
C04374,L074,Type_A,leakage_current,10.441,12.551,25.051,37.003,50.0,Latent_Defect
C04375,L075,Type_C,leakage_current,9.86,9.946,10.217,10.851,50.0,Healthy
C04376,L076,Type_A,leakage_current,10.343,10.702,11.383,12.077,50.0,Healthy
C04377,L077,Type_A,leakage_current,10.551,10.395,10.875,11.277,50.0,Healthy
C04378,L078,Type_A,leakage_current,10.562,10.544,10.95,11.259,50.0,Healthy
C04379,L079,Type_B,leakage_current,10.916,13.959,33.199,52.573,50.0,Rapid_Drift
C04380,L080,Type_B,leakage_current,10.828,11.045,11.737,12.678,50.0,Healthy
C04381,L081,Type_A,leakage_current,10.457,10.856,11.246,11.955,50.0,Healthy
C04382,L082,Type_A,leakage_current,10.036,13.185,40.936,68.987,50.0,Rapid_Drift
C04383,L083,Type_B,leakage_current,10.804,14.433,37.474,61.333,50.0,Rapid_Drift
C04384,L084,Type_C,leakage_current,9.575,9.712,10.575,11.13,50.0,Healthy
C04385,L085,Type_A,leakage_current,9.539,16.713,37.893,59.559,50.0,Obvious_Failure
C04386,L086,Type_A,leakage_current,9.811,10.01,10.724,11.411,50.0,Healthy
C04387,L087,Type_A,leakage_current,10.173,10.315,10.859,11.487,50.0,Healthy
C04388,L088,Type_A,leakage_current,11.096,19.838,45.838,72.662,50.0,Obvious_Failure
C04389,L089,Type_A,leakage_current,10.013,10.356,10.981,12.053,50.0,Healthy
C04390,L090,Type_B,leakage_current,8.992,9.195,10.035,10.607,50.0,Healthy
C04391,L091,Type_B,leakage_current,10.382,10.537,11.081,11.737,50.0,Healthy
C04392,L092,Type_A,leakage_current,9.468,9.569,9.986,10.181,50.0,Healthy
C04393,L093,Type_C,leakage_current,8.543,10.882,29.585,38.565,50.0,Latent_Defect
C04394,L094,Type_B,leakage_current,10.283,10.473,10.627,11.188,50.0,Healthy
C04395,L095,Type_C,leakage_current,9.955,12.841,29.748,47.422,50.0,Rapid_Drift
C04396,L096,Type_A,leakage_current,9.301,9.349,9.685,9.664,50.0,Healthy
C04397,L097,Type_B,leakage_current,10.709,10.894,11.81,12.177,50.0,Healthy
C04398,L098,Type_B,leakage_current,10.537,10.899,11.603,12.314,50.0,Healthy
C04399,L099,Type_C,leakage_current,9.692,9.948,10.366,10.795,50.0,Healthy
C04400,L100,Type_A,leakage_current,8.691,8.745,9.243,9.623,50.0,Healthy
C04401,L001,Type_C,leakage_current,10.262,10.456,10.805,11.372,50.0,Healthy
C04402,L002,Type_A,leakage_current,8.886,11.539,28.787,45.648,50.0,Rapid_Drift
C04403,L003,Type_C,leakage_current,10.325,10.472,11.534,12.208,50.0,Healthy
C04404,L004,Type_B,leakage_current,11.333,11.273,11.29,11.557,50.0,Healthy
C04405,L005,Type_B,leakage_current,10.648,10.914,11.704,12.102,50.0,Healthy
C04406,L006,Type_B,leakage_current,10.448,10.678,10.996,11.475,50.0,Healthy
C04407,L007,Type_B,leakage_current,9.779,9.849,10.138,10.482,50.0,Healthy
C04408,L008,Type_A,leakage_current,9.909,11.661,28.842,38.178,50.0,Latent_Defect
C04409,L009,Type_A,leakage_current,9.321,9.443,10.144,11.117,50.0,Healthy
C04410,L010,Type_C,leakage_current,8.733,8.915,9.585,10.149,50.0,Healthy
C04411,L011,Type_A,leakage_current,9.684,13.171,38.298,63.426,50.0,Rapid_Drift
C04412,L012,Type_A,leakage_current,10.04,10.139,10.422,10.845,50.0,Healthy
C04413,L013,Type_B,leakage_current,10.883,11.178,11.849,12.507,50.0,Healthy
C04414,L014,Type_B,leakage_current,10.874,10.995,11.311,11.915,50.0,Healthy
C04415,L015,Type_A,leakage_current,10.741,10.839,11.528,12.151,50.0,Healthy
C04416,L016,Type_B,leakage_current,11.679,11.993,12.58,13.074,50.0,Healthy
C04417,L017,Type_B,leakage_current,11.357,13.767,27.752,40.064,50.0,Latent_Defect
C04418,L018,Type_A,leakage_current,9.561,17.049,39.663,62.023,50.0,Obvious_Failure
C04419,L019,Type_B,leakage_current,10.123,10.245,10.853,11.471,50.0,Healthy
C04420,L020,Type_C,leakage_current,9.975,10.327,10.653,11.133,50.0,Healthy
C04421,L021,Type_B,leakage_current,11.033,11.484,12.254,13.023,50.0,Healthy
C04422,L022,Type_B,leakage_current,10.785,10.863,11.247,11.624,50.0,Healthy
C04423,L023,Type_A,leakage_current,9.612,9.71,10.39,11.195,50.0,Healthy
C04424,L024,Type_A,leakage_current,8.507,9.851,25.557,41.343,50.0,Latent_Defect
C04425,L025,Type_A,leakage_current,9.156,9.513,10.235,10.904,50.0,Healthy
C04426,L026,Type_C,leakage_current,8.684,8.914,9.625,10.311,50.0,Healthy
C04427,L027,Type_B,leakage_current,10.453,10.779,11.653,12.728,50.0,Healthy
C04428,L028,Type_C,leakage_current,8.856,9.101,9.671,10.181,50.0,Healthy
C04429,L029,Type_A,leakage_current,10.161,10.244,10.986,11.548,50.0,Healthy
C04430,L030,Type_A,leakage_current,10.139,10.287,10.585,10.709,50.0,Healthy
C04431,L031,Type_A,leakage_current,9.639,9.837,10.284,10.804,50.0,Healthy
C04432,L032,Type_B,leakage_current,10.268,10.41,11.239,11.953,50.0,Healthy
C04433,L033,Type_B,leakage_current,10.07,10.227,10.777,11.294,50.0,Healthy
C04434,L034,Type_A,leakage_current,9.886,10.124,10.672,11.534,50.0,Healthy
C04435,L035,Type_A,leakage_current,10.466,13.946,36.645,59.358,50.0,Rapid_Drift
C04436,L036,Type_A,leakage_current,9.975,10.376,10.647,11.163,50.0,Healthy
C04437,L037,Type_A,leakage_current,8.172,10.225,28.186,45.228,50.0,Latent_Defect
C04438,L038,Type_A,leakage_current,10.187,10.422,10.757,10.887,50.0,Healthy
C04439,L039,Type_A,leakage_current,10.66,11.014,11.585,12.005,50.0,Healthy
C04440,L040,Type_A,leakage_current,9.811,10.223,10.804,11.509,50.0,Healthy
C04441,L041,Type_A,leakage_current,8.815,8.812,9.087,9.37,50.0,Healthy
C04442,L042,Type_A,leakage_current,9.204,12.77,32.525,52.69,50.0,Rapid_Drift
C04443,L043,Type_C,leakage_current,9.762,11.706,24.568,37.152,50.0,Latent_Defect
C04444,L044,Type_A,leakage_current,10.418,11.664,24.664,36.623,50.0,Latent_Defect
C04445,L045,Type_A,leakage_current,9.528,9.652,10.167,10.676,50.0,Healthy
C04446,L046,Type_C,leakage_current,10.808,10.997,11.389,12.064,50.0,Healthy
C04447,L047,Type_B,leakage_current,10.146,10.394,11.073,11.785,50.0,Healthy
C04448,L048,Type_A,leakage_current,11.137,11.377,12.245,12.997,50.0,Healthy
C04449,L049,Type_A,leakage_current,9.366,9.474,10.067,10.782,50.0,Healthy
C04450,L050,Type_A,leakage_current,10.51,10.532,11.222,12.093,50.0,Healthy
C04451,L051,Type_A,leakage_current,10.432,10.685,11.188,11.955,50.0,Healthy
C04452,L052,Type_A,leakage_current,10.281,12.833,35.101,57.232,50.0,Rapid_Drift
C04453,L053,Type_C,leakage_current,9.054,9.193,9.536,9.703,50.0,Healthy
C04454,L054,Type_C,leakage_current,10.084,10.301,10.897,11.671,50.0,Healthy
C04455,L055,Type_A,leakage_current,10.005,10.347,10.746,11.053,50.0,Healthy
C04456,L056,Type_B,leakage_current,9.274,9.619,10.817,11.401,50.0,Healthy
C04457,L057,Type_C,leakage_current,9.424,9.617,10.274,11.051,50.0,Healthy
C04458,L058,Type_A,leakage_current,9.499,9.766,10.396,11.306,50.0,Healthy
C04459,L059,Type_B,leakage_current,9.944,10.269,10.874,11.457,50.0,Healthy
C04460,L060,Type_A,leakage_current,10.966,11.238,11.759,12.626,50.0,Healthy
C04461,L061,Type_A,leakage_current,9.994,13.899,38.443,63.406,50.0,Rapid_Drift
C04462,L062,Type_A,leakage_current,10.113,10.391,11.3,12.161,50.0,Healthy
C04463,L063,Type_A,leakage_current,9.872,10.032,10.375,10.809,50.0,Healthy
C04464,L064,Type_C,leakage_current,9.391,11.438,24.244,37.346,50.0,Latent_Defect
C04465,L065,Type_A,leakage_current,9.255,9.216,9.744,10.529,50.0,Healthy
C04466,L066,Type_A,leakage_current,10.226,10.387,11.603,12.778,50.0,Healthy
C04467,L067,Type_A,leakage_current,10.7,10.649,11.039,11.479,50.0,Healthy
C04468,L068,Type_B,leakage_current,10.321,10.85,11.508,12.163,50.0,Healthy
C04469,L069,Type_A,leakage_current,10.597,10.716,11.097,11.677,50.0,Healthy
C04470,L070,Type_C,leakage_current,9.452,9.677,9.896,9.84,50.0,Healthy
C04471,L071,Type_A,leakage_current,10.723,11.12,11.826,12.602,50.0,Healthy
C04472,L072,Type_A,leakage_current,9.459,9.578,9.661,9.956,50.0,Healthy
C04473,L073,Type_A,leakage_current,9.829,10.104,11.293,12.519,50.0,Healthy
C04474,L074,Type_C,leakage_current,9.682,9.858,10.478,10.671,50.0,Healthy
C04475,L075,Type_A,leakage_current,9.844,16.81,38.574,60.271,50.0,Obvious_Failure
C04476,L076,Type_C,leakage_current,9.779,10.058,10.816,11.777,50.0,Healthy
C04477,L077,Type_C,leakage_current,9.491,9.745,10.328,11.16,50.0,Healthy
C04478,L078,Type_A,leakage_current,8.53,8.92,9.556,10.166,50.0,Healthy
C04479,L079,Type_A,leakage_current,10.44,10.755,11.476,12.171,50.0,Healthy
C04480,L080,Type_A,leakage_current,11.052,11.373,11.977,12.822,50.0,Healthy
C04481,L081,Type_C,leakage_current,9.261,9.463,9.965,10.658,50.0,Healthy
C04482,L082,Type_B,leakage_current,10.718,10.777,11.475,12.018,50.0,Healthy
C04483,L083,Type_A,leakage_current,9.216,11.396,28.685,42.956,50.0,Latent_Defect
C04484,L084,Type_B,leakage_current,11.241,11.353,12.021,12.546,50.0,Healthy
C04485,L085,Type_A,leakage_current,9.831,9.967,9.938,10.519,50.0,Healthy
C04486,L086,Type_B,leakage_current,10.888,11.051,11.527,11.821,50.0,Healthy
C04487,L087,Type_A,leakage_current,9.675,9.967,10.344,10.938,50.0,Healthy
C04488,L088,Type_B,leakage_current,9.669,9.687,10.265,10.871,50.0,Healthy
C04489,L089,Type_B,leakage_current,11.333,11.634,12.543,13.501,50.0,Healthy
C04490,L090,Type_A,leakage_current,9.643,10.013,10.726,11.997,50.0,Healthy
C04491,L091,Type_A,leakage_current,11.567,11.869,12.321,13.057,50.0,Healthy
C04492,L092,Type_C,leakage_current,9.479,18.375,45.055,71.668,50.0,Obvious_Failure
C04493,L093,Type_B,leakage_current,10.159,10.55,11.376,12.07,50.0,Healthy
C04494,L094,Type_B,leakage_current,10.458,10.676,11.231,11.512,50.0,Healthy
C04495,L095,Type_B,leakage_current,11.16,13.348,32.868,42.761,50.0,Latent_Defect
C04496,L096,Type_A,leakage_current,9.136,9.415,10.385,10.912,50.0,Healthy
C04497,L097,Type_C,leakage_current,8.536,8.367,8.656,9.013,50.0,Healthy
C04498,L098,Type_A,leakage_current,9.538,11.041,31.204,47.464,50.0,Latent_Defect
C04499,L099,Type_C,leakage_current,9.947,10.308,10.938,11.923,50.0,Healthy
C04500,L100,Type_A,leakage_current,10.521,10.632,11.42,11.689,50.0,Healthy
C04501,L001,Type_A,leakage_current,11.433,11.698,12.433,13.003,50.0,Healthy
C04502,L002,Type_A,leakage_current,9.842,10.238,10.984,11.38,50.0,Healthy
C04503,L003,Type_B,leakage_current,10.071,10.186,10.705,11.45,50.0,Healthy
C04504,L004,Type_A,leakage_current,9.138,9.22,9.713,10.52,50.0,Healthy
C04505,L005,Type_B,leakage_current,10.044,10.27,10.808,11.468,50.0,Healthy
C04506,L006,Type_A,leakage_current,8.512,9.774,29.104,45.478,50.0,Latent_Defect
C04507,L007,Type_C,leakage_current,8.294,8.464,8.943,9.781,50.0,Healthy
C04508,L008,Type_B,leakage_current,11.602,11.715,12.562,13.247,50.0,Healthy
C04509,L009,Type_A,leakage_current,10.665,10.897,11.67,11.923,50.0,Healthy
C04510,L010,Type_A,leakage_current,9.44,9.618,10.349,11.223,50.0,Healthy
C04511,L011,Type_B,leakage_current,10.687,10.971,11.397,11.772,50.0,Healthy
C04512,L012,Type_B,leakage_current,10.882,11.123,11.617,12.176,50.0,Healthy
C04513,L013,Type_A,leakage_current,10.566,10.605,11.317,12.227,50.0,Healthy
C04514,L014,Type_B,leakage_current,11.277,11.278,11.691,12.24,50.0,Healthy
C04515,L015,Type_A,leakage_current,9.517,9.552,10.092,10.511,50.0,Healthy
C04516,L016,Type_A,leakage_current,9.906,10.324,11.25,11.634,50.0,Healthy
C04517,L017,Type_A,leakage_current,9.572,9.861,10.652,11.821,50.0,Healthy
C04518,L018,Type_B,leakage_current,11.698,12.06,12.713,13.603,50.0,Healthy
C04519,L019,Type_B,leakage_current,10.879,14.237,34.281,53.878,50.0,Rapid_Drift
C04520,L020,Type_A,leakage_current,11.131,11.25,11.954,12.672,50.0,Healthy
C04521,L021,Type_A,leakage_current,9.573,9.398,9.59,10.124,50.0,Healthy
C04522,L022,Type_A,leakage_current,9.85,10.058,10.706,11.269,50.0,Healthy
C04523,L023,Type_B,leakage_current,11.99,11.946,12.298,12.505,50.0,Healthy
C04524,L024,Type_A,leakage_current,10.687,19.637,47.251,74.054,50.0,Obvious_Failure
C04525,L025,Type_B,leakage_current,10.645,10.764,11.415,12.229,50.0,Healthy
C04526,L026,Type_A,leakage_current,9.756,9.88,10.567,11.355,50.0,Healthy
C04527,L027,Type_C,leakage_current,9.679,9.948,10.28,10.595,50.0,Healthy
C04528,L028,Type_C,leakage_current,9.761,9.82,10.28,10.75,50.0,Healthy
C04529,L029,Type_A,leakage_current,11.563,14.417,40.085,66.498,50.0,Rapid_Drift
C04530,L030,Type_C,leakage_current,9.868,9.993,10.182,10.634,50.0,Healthy
C04531,L031,Type_B,leakage_current,11.469,14.362,38.381,62.757,50.0,Rapid_Drift
C04532,L032,Type_A,leakage_current,9.284,9.426,10.224,10.481,50.0,Healthy
C04533,L033,Type_C,leakage_current,9.602,9.615,10.428,11.238,50.0,Healthy
C04534,L034,Type_A,leakage_current,10.624,10.791,11.405,11.898,50.0,Healthy
C04535,L035,Type_B,leakage_current,11.006,12.853,26.327,39.809,50.0,Latent_Defect
C04536,L036,Type_A,leakage_current,9.494,9.704,10.332,10.934,50.0,Healthy
C04537,L037,Type_B,leakage_current,9.713,9.962,10.784,11.495,50.0,Healthy
C04538,L038,Type_A,leakage_current,11.484,12.82,31.247,41.36,50.0,Latent_Defect
C04539,L039,Type_C,leakage_current,9.348,11.652,25.068,38.471,50.0,Latent_Defect
C04540,L040,Type_A,leakage_current,9.757,10.039,10.537,10.673,50.0,Healthy
C04541,L041,Type_A,leakage_current,10.405,10.529,11.263,11.992,50.0,Healthy
C04542,L042,Type_C,leakage_current,9.543,9.875,9.984,10.247,50.0,Healthy
C04543,L043,Type_A,leakage_current,8.99,9.097,9.677,9.885,50.0,Healthy
C04544,L044,Type_A,leakage_current,10.53,10.513,11.483,12.123,50.0,Healthy
C04545,L045,Type_A,leakage_current,10.18,10.506,11.168,11.698,50.0,Healthy
C04546,L046,Type_A,leakage_current,10.252,11.817,26.178,40.373,50.0,Latent_Defect
C04547,L047,Type_B,leakage_current,10.74,10.934,11.746,12.473,50.0,Healthy
C04548,L048,Type_B,leakage_current,10.408,10.784,11.628,12.33,50.0,Healthy
C04549,L049,Type_A,leakage_current,10.519,10.665,11.246,12.231,50.0,Healthy
C04550,L050,Type_C,leakage_current,9.7,11.053,28.479,43.409,50.0,Latent_Defect
C04551,L051,Type_B,leakage_current,9.847,10.187,10.777,11.387,50.0,Healthy
C04552,L052,Type_B,leakage_current,11.088,11.203,11.814,12.612,50.0,Healthy
C04553,L053,Type_C,leakage_current,8.751,8.848,9.387,10.073,50.0,Healthy
C04554,L054,Type_B,leakage_current,10.07,10.333,10.87,11.563,50.0,Healthy
C04555,L055,Type_B,leakage_current,11.256,11.598,12.523,13.065,50.0,Healthy
C04556,L056,Type_A,leakage_current,10.651,10.725,11.284,11.394,50.0,Healthy
C04557,L057,Type_B,leakage_current,11.101,14.175,35.158,56.795,50.0,Rapid_Drift
C04558,L058,Type_A,leakage_current,10.422,12.68,31.783,40.261,50.0,Latent_Defect
C04559,L059,Type_A,leakage_current,10.701,11.0,11.446,12.314,50.0,Healthy
C04560,L060,Type_A,leakage_current,10.195,10.315,10.735,10.933,50.0,Healthy
C04561,L061,Type_A,leakage_current,9.754,9.922,10.776,11.31,50.0,Healthy
C04562,L062,Type_A,leakage_current,9.382,9.459,10.012,10.543,50.0,Healthy
C04563,L063,Type_A,leakage_current,9.975,18.391,43.942,69.922,50.0,Obvious_Failure
C04564,L064,Type_A,leakage_current,9.952,18.547,44.549,69.99,50.0,Obvious_Failure
C04565,L065,Type_A,leakage_current,9.234,9.567,10.33,11.111,50.0,Healthy
C04566,L066,Type_C,leakage_current,9.836,10.051,10.966,12.017,50.0,Healthy
C04567,L067,Type_A,leakage_current,10.01,10.096,10.53,10.766,50.0,Healthy
C04568,L068,Type_A,leakage_current,10.04,10.477,11.396,12.143,50.0,Healthy
C04569,L069,Type_B,leakage_current,10.6,10.94,11.598,12.262,50.0,Healthy
C04570,L070,Type_B,leakage_current,11.344,12.616,26.94,39.019,50.0,Latent_Defect
C04571,L071,Type_A,leakage_current,10.121,10.248,10.811,11.304,50.0,Healthy
C04572,L072,Type_A,leakage_current,10.027,10.419,11.029,11.667,50.0,Healthy
C04573,L073,Type_A,leakage_current,9.931,9.999,10.564,11.21,50.0,Healthy
C04574,L074,Type_A,leakage_current,10.708,10.885,11.139,11.391,50.0,Healthy
C04575,L075,Type_A,leakage_current,9.757,9.833,10.241,10.575,50.0,Healthy
C04576,L076,Type_A,leakage_current,10.538,10.763,11.446,12.126,50.0,Healthy
C04577,L077,Type_C,leakage_current,9.431,9.443,9.468,9.601,50.0,Healthy
C04578,L078,Type_B,leakage_current,10.99,12.77,32.312,38.653,50.0,Latent_Defect
C04579,L079,Type_B,leakage_current,11.023,11.399,12.023,12.459,50.0,Healthy
C04580,L080,Type_A,leakage_current,10.447,10.457,11.276,12.019,50.0,Healthy
C04581,L081,Type_B,leakage_current,10.531,17.931,39.046,60.6,50.0,Obvious_Failure
C04582,L082,Type_A,leakage_current,9.262,9.601,10.686,11.709,50.0,Healthy
C04583,L083,Type_B,leakage_current,10.227,10.242,10.722,11.15,50.0,Healthy
C04584,L084,Type_C,leakage_current,9.45,9.597,9.997,10.362,50.0,Healthy
C04585,L085,Type_B,leakage_current,11.202,11.549,12.335,12.769,50.0,Healthy
C04586,L086,Type_A,leakage_current,9.193,9.556,10.15,10.826,50.0,Healthy
C04587,L087,Type_B,leakage_current,10.421,10.509,11.219,11.636,50.0,Healthy
C04588,L088,Type_A,leakage_current,9.741,9.919,9.948,10.109,50.0,Healthy
C04589,L089,Type_A,leakage_current,9.952,10.084,10.544,10.906,50.0,Healthy
C04590,L090,Type_A,leakage_current,9.337,11.698,28.535,45.375,50.0,Rapid_Drift
C04591,L091,Type_C,leakage_current,8.769,12.47,33.846,54.521,50.0,Rapid_Drift
C04592,L092,Type_A,leakage_current,9.696,9.878,10.464,11.535,50.0,Healthy
C04593,L093,Type_A,leakage_current,9.941,10.115,10.439,11.243,50.0,Healthy
C04594,L094,Type_B,leakage_current,10.626,10.736,11.027,11.428,50.0,Healthy
C04595,L095,Type_B,leakage_current,11.76,11.808,12.25,13.202,50.0,Healthy
C04596,L096,Type_B,leakage_current,10.302,17.546,39.065,60.486,50.0,Obvious_Failure
C04597,L097,Type_B,leakage_current,11.946,13.196,29.211,46.071,50.0,Latent_Defect
C04598,L098,Type_B,leakage_current,10.705,11.073,11.988,13.187,50.0,Healthy
C04599,L099,Type_C,leakage_current,9.262,9.533,9.627,9.81,50.0,Healthy
C04600,L100,Type_A,leakage_current,10.136,11.322,30.274,44.611,50.0,Latent_Defect
C04601,L001,Type_A,leakage_current,10.558,10.839,11.656,12.346,50.0,Healthy
C04602,L002,Type_B,leakage_current,11.859,12.327,13.079,13.496,50.0,Healthy
C04603,L003,Type_A,leakage_current,8.936,10.168,23.302,36.626,50.0,Latent_Defect
C04604,L004,Type_A,leakage_current,9.403,9.664,10.354,10.718,50.0,Healthy
C04605,L005,Type_A,leakage_current,9.911,10.161,10.669,11.257,50.0,Healthy
C04606,L006,Type_A,leakage_current,9.362,9.58,10.2,10.852,50.0,Healthy
C04607,L007,Type_A,leakage_current,8.55,8.935,9.923,10.866,50.0,Healthy
C04608,L008,Type_A,leakage_current,9.785,10.151,10.937,11.671,50.0,Healthy
C04609,L009,Type_C,leakage_current,9.318,18.094,43.812,69.871,50.0,Obvious_Failure
C04610,L010,Type_A,leakage_current,9.949,10.179,10.861,11.883,50.0,Healthy
C04611,L011,Type_A,leakage_current,9.425,11.803,26.57,41.255,50.0,Latent_Defect
C04612,L012,Type_B,leakage_current,11.043,11.306,11.922,12.427,50.0,Healthy
C04613,L013,Type_A,leakage_current,10.185,10.126,10.471,11.028,50.0,Healthy
C04614,L014,Type_A,leakage_current,9.88,19.045,45.309,71.653,50.0,Obvious_Failure
C04615,L015,Type_A,leakage_current,10.205,10.457,10.968,11.129,50.0,Healthy
C04616,L016,Type_B,leakage_current,11.169,13.43,31.729,48.257,50.0,Latent_Defect
C04617,L017,Type_A,leakage_current,9.694,9.599,10.035,9.805,50.0,Healthy
C04618,L018,Type_C,leakage_current,8.578,8.669,9.129,9.744,50.0,Healthy
C04619,L019,Type_B,leakage_current,10.874,10.946,11.67,11.934,50.0,Healthy
C04620,L020,Type_B,leakage_current,11.062,11.19,11.745,12.14,50.0,Healthy
C04621,L021,Type_A,leakage_current,10.79,10.787,11.163,11.741,50.0,Healthy
C04622,L022,Type_A,leakage_current,9.309,9.449,10.259,11.034,50.0,Healthy
C04623,L023,Type_A,leakage_current,10.535,10.733,11.378,12.161,50.0,Healthy
C04624,L024,Type_A,leakage_current,9.693,19.193,47.275,75.946,50.0,Obvious_Failure
C04625,L025,Type_C,leakage_current,9.546,9.857,10.779,11.668,50.0,Healthy
C04626,L026,Type_A,leakage_current,10.054,10.267,10.799,11.337,50.0,Healthy
C04627,L027,Type_A,leakage_current,10.486,10.685,11.618,12.012,50.0,Healthy
C04628,L028,Type_A,leakage_current,9.56,9.842,10.435,11.121,50.0,Healthy
C04629,L029,Type_A,leakage_current,9.28,9.547,9.966,10.68,50.0,Healthy
C04630,L030,Type_B,leakage_current,10.393,10.526,11.011,11.416,50.0,Healthy
C04631,L031,Type_B,leakage_current,10.354,10.592,11.311,11.791,50.0,Healthy
C04632,L032,Type_A,leakage_current,10.322,10.376,11.14,11.473,50.0,Healthy
C04633,L033,Type_C,leakage_current,8.338,8.593,9.161,9.689,50.0,Healthy
C04634,L034,Type_A,leakage_current,10.501,10.644,11.01,11.394,50.0,Healthy
C04635,L035,Type_A,leakage_current,10.584,13.815,31.291,48.224,50.0,Rapid_Drift
C04636,L036,Type_C,leakage_current,10.043,10.313,10.878,11.507,50.0,Healthy
C04637,L037,Type_C,leakage_current,9.618,10.021,10.528,11.094,50.0,Healthy
C04638,L038,Type_A,leakage_current,9.63,9.714,10.384,10.724,50.0,Healthy
C04639,L039,Type_A,leakage_current,10.135,10.382,11.015,11.44,50.0,Healthy
C04640,L040,Type_B,leakage_current,10.79,11.003,11.454,11.978,50.0,Healthy
C04641,L041,Type_A,leakage_current,10.46,10.957,12.037,12.868,50.0,Healthy
C04642,L042,Type_B,leakage_current,11.29,11.535,12.579,13.63,50.0,Healthy
C04643,L043,Type_A,leakage_current,10.011,10.133,10.645,10.921,50.0,Healthy
C04644,L044,Type_B,leakage_current,10.871,11.166,11.843,12.623,50.0,Healthy
C04645,L045,Type_C,leakage_current,10.691,11.157,11.725,12.093,50.0,Healthy
C04646,L046,Type_B,leakage_current,9.96,10.19,10.699,11.334,50.0,Healthy
C04647,L047,Type_C,leakage_current,9.844,9.764,10.377,10.989,50.0,Healthy
C04648,L048,Type_A,leakage_current,9.615,9.995,10.41,10.764,50.0,Healthy
C04649,L049,Type_B,leakage_current,10.857,13.129,32.021,41.872,50.0,Latent_Defect
C04650,L050,Type_B,leakage_current,10.487,10.584,11.391,12.548,50.0,Healthy
C04651,L051,Type_A,leakage_current,9.678,15.779,34.425,52.798,50.0,Obvious_Failure
C04652,L052,Type_A,leakage_current,9.676,9.875,10.075,10.139,50.0,Healthy
C04653,L053,Type_A,leakage_current,10.129,10.395,11.202,11.955,50.0,Healthy
C04654,L054,Type_A,leakage_current,10.343,10.575,11.302,12.073,50.0,Healthy
C04655,L055,Type_A,leakage_current,11.303,11.317,11.529,11.573,50.0,Healthy
C04656,L056,Type_A,leakage_current,10.521,10.697,11.308,11.698,50.0,Healthy
C04657,L057,Type_A,leakage_current,10.077,10.272,10.702,11.403,50.0,Healthy
C04658,L058,Type_A,leakage_current,10.984,11.049,11.688,12.329,50.0,Healthy
C04659,L059,Type_A,leakage_current,9.89,10.362,11.168,11.589,50.0,Healthy
C04660,L060,Type_B,leakage_current,11.204,11.374,12.117,12.777,50.0,Healthy
C04661,L061,Type_A,leakage_current,10.198,10.472,11.162,12.295,50.0,Healthy
C04662,L062,Type_B,leakage_current,10.293,10.519,11.326,12.414,50.0,Healthy
C04663,L063,Type_B,leakage_current,11.36,11.627,12.017,12.42,50.0,Healthy
C04664,L064,Type_B,leakage_current,11.14,11.381,11.284,11.709,50.0,Healthy
C04665,L065,Type_A,leakage_current,10.151,10.051,10.189,10.312,50.0,Healthy
C04666,L066,Type_B,leakage_current,10.335,10.773,11.454,12.3,50.0,Healthy
C04667,L067,Type_B,leakage_current,10.807,11.048,11.69,11.828,50.0,Healthy
C04668,L068,Type_C,leakage_current,9.331,9.558,10.037,10.69,50.0,Healthy
C04669,L069,Type_A,leakage_current,9.841,9.899,10.818,11.847,50.0,Healthy
C04670,L070,Type_B,leakage_current,10.898,10.935,11.672,11.99,50.0,Healthy
C04671,L071,Type_B,leakage_current,10.281,10.481,11.091,11.652,50.0,Healthy
C04672,L072,Type_B,leakage_current,11.551,13.256,27.644,40.92,50.0,Latent_Defect
C04673,L073,Type_A,leakage_current,10.299,10.587,11.057,11.617,50.0,Healthy
C04674,L074,Type_B,leakage_current,10.976,11.299,12.141,12.71,50.0,Healthy
C04675,L075,Type_A,leakage_current,9.911,10.173,10.774,11.217,50.0,Healthy
C04676,L076,Type_C,leakage_current,9.819,10.11,10.674,11.648,50.0,Healthy
C04677,L077,Type_A,leakage_current,10.526,10.617,11.291,11.623,50.0,Healthy
C04678,L078,Type_A,leakage_current,10.2,11.452,29.081,46.552,50.0,Latent_Defect
C04679,L079,Type_A,leakage_current,10.434,19.703,47.091,74.304,50.0,Obvious_Failure
C04680,L080,Type_A,leakage_current,10.524,10.628,11.63,12.874,50.0,Healthy
C04681,L081,Type_A,leakage_current,9.973,10.128,10.66,11.571,50.0,Healthy
C04682,L082,Type_A,leakage_current,10.684,11.185,12.04,13.148,50.0,Healthy
C04683,L083,Type_A,leakage_current,9.255,12.525,41.196,69.815,50.0,Rapid_Drift
C04684,L084,Type_A,leakage_current,9.626,11.368,26.304,41.039,50.0,Latent_Defect
C04685,L085,Type_A,leakage_current,9.752,10.149,11.301,12.369,50.0,Healthy
C04686,L086,Type_A,leakage_current,9.66,9.972,10.524,11.134,50.0,Healthy
C04687,L087,Type_A,leakage_current,9.551,9.747,9.966,10.57,50.0,Healthy
C04688,L088,Type_A,leakage_current,10.604,10.739,11.425,12.053,50.0,Healthy
C04689,L089,Type_B,leakage_current,10.135,10.161,10.444,10.839,50.0,Healthy
C04690,L090,Type_A,leakage_current,10.732,10.767,11.084,11.65,50.0,Healthy
C04691,L091,Type_B,leakage_current,9.907,9.939,10.314,10.653,50.0,Healthy
C04692,L092,Type_A,leakage_current,9.917,10.052,10.652,10.961,50.0,Healthy
C04693,L093,Type_A,leakage_current,9.726,12.782,31.945,51.085,50.0,Rapid_Drift
C04694,L094,Type_A,leakage_current,9.302,9.279,9.882,10.374,50.0,Healthy
C04695,L095,Type_A,leakage_current,10.999,17.222,35.477,54.275,50.0,Obvious_Failure
C04696,L096,Type_C,leakage_current,9.602,9.891,10.326,10.71,50.0,Healthy
C04697,L097,Type_A,leakage_current,9.512,9.53,10.34,10.873,50.0,Healthy
C04698,L098,Type_B,leakage_current,10.657,17.735,38.498,59.921,50.0,Obvious_Failure
C04699,L099,Type_B,leakage_current,11.28,11.707,12.52,13.337,50.0,Healthy
C04700,L100,Type_B,leakage_current,10.576,10.713,11.501,12.35,50.0,Healthy
C04701,L001,Type_A,leakage_current,10.714,11.028,11.902,12.814,50.0,Healthy
C04702,L002,Type_A,leakage_current,9.73,9.875,10.588,11.608,50.0,Healthy
C04703,L003,Type_A,leakage_current,9.613,9.825,10.481,10.927,50.0,Healthy
C04704,L004,Type_A,leakage_current,9.979,10.294,10.999,11.978,50.0,Healthy
C04705,L005,Type_A,leakage_current,9.442,9.721,10.304,11.112,50.0,Healthy
C04706,L006,Type_B,leakage_current,12.11,14.367,34.15,43.469,50.0,Latent_Defect
C04707,L007,Type_A,leakage_current,9.935,10.179,11.131,11.829,50.0,Healthy
C04708,L008,Type_C,leakage_current,8.859,9.164,9.77,10.406,50.0,Healthy
C04709,L009,Type_A,leakage_current,10.4,10.48,11.133,11.698,50.0,Healthy
C04710,L010,Type_A,leakage_current,9.751,10.114,10.62,11.478,50.0,Healthy
C04711,L011,Type_A,leakage_current,11.482,11.7,11.844,12.073,50.0,Healthy
C04712,L012,Type_A,leakage_current,9.396,9.321,9.601,9.83,50.0,Healthy
C04713,L013,Type_B,leakage_current,10.221,12.467,31.946,40.67,50.0,Latent_Defect
C04714,L014,Type_A,leakage_current,9.555,9.673,10.367,11.23,50.0,Healthy
C04715,L015,Type_C,leakage_current,9.597,9.748,10.513,11.282,50.0,Healthy
C04716,L016,Type_C,leakage_current,8.818,8.757,9.151,9.269,50.0,Healthy
C04717,L017,Type_B,leakage_current,9.657,9.863,10.585,11.212,50.0,Healthy
C04718,L018,Type_C,leakage_current,10.623,10.755,11.562,12.523,50.0,Healthy
C04719,L019,Type_C,leakage_current,10.007,10.161,10.413,10.807,50.0,Healthy
C04720,L020,Type_A,leakage_current,9.926,10.117,10.199,10.237,50.0,Healthy
C04721,L021,Type_A,leakage_current,9.253,9.293,9.529,9.99,50.0,Healthy
C04722,L022,Type_A,leakage_current,10.55,10.75,10.982,11.402,50.0,Healthy
C04723,L023,Type_A,leakage_current,10.35,10.572,11.111,11.597,50.0,Healthy
C04724,L024,Type_A,leakage_current,9.638,9.784,10.085,11.048,50.0,Healthy
C04725,L025,Type_B,leakage_current,11.331,20.779,48.972,77.737,50.0,Obvious_Failure
C04726,L026,Type_B,leakage_current,11.409,11.604,12.14,12.527,50.0,Healthy
C04727,L027,Type_A,leakage_current,10.604,10.688,11.475,12.392,50.0,Healthy
C04728,L028,Type_A,leakage_current,10.856,15.969,30.406,45.28,50.0,Obvious_Failure
C04729,L029,Type_B,leakage_current,9.625,9.743,10.25,10.82,50.0,Healthy
C04730,L030,Type_A,leakage_current,9.828,10.029,10.362,10.522,50.0,Healthy
C04731,L031,Type_A,leakage_current,10.226,18.286,42.544,66.776,50.0,Obvious_Failure
C04732,L032,Type_A,leakage_current,9.549,9.825,10.484,11.295,50.0,Healthy
C04733,L033,Type_C,leakage_current,8.64,8.601,8.782,9.004,50.0,Healthy
C04734,L034,Type_A,leakage_current,9.041,9.119,9.726,10.718,50.0,Healthy
C04735,L035,Type_A,leakage_current,9.497,9.855,10.356,11.012,50.0,Healthy
C04736,L036,Type_A,leakage_current,11.318,11.29,11.703,12.115,50.0,Healthy
C04737,L037,Type_A,leakage_current,9.67,9.879,10.377,10.702,50.0,Healthy
C04738,L038,Type_A,leakage_current,9.83,9.994,10.653,11.293,50.0,Healthy
C04739,L039,Type_A,leakage_current,9.419,9.616,10.577,11.331,50.0,Healthy
C04740,L040,Type_A,leakage_current,10.032,10.221,11.082,11.714,50.0,Healthy
C04741,L041,Type_A,leakage_current,9.49,9.656,10.479,11.179,50.0,Healthy
C04742,L042,Type_B,leakage_current,11.076,11.037,11.736,12.159,50.0,Healthy
C04743,L043,Type_A,leakage_current,10.048,12.834,29.39,45.991,50.0,Rapid_Drift
C04744,L044,Type_C,leakage_current,9.036,9.291,9.782,10.666,50.0,Healthy
C04745,L045,Type_B,leakage_current,10.883,11.074,11.554,12.303,50.0,Healthy
C04746,L046,Type_A,leakage_current,8.97,9.157,9.8,10.321,50.0,Healthy
C04747,L047,Type_B,leakage_current,11.502,11.661,12.231,12.558,50.0,Healthy
C04748,L048,Type_A,leakage_current,8.687,8.983,9.475,9.962,50.0,Healthy
C04749,L049,Type_B,leakage_current,10.204,10.294,10.898,11.404,50.0,Healthy
C04750,L050,Type_B,leakage_current,10.276,10.475,11.257,11.461,50.0,Healthy
C04751,L051,Type_A,leakage_current,10.698,11.038,11.633,12.217,50.0,Healthy
C04752,L052,Type_A,leakage_current,10.423,10.485,11.164,11.582,50.0,Healthy
C04753,L053,Type_B,leakage_current,10.518,10.704,11.312,11.733,50.0,Healthy
C04754,L054,Type_C,leakage_current,9.946,10.125,10.715,11.017,50.0,Healthy
C04755,L055,Type_A,leakage_current,10.969,10.998,11.401,12.101,50.0,Healthy
C04756,L056,Type_A,leakage_current,9.953,11.71,28.112,40.102,50.0,Latent_Defect
C04757,L057,Type_C,leakage_current,8.954,8.967,9.595,9.718,50.0,Healthy
C04758,L058,Type_A,leakage_current,10.812,10.844,11.394,11.873,50.0,Healthy
C04759,L059,Type_A,leakage_current,9.949,9.98,10.999,11.873,50.0,Healthy
C04760,L060,Type_A,leakage_current,9.852,11.69,30.262,43.718,50.0,Latent_Defect
C04761,L061,Type_C,leakage_current,9.563,10.859,30.197,45.24,50.0,Latent_Defect
C04762,L062,Type_B,leakage_current,10.794,11.103,11.742,12.089,50.0,Healthy
C04763,L063,Type_A,leakage_current,10.057,10.118,10.682,11.702,50.0,Healthy
C04764,L064,Type_B,leakage_current,11.201,11.493,12.039,12.558,50.0,Healthy
C04765,L065,Type_C,leakage_current,9.915,10.041,10.351,10.704,50.0,Healthy
C04766,L066,Type_A,leakage_current,9.818,9.95,9.974,9.951,50.0,Healthy
C04767,L067,Type_C,leakage_current,8.946,10.173,28.632,43.216,50.0,Latent_Defect
C04768,L068,Type_A,leakage_current,9.586,11.214,31.222,39.631,50.0,Latent_Defect
C04769,L069,Type_B,leakage_current,10.196,10.246,10.591,10.917,50.0,Healthy
C04770,L070,Type_A,leakage_current,10.057,10.417,11.271,12.063,50.0,Healthy
C04771,L071,Type_A,leakage_current,10.965,11.199,11.546,12.053,50.0,Healthy
C04772,L072,Type_A,leakage_current,10.858,10.854,11.141,11.611,50.0,Healthy
C04773,L073,Type_A,leakage_current,9.35,12.543,32.704,52.666,50.0,Rapid_Drift
C04774,L074,Type_A,leakage_current,8.861,9.242,9.802,10.717,50.0,Healthy
C04775,L075,Type_A,leakage_current,8.849,8.951,9.398,9.864,50.0,Healthy
C04776,L076,Type_B,leakage_current,11.624,11.835,12.407,13.037,50.0,Healthy
C04777,L077,Type_B,leakage_current,11.142,11.199,12.003,13.108,50.0,Healthy
C04778,L078,Type_A,leakage_current,9.1,14.291,29.898,45.473,50.0,Obvious_Failure
C04779,L079,Type_A,leakage_current,10.519,10.458,10.972,11.601,50.0,Healthy
C04780,L080,Type_A,leakage_current,10.5,10.605,11.016,11.271,50.0,Healthy
C04781,L081,Type_A,leakage_current,9.755,11.819,25.144,39.231,50.0,Latent_Defect
C04782,L082,Type_C,leakage_current,9.088,9.13,9.722,10.125,50.0,Healthy
C04783,L083,Type_A,leakage_current,10.457,10.591,11.449,11.824,50.0,Healthy
C04784,L084,Type_A,leakage_current,10.474,10.706,11.618,12.79,50.0,Healthy
C04785,L085,Type_A,leakage_current,10.949,11.11,11.795,12.597,50.0,Healthy
C04786,L086,Type_A,leakage_current,9.992,10.223,11.274,12.298,50.0,Healthy
C04787,L087,Type_A,leakage_current,10.224,10.42,10.977,11.502,50.0,Healthy
C04788,L088,Type_A,leakage_current,9.976,15.641,32.855,49.837,50.0,Obvious_Failure
C04789,L089,Type_B,leakage_current,9.938,10.173,10.637,10.903,50.0,Healthy
C04790,L090,Type_A,leakage_current,10.203,19.054,46.047,72.964,50.0,Obvious_Failure
C04791,L091,Type_B,leakage_current,10.199,10.367,10.987,11.455,50.0,Healthy
C04792,L092,Type_A,leakage_current,9.3,9.519,10.344,11.139,50.0,Healthy
C04793,L093,Type_A,leakage_current,9.793,10.108,11.055,11.774,50.0,Healthy
C04794,L094,Type_A,leakage_current,9.33,9.387,9.945,11.059,50.0,Healthy
C04795,L095,Type_A,leakage_current,10.072,10.293,10.71,11.023,50.0,Healthy
C04796,L096,Type_A,leakage_current,10.118,10.652,11.404,12.435,50.0,Healthy
C04797,L097,Type_B,leakage_current,11.04,14.686,36.494,58.455,50.0,Rapid_Drift
C04798,L098,Type_B,leakage_current,11.492,13.946,31.327,41.013,50.0,Latent_Defect
C04799,L099,Type_A,leakage_current,8.879,9.253,10.052,10.824,50.0,Healthy
C04800,L100,Type_C,leakage_current,8.717,8.887,9.125,9.469,50.0,Healthy
C04801,L001,Type_B,leakage_current,11.214,11.301,12.26,12.941,50.0,Healthy
C04802,L002,Type_B,leakage_current,9.656,9.891,10.811,11.87,50.0,Healthy
C04803,L003,Type_A,leakage_current,10.162,11.907,31.049,47.389,50.0,Latent_Defect
C04804,L004,Type_B,leakage_current,12.139,12.279,12.894,12.854,50.0,Healthy
C04805,L005,Type_B,leakage_current,10.786,10.957,11.288,11.752,50.0,Healthy
C04806,L006,Type_A,leakage_current,9.382,11.122,24.175,37.263,50.0,Latent_Defect
C04807,L007,Type_A,leakage_current,9.686,9.812,10.612,11.084,50.0,Healthy
C04808,L008,Type_A,leakage_current,9.149,9.283,9.786,10.248,50.0,Healthy
C04809,L009,Type_A,leakage_current,9.186,9.305,9.63,10.096,50.0,Healthy
C04810,L010,Type_B,leakage_current,9.77,9.919,10.074,10.605,50.0,Healthy
C04811,L011,Type_A,leakage_current,10.14,10.322,10.778,11.372,50.0,Healthy
C04812,L012,Type_C,leakage_current,9.14,9.196,9.62,10.106,50.0,Healthy
C04813,L013,Type_A,leakage_current,10.161,12.219,29.27,40.81,50.0,Latent_Defect
C04814,L014,Type_A,leakage_current,10.353,10.441,11.02,11.626,50.0,Healthy
C04815,L015,Type_C,leakage_current,9.872,11.118,24.506,38.054,50.0,Latent_Defect
C04816,L016,Type_B,leakage_current,9.706,10.003,10.723,10.998,50.0,Healthy
C04817,L017,Type_A,leakage_current,10.642,10.977,11.432,11.977,50.0,Healthy
C04818,L018,Type_A,leakage_current,9.546,12.806,31.699,50.548,50.0,Rapid_Drift
C04819,L019,Type_A,leakage_current,10.877,11.255,11.76,12.268,50.0,Healthy
C04820,L020,Type_B,leakage_current,10.466,10.41,10.711,10.966,50.0,Healthy
C04821,L021,Type_A,leakage_current,11.598,11.787,12.158,12.669,50.0,Healthy
C04822,L022,Type_B,leakage_current,11.793,12.998,33.288,39.785,50.0,Latent_Defect
C04823,L023,Type_A,leakage_current,10.123,10.449,11.482,12.576,50.0,Healthy
C04824,L024,Type_A,leakage_current,9.692,9.93,10.31,10.739,50.0,Healthy
C04825,L025,Type_C,leakage_current,10.049,10.038,10.826,11.708,50.0,Healthy
C04826,L026,Type_A,leakage_current,8.472,10.02,26.037,42.067,50.0,Latent_Defect
C04827,L027,Type_C,leakage_current,9.247,11.855,27.624,43.774,50.0,Latent_Defect
C04828,L028,Type_A,leakage_current,10.046,12.26,26.787,41.277,50.0,Latent_Defect
C04829,L029,Type_B,leakage_current,10.42,10.516,11.335,11.89,50.0,Healthy
C04830,L030,Type_A,leakage_current,10.356,10.42,10.783,11.27,50.0,Healthy
C04831,L031,Type_B,leakage_current,11.668,11.897,12.417,12.705,50.0,Healthy
C04832,L032,Type_B,leakage_current,10.639,10.769,11.162,11.913,50.0,Healthy
C04833,L033,Type_C,leakage_current,9.732,10.213,10.923,11.869,50.0,Healthy
C04834,L034,Type_A,leakage_current,9.582,9.43,9.697,9.886,50.0,Healthy
C04835,L035,Type_A,leakage_current,10.85,10.75,11.007,11.079,50.0,Healthy
C04836,L036,Type_A,leakage_current,10.714,10.707,11.449,11.64,50.0,Healthy
C04837,L037,Type_B,leakage_current,12.455,12.533,13.111,13.391,50.0,Healthy
C04838,L038,Type_B,leakage_current,9.916,10.53,11.421,12.097,50.0,Healthy
C04839,L039,Type_A,leakage_current,11.042,11.439,11.988,12.308,50.0,Healthy
C04840,L040,Type_B,leakage_current,10.68,10.985,11.724,12.337,50.0,Healthy
C04841,L041,Type_B,leakage_current,10.827,10.976,11.512,12.299,50.0,Healthy
C04842,L042,Type_A,leakage_current,10.117,10.252,10.518,11.17,50.0,Healthy
C04843,L043,Type_B,leakage_current,10.174,10.302,11.127,11.593,50.0,Healthy
C04844,L044,Type_B,leakage_current,10.209,10.54,11.25,11.808,50.0,Healthy
C04845,L045,Type_A,leakage_current,9.838,13.664,41.598,69.826,50.0,Rapid_Drift
C04846,L046,Type_A,leakage_current,10.456,10.862,11.58,12.077,50.0,Healthy
C04847,L047,Type_A,leakage_current,10.264,10.529,11.111,11.391,50.0,Healthy
C04848,L048,Type_A,leakage_current,8.025,7.989,8.052,8.42,50.0,Healthy
C04849,L049,Type_B,leakage_current,10.659,10.729,11.468,11.876,50.0,Healthy
C04850,L050,Type_B,leakage_current,10.795,10.902,11.391,12.04,50.0,Healthy
C04851,L051,Type_B,leakage_current,10.624,10.923,11.7,12.054,50.0,Healthy
C04852,L052,Type_B,leakage_current,10.829,11.014,11.571,12.574,50.0,Healthy
C04853,L053,Type_A,leakage_current,9.331,9.445,10.053,10.72,50.0,Healthy
C04854,L054,Type_A,leakage_current,9.891,10.162,10.768,11.251,50.0,Healthy
C04855,L055,Type_A,leakage_current,9.929,10.026,10.428,10.897,50.0,Healthy
C04856,L056,Type_C,leakage_current,10.112,10.203,10.517,10.665,50.0,Healthy
C04857,L057,Type_A,leakage_current,10.361,10.308,10.791,11.368,50.0,Healthy
C04858,L058,Type_B,leakage_current,10.837,13.373,42.222,70.669,50.0,Rapid_Drift
C04859,L059,Type_A,leakage_current,9.403,9.469,9.968,10.459,50.0,Healthy
C04860,L060,Type_B,leakage_current,10.608,10.859,11.448,11.869,50.0,Healthy
C04861,L061,Type_B,leakage_current,10.654,10.821,11.103,11.475,50.0,Healthy
C04862,L062,Type_A,leakage_current,10.691,10.876,11.768,12.368,50.0,Healthy
C04863,L063,Type_B,leakage_current,11.87,18.241,37.453,56.75,50.0,Obvious_Failure
C04864,L064,Type_C,leakage_current,9.866,9.889,10.554,10.909,50.0,Healthy
C04865,L065,Type_C,leakage_current,9.526,9.877,10.384,11.148,50.0,Healthy
C04866,L066,Type_A,leakage_current,8.89,9.18,9.829,10.417,50.0,Healthy
C04867,L067,Type_A,leakage_current,10.285,12.106,30.868,38.586,50.0,Latent_Defect
C04868,L068,Type_A,leakage_current,8.265,8.438,9.445,10.24,50.0,Healthy
C04869,L069,Type_A,leakage_current,9.482,9.615,10.113,10.463,50.0,Healthy
C04870,L070,Type_C,leakage_current,9.668,10.016,10.961,12.093,50.0,Healthy
C04871,L071,Type_C,leakage_current,11.436,11.687,12.3,13.079,50.0,Healthy
C04872,L072,Type_A,leakage_current,10.286,10.323,10.603,11.248,50.0,Healthy
C04873,L073,Type_A,leakage_current,10.691,10.672,11.506,12.285,50.0,Healthy
C04874,L074,Type_A,leakage_current,9.744,11.925,31.127,45.47,50.0,Latent_Defect
C04875,L075,Type_B,leakage_current,10.956,11.229,11.994,12.654,50.0,Healthy
C04876,L076,Type_A,leakage_current,9.155,9.218,9.866,10.209,50.0,Healthy
C04877,L077,Type_A,leakage_current,9.46,11.861,32.449,52.514,50.0,Rapid_Drift
C04878,L078,Type_A,leakage_current,10.115,10.313,11.15,11.415,50.0,Healthy
C04879,L079,Type_A,leakage_current,9.134,9.399,9.986,10.596,50.0,Healthy
C04880,L080,Type_A,leakage_current,9.484,9.641,10.25,11.075,50.0,Healthy
C04881,L081,Type_C,leakage_current,9.637,9.814,10.22,10.647,50.0,Healthy
C04882,L082,Type_B,leakage_current,11.821,11.95,12.379,12.961,50.0,Healthy
C04883,L083,Type_B,leakage_current,10.691,10.628,11.429,12.029,50.0,Healthy
C04884,L084,Type_A,leakage_current,10.578,10.909,11.257,11.507,50.0,Healthy
C04885,L085,Type_A,leakage_current,10.242,10.382,10.726,11.652,50.0,Healthy
C04886,L086,Type_C,leakage_current,8.836,9.02,9.41,9.987,50.0,Healthy
C04887,L087,Type_B,leakage_current,11.269,14.158,38.461,62.8,50.0,Rapid_Drift
C04888,L088,Type_C,leakage_current,10.048,10.093,10.789,11.226,50.0,Healthy
C04889,L089,Type_A,leakage_current,9.674,9.688,10.111,10.411,50.0,Healthy
C04890,L090,Type_A,leakage_current,10.036,12.322,40.322,68.343,50.0,Rapid_Drift
C04891,L091,Type_A,leakage_current,10.261,10.427,11.139,11.8,50.0,Healthy
C04892,L092,Type_A,leakage_current,9.992,10.426,10.886,11.35,50.0,Healthy
C04893,L093,Type_B,leakage_current,10.629,10.655,11.409,12.097,50.0,Healthy
C04894,L094,Type_B,leakage_current,11.691,11.787,12.74,13.365,50.0,Healthy
C04895,L095,Type_B,leakage_current,10.418,10.514,10.754,11.187,50.0,Healthy
C04896,L096,Type_A,leakage_current,10.781,10.904,11.666,12.309,50.0,Healthy
C04897,L097,Type_B,leakage_current,10.645,10.823,10.988,11.153,50.0,Healthy
C04898,L098,Type_A,leakage_current,9.97,9.943,10.98,12.01,50.0,Healthy
C04899,L099,Type_B,leakage_current,10.946,10.975,11.265,11.699,50.0,Healthy
C04900,L100,Type_A,leakage_current,9.922,10.091,10.612,10.973,50.0,Healthy
C04901,L001,Type_A,leakage_current,10.65,10.908,11.563,12.48,50.0,Healthy
C04902,L002,Type_B,leakage_current,9.863,10.244,10.522,10.714,50.0,Healthy
C04903,L003,Type_A,leakage_current,9.881,10.29,10.995,11.526,50.0,Healthy
C04904,L004,Type_C,leakage_current,8.55,11.917,39.779,67.456,50.0,Rapid_Drift
C04905,L005,Type_B,leakage_current,11.166,11.278,11.655,12.293,50.0,Healthy
C04906,L006,Type_B,leakage_current,10.52,10.746,11.209,11.543,50.0,Healthy
C04907,L007,Type_A,leakage_current,9.863,9.973,10.201,10.603,50.0,Healthy
C04908,L008,Type_A,leakage_current,10.07,10.331,10.5,11.044,50.0,Healthy
C04909,L009,Type_B,leakage_current,11.44,11.741,12.502,13.123,50.0,Healthy
C04910,L010,Type_A,leakage_current,10.223,13.392,39.539,65.585,50.0,Rapid_Drift
C04911,L011,Type_A,leakage_current,9.509,9.714,10.735,11.773,50.0,Healthy
C04912,L012,Type_A,leakage_current,10.181,10.504,11.138,11.728,50.0,Healthy
C04913,L013,Type_A,leakage_current,10.448,10.735,11.789,12.709,50.0,Healthy
C04914,L014,Type_A,leakage_current,10.824,10.971,11.367,11.53,50.0,Healthy
C04915,L015,Type_C,leakage_current,9.231,9.418,10.118,10.419,50.0,Healthy
C04916,L016,Type_A,leakage_current,10.462,10.738,11.32,11.981,50.0,Healthy
C04917,L017,Type_B,leakage_current,11.529,11.643,12.515,13.256,50.0,Healthy
C04918,L018,Type_B,leakage_current,11.522,13.868,31.145,44.21,50.0,Latent_Defect
C04919,L019,Type_B,leakage_current,9.638,9.891,10.572,11.258,50.0,Healthy
C04920,L020,Type_B,leakage_current,10.324,15.293,29.541,44.101,50.0,Obvious_Failure
C04921,L021,Type_A,leakage_current,10.485,10.733,11.227,12.012,50.0,Healthy
C04922,L022,Type_C,leakage_current,8.436,10.524,24.777,39.074,50.0,Latent_Defect
C04923,L023,Type_C,leakage_current,9.028,9.16,9.849,10.743,50.0,Healthy
C04924,L024,Type_A,leakage_current,10.091,10.539,11.284,11.653,50.0,Healthy
C04925,L025,Type_B,leakage_current,10.849,12.866,29.022,45.226,50.0,Latent_Defect
C04926,L026,Type_C,leakage_current,9.185,9.311,9.535,9.635,50.0,Healthy
C04927,L027,Type_A,leakage_current,8.684,8.889,9.68,10.107,50.0,Healthy
C04928,L028,Type_A,leakage_current,9.166,9.105,9.966,10.66,50.0,Healthy
C04929,L029,Type_A,leakage_current,10.631,10.903,11.789,12.921,50.0,Healthy
C04930,L030,Type_A,leakage_current,8.996,9.145,9.369,9.808,50.0,Healthy
C04931,L031,Type_C,leakage_current,9.755,10.049,10.583,11.195,50.0,Healthy
C04932,L032,Type_B,leakage_current,10.807,10.884,11.449,12.163,50.0,Healthy
C04933,L033,Type_B,leakage_current,11.562,11.89,12.484,12.907,50.0,Healthy
C04934,L034,Type_A,leakage_current,10.265,10.465,10.559,11.205,50.0,Healthy
C04935,L035,Type_A,leakage_current,10.702,10.917,11.435,12.36,50.0,Healthy
C04936,L036,Type_B,leakage_current,11.049,11.186,12.101,12.785,50.0,Healthy
C04937,L037,Type_B,leakage_current,11.991,12.115,12.482,12.72,50.0,Healthy
C04938,L038,Type_A,leakage_current,10.195,11.63,23.691,35.548,50.0,Latent_Defect
C04939,L039,Type_A,leakage_current,9.582,9.703,9.932,10.617,50.0,Healthy
C04940,L040,Type_A,leakage_current,9.494,9.561,10.583,12.032,50.0,Healthy
C04941,L041,Type_A,leakage_current,9.709,9.973,10.879,11.559,50.0,Healthy
C04942,L042,Type_A,leakage_current,9.352,9.354,9.618,9.86,50.0,Healthy
C04943,L043,Type_C,leakage_current,8.628,8.72,9.193,9.604,50.0,Healthy
C04944,L044,Type_A,leakage_current,9.272,9.691,10.207,10.772,50.0,Healthy
C04945,L045,Type_A,leakage_current,9.354,9.458,9.747,9.792,50.0,Healthy
C04946,L046,Type_C,leakage_current,8.416,8.483,8.975,9.544,50.0,Healthy
C04947,L047,Type_B,leakage_current,11.3,13.491,28.491,40.484,50.0,Latent_Defect
C04948,L048,Type_B,leakage_current,9.971,10.167,10.612,11.017,50.0,Healthy
C04949,L049,Type_A,leakage_current,9.671,10.153,11.158,11.886,50.0,Healthy
C04950,L050,Type_A,leakage_current,10.45,10.828,11.267,11.983,50.0,Healthy
C04951,L051,Type_B,leakage_current,11.477,11.491,11.965,12.878,50.0,Healthy
C04952,L052,Type_A,leakage_current,11.365,11.458,11.983,12.814,50.0,Healthy
C04953,L053,Type_C,leakage_current,10.033,11.874,25.713,39.511,50.0,Latent_Defect
C04954,L054,Type_C,leakage_current,9.144,9.298,9.606,10.054,50.0,Healthy
C04955,L055,Type_B,leakage_current,11.577,11.823,12.551,13.659,50.0,Healthy
C04956,L056,Type_A,leakage_current,9.752,11.158,27.66,40.758,50.0,Latent_Defect
C04957,L057,Type_A,leakage_current,10.668,10.937,12.066,12.783,50.0,Healthy
C04958,L058,Type_A,leakage_current,10.167,10.431,10.558,11.191,50.0,Healthy
C04959,L059,Type_A,leakage_current,9.746,9.896,10.473,10.675,50.0,Healthy
C04960,L060,Type_B,leakage_current,11.172,11.422,11.986,12.389,50.0,Healthy
C04961,L061,Type_B,leakage_current,10.936,11.28,11.847,12.385,50.0,Healthy
C04962,L062,Type_A,leakage_current,9.862,9.94,10.6,11.31,50.0,Healthy
C04963,L063,Type_A,leakage_current,9.611,9.943,10.832,11.805,50.0,Healthy
C04964,L064,Type_A,leakage_current,10.372,18.72,44.475,69.656,50.0,Obvious_Failure
C04965,L065,Type_B,leakage_current,10.735,11.151,11.841,12.47,50.0,Healthy
C04966,L066,Type_B,leakage_current,11.35,11.282,11.534,11.653,50.0,Healthy
C04967,L067,Type_A,leakage_current,9.81,10.037,10.486,10.923,50.0,Healthy
C04968,L068,Type_C,leakage_current,9.911,9.818,9.946,10.07,50.0,Healthy
C04969,L069,Type_B,leakage_current,11.474,11.585,11.877,12.246,50.0,Healthy
C04970,L070,Type_A,leakage_current,9.74,9.895,10.278,10.605,50.0,Healthy
C04971,L071,Type_A,leakage_current,10.384,10.833,11.499,12.647,50.0,Healthy
C04972,L072,Type_A,leakage_current,10.246,10.436,10.627,11.086,50.0,Healthy
C04973,L073,Type_C,leakage_current,9.214,9.421,9.91,10.768,50.0,Healthy
C04974,L074,Type_B,leakage_current,10.005,10.069,10.488,11.212,50.0,Healthy
C04975,L075,Type_C,leakage_current,10.416,10.687,11.635,12.466,50.0,Healthy
C04976,L076,Type_C,leakage_current,9.275,9.351,9.895,10.116,50.0,Healthy
C04977,L077,Type_A,leakage_current,8.91,9.119,9.779,10.318,50.0,Healthy
C04978,L078,Type_B,leakage_current,10.648,10.911,11.701,12.356,50.0,Healthy
C04979,L079,Type_B,leakage_current,11.068,11.014,11.378,12.131,50.0,Healthy
C04980,L080,Type_A,leakage_current,10.567,10.784,11.704,12.574,50.0,Healthy
C04981,L081,Type_A,leakage_current,10.189,10.192,10.902,11.372,50.0,Healthy
C04982,L082,Type_A,leakage_current,9.39,9.338,9.657,10.095,50.0,Healthy
C04983,L083,Type_C,leakage_current,8.353,10.014,27.233,42.752,50.0,Latent_Defect
C04984,L084,Type_C,leakage_current,9.009,9.2,9.499,9.88,50.0,Healthy
C04985,L085,Type_A,leakage_current,11.062,11.333,11.765,11.984,50.0,Healthy
C04986,L086,Type_A,leakage_current,10.651,10.894,11.246,11.671,50.0,Healthy
C04987,L087,Type_B,leakage_current,10.457,10.519,11.234,12.067,50.0,Healthy
C04988,L088,Type_A,leakage_current,10.476,10.46,10.754,11.284,50.0,Healthy
C04989,L089,Type_A,leakage_current,10.426,10.582,11.473,12.368,50.0,Healthy
C04990,L090,Type_B,leakage_current,10.232,10.434,10.461,10.613,50.0,Healthy
C04991,L091,Type_B,leakage_current,10.707,10.913,11.582,12.392,50.0,Healthy
C04992,L092,Type_B,leakage_current,10.491,10.564,10.962,11.436,50.0,Healthy
C04993,L093,Type_C,leakage_current,10.316,17.89,40.8,63.343,50.0,Obvious_Failure
C04994,L094,Type_B,leakage_current,10.351,10.574,11.211,11.719,50.0,Healthy
C04995,L095,Type_C,leakage_current,9.781,11.478,24.366,38.193,50.0,Latent_Defect
C04996,L096,Type_A,leakage_current,10.202,10.194,10.736,11.184,50.0,Healthy
C04997,L097,Type_A,leakage_current,9.866,10.01,10.56,11.081,50.0,Healthy
C04998,L098,Type_C,leakage_current,9.818,10.188,11.044,11.776,50.0,Healthy
C04999,L099,Type_B,leakage_current,11.366,11.675,12.119,12.368,50.0,Healthy
C05000,L100,Type_B,leakage_current,11.191,11.463,11.917,12.334,50.0,Healthy
C05001,L001,Type_A,leakage_current,9.352,9.437,10.316,10.925,50.0,Healthy
C05002,L002,Type_B,leakage_current,11.249,11.444,11.926,12.728,50.0,Healthy
C05003,L003,Type_A,leakage_current,10.157,12.596,37.187,61.583,50.0,Rapid_Drift
C05004,L004,Type_B,leakage_current,10.589,10.718,11.019,11.677,50.0,Healthy
C05005,L005,Type_B,leakage_current,10.882,10.998,11.942,12.603,50.0,Healthy
C05006,L006,Type_A,leakage_current,9.844,9.944,10.772,11.513,50.0,Healthy
C05007,L007,Type_C,leakage_current,9.149,9.062,9.657,10.203,50.0,Healthy
C05008,L008,Type_A,leakage_current,10.437,10.916,11.56,12.262,50.0,Healthy
C05009,L009,Type_B,leakage_current,10.845,10.985,11.925,12.371,50.0,Healthy
C05010,L010,Type_A,leakage_current,9.142,9.494,10.162,10.962,50.0,Healthy
C05011,L011,Type_A,leakage_current,10.41,10.58,11.084,11.574,50.0,Healthy
C05012,L012,Type_A,leakage_current,9.493,9.566,10.204,10.759,50.0,Healthy
C05013,L013,Type_B,leakage_current,11.578,11.734,11.883,11.962,50.0,Healthy
C05014,L014,Type_B,leakage_current,10.118,18.372,43.589,68.743,50.0,Obvious_Failure
C05015,L015,Type_A,leakage_current,9.526,9.615,10.272,11.185,50.0,Healthy
C05016,L016,Type_B,leakage_current,10.041,10.384,11.2,12.049,50.0,Healthy
C05017,L017,Type_A,leakage_current,10.773,10.889,11.511,11.775,50.0,Healthy
C05018,L018,Type_A,leakage_current,7.694,7.927,8.35,8.839,50.0,Healthy
C05019,L019,Type_A,leakage_current,9.359,9.609,10.616,11.627,50.0,Healthy
C05020,L020,Type_A,leakage_current,10.363,10.757,11.591,12.531,50.0,Healthy
C05021,L021,Type_B,leakage_current,11.051,11.072,11.325,12.01,50.0,Healthy
C05022,L022,Type_A,leakage_current,9.12,9.195,9.45,9.68,50.0,Healthy
C05023,L023,Type_A,leakage_current,10.625,10.808,11.693,12.446,50.0,Healthy
C05024,L024,Type_A,leakage_current,10.717,11.011,11.21,11.344,50.0,Healthy
C05025,L025,Type_A,leakage_current,11.779,11.939,12.66,13.394,50.0,Healthy
C05026,L026,Type_A,leakage_current,9.677,9.746,10.127,10.449,50.0,Healthy
C05027,L027,Type_B,leakage_current,11.008,11.326,12.064,12.648,50.0,Healthy
C05028,L028,Type_C,leakage_current,8.998,9.532,10.123,11.046,50.0,Healthy
C05029,L029,Type_A,leakage_current,9.578,9.835,10.666,11.576,50.0,Healthy
C05030,L030,Type_A,leakage_current,11.104,11.298,12.065,12.713,50.0,Healthy
C05031,L031,Type_A,leakage_current,9.938,10.288,10.828,11.516,50.0,Healthy
C05032,L032,Type_A,leakage_current,9.841,10.076,10.495,10.872,50.0,Healthy
C05033,L033,Type_A,leakage_current,8.915,9.372,9.965,10.393,50.0,Healthy
C05034,L034,Type_B,leakage_current,10.692,10.903,11.708,12.239,50.0,Healthy
C05035,L035,Type_A,leakage_current,10.477,10.785,11.233,11.879,50.0,Healthy
C05036,L036,Type_A,leakage_current,10.107,10.213,11.244,12.037,50.0,Healthy
C05037,L037,Type_A,leakage_current,9.572,9.786,10.625,10.881,50.0,Healthy
C05038,L038,Type_A,leakage_current,10.75,11.162,11.946,12.801,50.0,Healthy
C05039,L039,Type_A,leakage_current,9.387,10.779,28.68,42.794,50.0,Latent_Defect
C05040,L040,Type_A,leakage_current,10.061,11.644,27.811,39.926,50.0,Latent_Defect
C05041,L041,Type_C,leakage_current,9.457,9.656,10.333,11.284,50.0,Healthy
C05042,L042,Type_A,leakage_current,10.046,10.369,10.809,11.203,50.0,Healthy
C05043,L043,Type_C,leakage_current,9.242,14.883,32.463,49.999,50.0,Obvious_Failure
C05044,L044,Type_A,leakage_current,9.924,9.861,10.461,11.259,50.0,Healthy
C05045,L045,Type_B,leakage_current,8.841,9.18,9.81,10.517,50.0,Healthy
C05046,L046,Type_A,leakage_current,9.197,9.522,10.377,11.762,50.0,Healthy
C05047,L047,Type_A,leakage_current,9.795,10.277,10.575,10.942,50.0,Healthy
C05048,L048,Type_B,leakage_current,10.469,10.572,10.63,10.946,50.0,Healthy
C05049,L049,Type_A,leakage_current,9.952,11.914,29.248,42.938,50.0,Latent_Defect
C05050,L050,Type_A,leakage_current,10.631,10.657,10.764,10.823,50.0,Healthy
C05051,L051,Type_B,leakage_current,10.286,10.506,11.296,11.819,50.0,Healthy
C05052,L052,Type_A,leakage_current,9.438,11.063,29.281,44.428,50.0,Latent_Defect
C05053,L053,Type_A,leakage_current,9.654,12.526,39.368,66.091,50.0,Rapid_Drift
C05054,L054,Type_C,leakage_current,10.338,10.739,11.666,12.706,50.0,Healthy
C05055,L055,Type_A,leakage_current,10.589,17.176,37.867,58.952,50.0,Obvious_Failure
C05056,L056,Type_B,leakage_current,9.868,9.882,10.461,10.671,50.0,Healthy
C05057,L057,Type_A,leakage_current,9.253,9.252,9.672,10.241,50.0,Healthy
C05058,L058,Type_B,leakage_current,10.229,10.621,11.073,11.525,50.0,Healthy
C05059,L059,Type_B,leakage_current,11.288,17.722,37.081,55.976,50.0,Obvious_Failure
C05060,L060,Type_A,leakage_current,11.264,11.414,11.901,12.736,50.0,Healthy
C05061,L061,Type_C,leakage_current,10.468,13.111,32.723,52.811,50.0,Rapid_Drift
C05062,L062,Type_A,leakage_current,9.365,9.539,9.835,10.347,50.0,Healthy
C05063,L063,Type_A,leakage_current,9.804,9.935,11.091,11.994,50.0,Healthy
C05064,L064,Type_B,leakage_current,10.425,10.787,11.406,11.772,50.0,Healthy
C05065,L065,Type_A,leakage_current,9.829,11.139,24.693,38.483,50.0,Latent_Defect
C05066,L066,Type_C,leakage_current,9.883,10.049,10.605,11.033,50.0,Healthy
C05067,L067,Type_B,leakage_current,9.954,10.119,10.695,10.913,50.0,Healthy
C05068,L068,Type_C,leakage_current,9.345,9.671,10.299,11.041,50.0,Healthy
C05069,L069,Type_A,leakage_current,10.676,10.935,11.412,11.581,50.0,Healthy
C05070,L070,Type_A,leakage_current,10.234,10.081,10.433,10.8,50.0,Healthy
C05071,L071,Type_A,leakage_current,10.131,10.186,10.614,10.953,50.0,Healthy
C05072,L072,Type_B,leakage_current,10.021,10.156,10.91,11.554,50.0,Healthy
C05073,L073,Type_A,leakage_current,10.51,11.024,11.712,12.37,50.0,Healthy
C05074,L074,Type_A,leakage_current,9.807,9.903,10.638,11.256,50.0,Healthy
C05075,L075,Type_B,leakage_current,10.216,10.538,11.186,11.881,50.0,Healthy
C05076,L076,Type_A,leakage_current,9.626,11.124,31.698,38.511,50.0,Latent_Defect
C05077,L077,Type_C,leakage_current,9.799,9.978,10.852,11.653,50.0,Healthy
C05078,L078,Type_A,leakage_current,10.134,10.075,10.509,11.069,50.0,Healthy
C05079,L079,Type_B,leakage_current,10.101,10.478,11.094,11.317,50.0,Healthy
C05080,L080,Type_A,leakage_current,10.536,10.609,10.454,10.606,50.0,Healthy
C05081,L081,Type_B,leakage_current,10.215,10.579,11.25,11.765,50.0,Healthy
C05082,L082,Type_C,leakage_current,10.11,12.094,27.82,38.625,50.0,Latent_Defect
C05083,L083,Type_C,leakage_current,9.643,9.714,9.753,10.201,50.0,Healthy
C05084,L084,Type_B,leakage_current,10.798,10.893,11.482,12.106,50.0,Healthy
C05085,L085,Type_B,leakage_current,10.654,19.096,44.981,70.957,50.0,Obvious_Failure
C05086,L086,Type_B,leakage_current,10.38,12.277,26.935,42.119,50.0,Latent_Defect
C05087,L087,Type_B,leakage_current,10.053,10.127,10.714,11.108,50.0,Healthy
C05088,L088,Type_A,leakage_current,10.448,10.613,10.856,10.77,50.0,Healthy
C05089,L089,Type_A,leakage_current,9.139,9.075,9.37,9.487,50.0,Healthy
C05090,L090,Type_A,leakage_current,9.982,10.273,10.999,11.785,50.0,Healthy
C05091,L091,Type_A,leakage_current,10.383,10.639,11.095,11.713,50.0,Healthy
C05092,L092,Type_C,leakage_current,10.987,11.149,12.166,12.683,50.0,Healthy
C05093,L093,Type_B,leakage_current,11.14,11.398,12.166,12.731,50.0,Healthy
C05094,L094,Type_A,leakage_current,9.748,9.706,10.088,10.685,50.0,Healthy
C05095,L095,Type_A,leakage_current,9.74,10.114,10.718,11.167,50.0,Healthy
C05096,L096,Type_A,leakage_current,10.74,11.195,11.998,12.461,50.0,Healthy
C05097,L097,Type_B,leakage_current,11.792,11.752,12.397,12.724,50.0,Healthy
C05098,L098,Type_C,leakage_current,8.947,8.965,9.577,10.325,50.0,Healthy
C05099,L099,Type_A,leakage_current,10.168,10.328,11.046,12.036,50.0,Healthy
C05100,L100,Type_A,leakage_current,10.887,11.144,11.52,11.786,50.0,Healthy
C05101,L001,Type_B,leakage_current,11.827,19.539,42.983,65.965,50.0,Obvious_Failure
C05102,L002,Type_A,leakage_current,9.149,9.179,9.459,10.062,50.0,Healthy
C05103,L003,Type_B,leakage_current,10.621,10.939,11.899,13.107,50.0,Healthy
C05104,L004,Type_A,leakage_current,10.651,10.659,11.052,11.331,50.0,Healthy
C05105,L005,Type_C,leakage_current,9.412,12.085,32.139,43.878,50.0,Latent_Defect
C05106,L006,Type_A,leakage_current,10.494,10.913,11.852,12.561,50.0,Healthy
C05107,L007,Type_C,leakage_current,10.118,10.507,11.37,12.5,50.0,Healthy
C05108,L008,Type_A,leakage_current,9.139,9.238,10.125,11.25,50.0,Healthy
C05109,L009,Type_C,leakage_current,9.108,9.358,9.64,10.215,50.0,Healthy
C05110,L010,Type_A,leakage_current,8.574,8.798,9.355,9.915,50.0,Healthy
C05111,L011,Type_A,leakage_current,8.995,9.011,9.052,9.375,50.0,Healthy
C05112,L012,Type_A,leakage_current,10.526,11.972,27.89,43.699,50.0,Latent_Defect
C05113,L013,Type_B,leakage_current,11.303,11.398,11.631,12.262,50.0,Healthy
C05114,L014,Type_B,leakage_current,9.897,10.125,10.917,11.249,50.0,Healthy
C05115,L015,Type_A,leakage_current,9.972,10.147,10.076,10.395,50.0,Healthy
C05116,L016,Type_C,leakage_current,8.814,17.827,45.456,72.553,50.0,Obvious_Failure
C05117,L017,Type_A,leakage_current,10.364,10.659,11.33,12.442,50.0,Healthy
C05118,L018,Type_A,leakage_current,10.055,12.733,40.287,68.016,50.0,Rapid_Drift
C05119,L019,Type_A,leakage_current,10.029,10.014,10.743,11.344,50.0,Healthy
C05120,L020,Type_A,leakage_current,9.206,9.539,10.011,10.716,50.0,Healthy
C05121,L021,Type_B,leakage_current,11.022,12.748,32.831,44.011,50.0,Latent_Defect
C05122,L022,Type_B,leakage_current,10.734,11.003,11.452,11.841,50.0,Healthy
C05123,L023,Type_A,leakage_current,9.928,13.326,38.13,62.428,50.0,Rapid_Drift
C05124,L024,Type_A,leakage_current,9.178,9.437,10.225,10.742,50.0,Healthy
C05125,L025,Type_A,leakage_current,9.16,9.303,10.13,10.743,50.0,Healthy
C05126,L026,Type_B,leakage_current,10.458,12.829,33.461,54.352,50.0,Rapid_Drift
C05127,L027,Type_B,leakage_current,11.304,11.514,11.877,12.409,50.0,Healthy
C05128,L028,Type_A,leakage_current,10.16,10.33,10.89,11.264,50.0,Healthy
C05129,L029,Type_A,leakage_current,10.485,12.065,29.683,47.803,50.0,Latent_Defect
C05130,L030,Type_B,leakage_current,9.904,10.228,11.154,12.273,50.0,Healthy
C05131,L031,Type_A,leakage_current,9.073,9.223,10.156,10.866,50.0,Healthy
C05132,L032,Type_A,leakage_current,9.5,11.132,28.158,39.149,50.0,Latent_Defect
C05133,L033,Type_A,leakage_current,10.734,11.018,11.621,12.107,50.0,Healthy
C05134,L034,Type_B,leakage_current,10.72,10.788,11.326,11.64,50.0,Healthy
C05135,L035,Type_A,leakage_current,10.102,10.247,10.549,10.864,50.0,Healthy
C05136,L036,Type_B,leakage_current,10.443,10.637,10.588,10.839,50.0,Healthy
C05137,L037,Type_A,leakage_current,10.179,10.519,11.379,12.148,50.0,Healthy
C05138,L038,Type_C,leakage_current,9.57,9.932,10.627,11.262,50.0,Healthy
C05139,L039,Type_B,leakage_current,10.251,10.146,10.472,11.087,50.0,Healthy
C05140,L040,Type_A,leakage_current,9.619,9.879,10.518,11.329,50.0,Healthy
C05141,L041,Type_A,leakage_current,9.567,11.696,31.533,40.827,50.0,Latent_Defect
C05142,L042,Type_B,leakage_current,11.478,11.693,12.287,13.025,50.0,Healthy
C05143,L043,Type_B,leakage_current,10.461,10.453,11.209,11.899,50.0,Healthy
C05144,L044,Type_A,leakage_current,9.257,9.408,9.913,10.652,50.0,Healthy
C05145,L045,Type_C,leakage_current,9.861,9.943,10.462,11.273,50.0,Healthy
C05146,L046,Type_B,leakage_current,10.711,11.035,12.026,12.811,50.0,Healthy
C05147,L047,Type_A,leakage_current,10.802,11.086,11.712,12.546,50.0,Healthy
C05148,L048,Type_A,leakage_current,11.107,11.288,11.835,12.753,50.0,Healthy
C05149,L049,Type_A,leakage_current,10.24,11.983,26.687,41.754,50.0,Latent_Defect
C05150,L050,Type_B,leakage_current,10.415,10.665,10.955,11.461,50.0,Healthy
C05151,L051,Type_C,leakage_current,9.197,9.623,10.068,10.777,50.0,Healthy
C05152,L052,Type_A,leakage_current,10.692,10.722,11.202,11.685,50.0,Healthy
C05153,L053,Type_A,leakage_current,9.481,12.43,40.372,68.939,50.0,Rapid_Drift
C05154,L054,Type_A,leakage_current,10.956,11.143,11.541,11.977,50.0,Healthy
C05155,L055,Type_C,leakage_current,9.956,12.869,34.355,56.205,50.0,Rapid_Drift
C05156,L056,Type_A,leakage_current,10.746,12.693,30.541,43.737,50.0,Latent_Defect
C05157,L057,Type_B,leakage_current,9.832,10.107,10.983,11.7,50.0,Healthy
C05158,L058,Type_B,leakage_current,11.523,14.869,43.154,71.46,50.0,Rapid_Drift
C05159,L059,Type_B,leakage_current,10.767,10.983,11.458,11.862,50.0,Healthy
C05160,L060,Type_A,leakage_current,9.7,10.212,10.803,11.786,50.0,Healthy
C05161,L061,Type_A,leakage_current,10.001,10.219,10.764,11.209,50.0,Healthy
C05162,L062,Type_A,leakage_current,9.893,9.941,10.395,11.279,50.0,Healthy
C05163,L063,Type_B,leakage_current,11.188,11.383,11.686,11.989,50.0,Healthy
C05164,L064,Type_A,leakage_current,9.859,11.028,27.447,42.769,50.0,Latent_Defect
C05165,L065,Type_B,leakage_current,10.407,10.56,11.16,11.658,50.0,Healthy
C05166,L066,Type_A,leakage_current,11.168,11.677,12.478,13.483,50.0,Healthy
C05167,L067,Type_A,leakage_current,9.744,10.143,11.12,12.065,50.0,Healthy
C05168,L068,Type_A,leakage_current,10.375,10.438,11.005,11.727,50.0,Healthy
C05169,L069,Type_B,leakage_current,10.982,11.024,11.279,11.479,50.0,Healthy
C05170,L070,Type_B,leakage_current,11.045,18.028,38.034,58.443,50.0,Obvious_Failure
C05171,L071,Type_A,leakage_current,10.467,10.776,11.199,11.472,50.0,Healthy
C05172,L072,Type_B,leakage_current,10.969,11.233,11.689,12.179,50.0,Healthy
C05173,L073,Type_A,leakage_current,8.998,9.055,9.666,10.24,50.0,Healthy
C05174,L074,Type_B,leakage_current,11.615,11.748,12.191,12.882,50.0,Healthy
C05175,L075,Type_C,leakage_current,10.181,10.169,10.841,11.504,50.0,Healthy
C05176,L076,Type_A,leakage_current,9.024,9.299,10.151,10.775,50.0,Healthy
C05177,L077,Type_B,leakage_current,10.732,10.953,11.425,11.79,50.0,Healthy
C05178,L078,Type_C,leakage_current,9.144,9.435,10.437,11.477,50.0,Healthy
C05179,L079,Type_B,leakage_current,10.773,12.413,31.034,39.722,50.0,Latent_Defect
C05180,L080,Type_A,leakage_current,9.906,10.154,10.31,10.832,50.0,Healthy
C05181,L081,Type_A,leakage_current,10.129,11.343,26.324,41.609,50.0,Latent_Defect
C05182,L082,Type_C,leakage_current,9.188,11.067,25.233,39.815,50.0,Latent_Defect
C05183,L083,Type_B,leakage_current,12.121,12.299,13.3,14.331,50.0,Healthy
C05184,L084,Type_B,leakage_current,10.834,10.98,11.262,12.058,50.0,Healthy
C05185,L085,Type_B,leakage_current,11.172,11.461,12.317,13.237,50.0,Healthy
C05186,L086,Type_B,leakage_current,12.006,12.314,13.109,13.813,50.0,Healthy
C05187,L087,Type_A,leakage_current,9.08,9.276,10.15,10.935,50.0,Healthy
C05188,L088,Type_A,leakage_current,9.369,9.239,9.24,9.609,50.0,Healthy
C05189,L089,Type_B,leakage_current,10.32,10.888,12.251,13.195,50.0,Healthy
C05190,L090,Type_A,leakage_current,10.336,10.78,11.301,11.577,50.0,Healthy
C05191,L091,Type_C,leakage_current,9.896,17.539,40.774,63.894,50.0,Obvious_Failure
C05192,L092,Type_B,leakage_current,10.983,14.575,41.763,68.619,50.0,Rapid_Drift
C05193,L093,Type_A,leakage_current,11.111,11.361,11.657,12.197,50.0,Healthy
C05194,L094,Type_A,leakage_current,10.503,10.743,11.311,11.745,50.0,Healthy
C05195,L095,Type_A,leakage_current,10.605,10.638,11.305,12.086,50.0,Healthy
C05196,L096,Type_A,leakage_current,9.893,9.939,10.361,10.995,50.0,Healthy
C05197,L097,Type_A,leakage_current,10.327,10.508,11.543,12.539,50.0,Healthy
C05198,L098,Type_B,leakage_current,11.176,11.378,11.658,11.795,50.0,Healthy
C05199,L099,Type_B,leakage_current,11.047,12.414,30.185,46.811,50.0,Latent_Defect
C05200,L100,Type_A,leakage_current,11.083,11.304,11.49,12.108,50.0,Healthy
C05201,L001,Type_C,leakage_current,7.837,8.121,9.094,9.674,50.0,Healthy
C05202,L002,Type_A,leakage_current,10.789,18.509,41.936,64.804,50.0,Obvious_Failure
C05203,L003,Type_A,leakage_current,10.697,10.587,11.088,11.358,50.0,Healthy
C05204,L004,Type_B,leakage_current,10.285,10.466,10.612,10.722,50.0,Healthy
C05205,L005,Type_A,leakage_current,9.498,9.537,9.882,10.024,50.0,Healthy
C05206,L006,Type_A,leakage_current,10.195,12.945,35.546,58.585,50.0,Rapid_Drift
C05207,L007,Type_C,leakage_current,8.58,8.883,9.092,9.802,50.0,Healthy
C05208,L008,Type_C,leakage_current,8.886,8.99,9.744,10.15,50.0,Healthy
C05209,L009,Type_C,leakage_current,9.362,11.568,31.717,46.297,50.0,Latent_Defect
C05210,L010,Type_C,leakage_current,9.531,9.546,9.711,10.029,50.0,Healthy
C05211,L011,Type_B,leakage_current,11.815,11.87,12.619,13.119,50.0,Healthy
C05212,L012,Type_B,leakage_current,10.679,12.803,29.775,42.615,50.0,Latent_Defect
C05213,L013,Type_B,leakage_current,10.579,10.973,11.437,12.345,50.0,Healthy
C05214,L014,Type_A,leakage_current,9.36,15.347,32.572,49.472,50.0,Obvious_Failure
C05215,L015,Type_B,leakage_current,10.673,13.39,30.344,45.713,50.0,Latent_Defect
C05216,L016,Type_A,leakage_current,9.349,9.396,9.722,9.683,50.0,Healthy
C05217,L017,Type_A,leakage_current,9.504,9.96,10.698,11.416,50.0,Healthy
C05218,L018,Type_C,leakage_current,9.315,9.413,9.795,10.392,50.0,Healthy
C05219,L019,Type_A,leakage_current,9.81,10.105,10.712,11.47,50.0,Healthy
C05220,L020,Type_C,leakage_current,8.822,9.022,9.557,9.985,50.0,Healthy
C05221,L021,Type_C,leakage_current,10.848,10.967,11.361,12.132,50.0,Healthy
C05222,L022,Type_A,leakage_current,11.467,14.555,42.657,70.119,50.0,Rapid_Drift
C05223,L023,Type_A,leakage_current,10.502,10.683,11.329,11.719,50.0,Healthy
C05224,L024,Type_B,leakage_current,11.879,12.016,12.191,12.202,50.0,Healthy
C05225,L025,Type_C,leakage_current,9.02,9.276,9.535,10.148,50.0,Healthy
C05226,L026,Type_C,leakage_current,9.494,11.494,24.837,38.034,50.0,Latent_Defect
C05227,L027,Type_B,leakage_current,10.719,10.829,11.355,12.0,50.0,Healthy
C05228,L028,Type_A,leakage_current,10.477,10.841,11.476,12.101,50.0,Healthy
C05229,L029,Type_A,leakage_current,9.383,9.625,10.388,10.949,50.0,Healthy
C05230,L030,Type_A,leakage_current,10.555,10.796,11.427,11.648,50.0,Healthy
C05231,L031,Type_A,leakage_current,10.348,13.072,40.711,68.387,50.0,Rapid_Drift
C05232,L032,Type_A,leakage_current,9.372,9.461,9.933,10.111,50.0,Healthy
C05233,L033,Type_C,leakage_current,9.927,11.761,24.321,37.321,50.0,Latent_Defect
C05234,L034,Type_A,leakage_current,10.187,10.488,11.139,12.17,50.0,Healthy
C05235,L035,Type_A,leakage_current,9.164,9.398,10.199,10.598,50.0,Healthy
C05236,L036,Type_B,leakage_current,10.929,12.791,31.41,41.824,50.0,Latent_Defect
C05237,L037,Type_A,leakage_current,9.302,12.66,35.362,57.302,50.0,Rapid_Drift
C05238,L038,Type_C,leakage_current,10.054,10.208,10.975,11.556,50.0,Healthy
C05239,L039,Type_B,leakage_current,9.366,9.682,11.056,12.411,50.0,Healthy
C05240,L040,Type_A,leakage_current,10.848,11.1,11.581,12.081,50.0,Healthy
C05241,L041,Type_A,leakage_current,10.05,19.145,47.138,73.992,50.0,Obvious_Failure
C05242,L042,Type_B,leakage_current,11.091,11.251,11.698,11.91,50.0,Healthy
C05243,L043,Type_B,leakage_current,10.762,11.04,11.718,11.976,50.0,Healthy
C05244,L044,Type_A,leakage_current,10.639,16.541,34.166,52.694,50.0,Obvious_Failure
C05245,L045,Type_B,leakage_current,11.472,11.708,12.056,12.936,50.0,Healthy
C05246,L046,Type_A,leakage_current,10.485,10.995,11.655,11.999,50.0,Healthy
C05247,L047,Type_A,leakage_current,9.137,9.409,9.78,10.024,50.0,Healthy
C05248,L048,Type_A,leakage_current,9.22,11.198,27.015,41.107,50.0,Latent_Defect
C05249,L049,Type_C,leakage_current,9.703,9.891,10.232,10.899,50.0,Healthy
C05250,L050,Type_A,leakage_current,10.541,10.678,11.388,11.393,50.0,Healthy
C05251,L051,Type_A,leakage_current,11.06,11.16,11.815,12.405,50.0,Healthy
C05252,L052,Type_A,leakage_current,10.619,10.794,10.778,10.907,50.0,Healthy
C05253,L053,Type_B,leakage_current,11.369,11.53,12.1,12.615,50.0,Healthy
C05254,L054,Type_A,leakage_current,9.855,10.061,10.893,11.908,50.0,Healthy
C05255,L055,Type_A,leakage_current,11.373,11.794,12.471,13.068,50.0,Healthy
C05256,L056,Type_A,leakage_current,11.124,11.182,11.652,12.01,50.0,Healthy
C05257,L057,Type_A,leakage_current,8.902,9.203,9.581,10.081,50.0,Healthy
C05258,L058,Type_B,leakage_current,11.38,11.608,11.959,12.543,50.0,Healthy
C05259,L059,Type_A,leakage_current,9.504,9.673,10.169,10.801,50.0,Healthy
C05260,L060,Type_A,leakage_current,9.846,10.19,11.161,11.88,50.0,Healthy
C05261,L061,Type_B,leakage_current,11.228,13.792,39.288,65.114,50.0,Rapid_Drift
C05262,L062,Type_B,leakage_current,10.093,11.382,31.615,39.693,50.0,Latent_Defect
C05263,L063,Type_B,leakage_current,10.638,10.866,11.58,12.362,50.0,Healthy
C05264,L064,Type_B,leakage_current,11.259,11.445,11.935,12.37,50.0,Healthy
C05265,L065,Type_A,leakage_current,9.515,9.675,10.336,11.198,50.0,Healthy
C05266,L066,Type_A,leakage_current,8.823,9.018,9.952,10.66,50.0,Healthy
C05267,L067,Type_B,leakage_current,9.875,10.196,10.89,11.51,50.0,Healthy
C05268,L068,Type_C,leakage_current,8.985,9.073,9.726,10.572,50.0,Healthy
C05269,L069,Type_B,leakage_current,11.091,11.452,11.922,12.382,50.0,Healthy
C05270,L070,Type_A,leakage_current,10.475,10.704,10.803,11.064,50.0,Healthy
C05271,L071,Type_A,leakage_current,8.661,8.775,9.989,11.047,50.0,Healthy
C05272,L072,Type_B,leakage_current,10.241,17.922,41.4,64.659,50.0,Obvious_Failure
C05273,L073,Type_A,leakage_current,8.6,8.949,9.544,9.998,50.0,Healthy
C05274,L074,Type_B,leakage_current,11.85,12.081,12.643,13.238,50.0,Healthy
C05275,L075,Type_B,leakage_current,10.363,10.424,11.253,11.843,50.0,Healthy
C05276,L076,Type_A,leakage_current,8.687,8.851,8.914,9.219,50.0,Healthy
C05277,L077,Type_A,leakage_current,10.396,19.82,47.273,75.426,50.0,Obvious_Failure
C05278,L078,Type_A,leakage_current,10.987,11.231,11.997,12.927,50.0,Healthy
C05279,L079,Type_A,leakage_current,9.557,14.597,29.912,44.668,50.0,Obvious_Failure
C05280,L080,Type_C,leakage_current,10.149,10.424,10.854,11.168,50.0,Healthy
C05281,L081,Type_A,leakage_current,9.679,9.861,10.728,11.465,50.0,Healthy
C05282,L082,Type_A,leakage_current,10.337,10.419,10.609,10.732,50.0,Healthy
C05283,L083,Type_B,leakage_current,10.159,10.468,11.054,11.748,50.0,Healthy
C05284,L084,Type_B,leakage_current,11.291,12.67,27.807,42.437,50.0,Latent_Defect
C05285,L085,Type_B,leakage_current,11.544,11.697,12.405,12.854,50.0,Healthy
C05286,L086,Type_A,leakage_current,10.889,10.943,11.517,12.088,50.0,Healthy
C05287,L087,Type_C,leakage_current,9.919,9.924,10.767,11.483,50.0,Healthy
C05288,L088,Type_A,leakage_current,10.231,10.415,10.979,11.553,50.0,Healthy
C05289,L089,Type_A,leakage_current,10.417,10.412,10.848,11.149,50.0,Healthy
C05290,L090,Type_A,leakage_current,9.492,9.917,10.744,11.326,50.0,Healthy
C05291,L091,Type_C,leakage_current,9.049,9.411,10.108,10.886,50.0,Healthy
C05292,L092,Type_A,leakage_current,10.659,11.035,11.323,12.027,50.0,Healthy
C05293,L093,Type_C,leakage_current,10.713,10.954,11.535,11.763,50.0,Healthy
C05294,L094,Type_A,leakage_current,9.709,9.95,10.591,11.529,50.0,Healthy
C05295,L095,Type_B,leakage_current,10.512,10.989,11.661,12.05,50.0,Healthy
C05296,L096,Type_B,leakage_current,10.743,12.511,24.508,36.993,50.0,Latent_Defect
C05297,L097,Type_B,leakage_current,11.562,11.835,12.507,13.243,50.0,Healthy
C05298,L098,Type_C,leakage_current,9.86,9.995,10.664,11.519,50.0,Healthy
C05299,L099,Type_B,leakage_current,10.836,10.939,11.545,11.696,50.0,Healthy
C05300,L100,Type_A,leakage_current,10.313,10.348,10.802,10.962,50.0,Healthy
C05301,L001,Type_A,leakage_current,9.348,9.632,10.226,10.912,50.0,Healthy
C05302,L002,Type_A,leakage_current,9.906,10.104,10.063,10.303,50.0,Healthy
C05303,L003,Type_B,leakage_current,11.451,11.564,12.228,12.825,50.0,Healthy
C05304,L004,Type_A,leakage_current,9.623,11.383,25.977,40.308,50.0,Latent_Defect
C05305,L005,Type_A,leakage_current,9.02,9.39,10.172,11.07,50.0,Healthy
C05306,L006,Type_A,leakage_current,10.286,10.244,10.785,11.07,50.0,Healthy
C05307,L007,Type_B,leakage_current,11.161,11.444,12.218,12.734,50.0,Healthy
C05308,L008,Type_A,leakage_current,11.079,11.16,11.786,12.444,50.0,Healthy
C05309,L009,Type_B,leakage_current,10.383,10.525,11.327,11.942,50.0,Healthy
C05310,L010,Type_C,leakage_current,9.708,9.812,10.335,10.96,50.0,Healthy
C05311,L011,Type_A,leakage_current,9.96,9.924,10.058,10.294,50.0,Healthy
C05312,L012,Type_A,leakage_current,9.644,12.803,37.528,61.606,50.0,Rapid_Drift
C05313,L013,Type_B,leakage_current,10.897,11.186,11.901,12.553,50.0,Healthy
C05314,L014,Type_B,leakage_current,10.915,11.147,11.582,12.103,50.0,Healthy
C05315,L015,Type_B,leakage_current,11.556,11.826,12.318,12.758,50.0,Healthy
C05316,L016,Type_A,leakage_current,10.255,10.53,11.539,12.373,50.0,Healthy
C05317,L017,Type_B,leakage_current,11.029,14.053,32.23,50.047,50.0,Rapid_Drift
C05318,L018,Type_B,leakage_current,10.795,10.954,11.554,12.197,50.0,Healthy
C05319,L019,Type_A,leakage_current,10.725,10.671,11.0,11.167,50.0,Healthy
C05320,L020,Type_C,leakage_current,9.925,13.599,36.824,59.992,50.0,Rapid_Drift
C05321,L021,Type_A,leakage_current,10.168,10.342,10.958,11.633,50.0,Healthy
C05322,L022,Type_B,leakage_current,11.574,11.965,12.749,12.844,50.0,Healthy
C05323,L023,Type_A,leakage_current,9.745,9.922,10.862,11.791,50.0,Healthy
C05324,L024,Type_A,leakage_current,9.509,9.634,10.23,10.814,50.0,Healthy
C05325,L025,Type_C,leakage_current,9.595,9.908,10.558,11.027,50.0,Healthy
C05326,L026,Type_A,leakage_current,10.249,10.371,10.607,11.211,50.0,Healthy
C05327,L027,Type_C,leakage_current,9.522,9.855,10.478,11.011,50.0,Healthy
C05328,L028,Type_A,leakage_current,10.605,10.902,11.341,12.261,50.0,Healthy
C05329,L029,Type_A,leakage_current,9.805,9.891,10.141,10.525,50.0,Healthy
C05330,L030,Type_A,leakage_current,10.431,10.693,11.439,11.841,50.0,Healthy
C05331,L031,Type_A,leakage_current,9.313,9.673,10.009,10.197,50.0,Healthy
C05332,L032,Type_B,leakage_current,11.118,11.219,12.042,12.217,50.0,Healthy
C05333,L033,Type_B,leakage_current,11.477,11.572,12.195,12.697,50.0,Healthy
C05334,L034,Type_A,leakage_current,10.417,11.728,24.956,38.699,50.0,Latent_Defect
C05335,L035,Type_B,leakage_current,10.209,10.323,10.78,11.771,50.0,Healthy
C05336,L036,Type_B,leakage_current,11.52,11.933,12.791,13.882,50.0,Healthy
C05337,L037,Type_A,leakage_current,10.946,11.252,11.856,12.379,50.0,Healthy
C05338,L038,Type_A,leakage_current,9.796,9.722,10.458,10.987,50.0,Healthy
C05339,L039,Type_A,leakage_current,10.516,10.75,11.621,12.346,50.0,Healthy
C05340,L040,Type_A,leakage_current,10.429,12.088,25.019,39.137,50.0,Latent_Defect
C05341,L041,Type_A,leakage_current,10.23,10.114,10.712,11.23,50.0,Healthy
C05342,L042,Type_A,leakage_current,9.405,11.179,24.352,36.62,50.0,Latent_Defect
C05343,L043,Type_B,leakage_current,11.338,11.667,12.525,13.386,50.0,Healthy
C05344,L044,Type_A,leakage_current,11.115,11.598,12.118,13.09,50.0,Healthy
C05345,L045,Type_A,leakage_current,8.593,16.271,39.96,62.938,50.0,Obvious_Failure
C05346,L046,Type_B,leakage_current,10.827,11.11,11.808,12.511,50.0,Healthy
C05347,L047,Type_B,leakage_current,10.221,13.897,33.298,53.049,50.0,Rapid_Drift
C05348,L048,Type_C,leakage_current,9.089,10.768,30.771,45.718,50.0,Latent_Defect
C05349,L049,Type_A,leakage_current,10.648,10.87,11.727,12.656,50.0,Healthy
C05350,L050,Type_A,leakage_current,9.76,12.211,32.637,52.51,50.0,Rapid_Drift
C05351,L051,Type_B,leakage_current,9.596,18.543,45.837,73.04,50.0,Obvious_Failure
C05352,L052,Type_A,leakage_current,9.943,11.329,24.438,37.291,50.0,Latent_Defect
C05353,L053,Type_B,leakage_current,11.786,11.935,12.399,12.648,50.0,Healthy
C05354,L054,Type_B,leakage_current,10.728,10.989,11.186,12.118,50.0,Healthy
C05355,L055,Type_C,leakage_current,9.309,9.394,9.508,10.116,50.0,Healthy
C05356,L056,Type_A,leakage_current,10.07,16.112,35.129,53.827,50.0,Obvious_Failure
C05357,L057,Type_A,leakage_current,9.906,10.105,10.886,11.523,50.0,Healthy
C05358,L058,Type_A,leakage_current,10.075,10.303,10.676,11.333,50.0,Healthy
C05359,L059,Type_A,leakage_current,9.107,9.622,10.651,11.441,50.0,Healthy
C05360,L060,Type_A,leakage_current,10.165,18.822,44.978,70.554,50.0,Obvious_Failure
C05361,L061,Type_C,leakage_current,9.63,9.668,10.094,10.235,50.0,Healthy
C05362,L062,Type_A,leakage_current,10.545,10.994,11.747,12.177,50.0,Healthy
C05363,L063,Type_A,leakage_current,10.417,10.508,11.008,11.452,50.0,Healthy
C05364,L064,Type_B,leakage_current,10.451,10.835,11.425,11.769,50.0,Healthy
C05365,L065,Type_C,leakage_current,10.967,11.393,12.373,13.102,50.0,Healthy
C05366,L066,Type_A,leakage_current,9.696,10.104,10.833,11.576,50.0,Healthy
C05367,L067,Type_B,leakage_current,11.177,11.383,11.84,12.574,50.0,Healthy
C05368,L068,Type_B,leakage_current,10.003,10.222,10.525,10.989,50.0,Healthy
C05369,L069,Type_A,leakage_current,9.08,9.189,10.115,10.542,50.0,Healthy
C05370,L070,Type_A,leakage_current,9.817,10.002,10.815,11.609,50.0,Healthy
C05371,L071,Type_B,leakage_current,10.78,10.723,11.366,11.667,50.0,Healthy
C05372,L072,Type_A,leakage_current,9.544,9.821,10.592,11.314,50.0,Healthy
C05373,L073,Type_A,leakage_current,10.868,11.226,12.403,13.206,50.0,Healthy
C05374,L074,Type_A,leakage_current,9.743,9.91,10.49,10.912,50.0,Healthy
C05375,L075,Type_B,leakage_current,9.99,10.159,10.6,11.151,50.0,Healthy
C05376,L076,Type_A,leakage_current,9.883,12.739,38.1,63.638,50.0,Rapid_Drift
C05377,L077,Type_A,leakage_current,9.299,12.363,35.262,58.887,50.0,Rapid_Drift
C05378,L078,Type_A,leakage_current,9.619,9.829,10.586,11.077,50.0,Healthy
C05379,L079,Type_A,leakage_current,9.924,13.387,37.552,61.218,50.0,Rapid_Drift
C05380,L080,Type_A,leakage_current,9.411,9.547,9.786,10.063,50.0,Healthy
C05381,L081,Type_A,leakage_current,10.859,11.044,11.619,12.201,50.0,Healthy
C05382,L082,Type_C,leakage_current,9.676,11.17,30.664,42.68,50.0,Latent_Defect
C05383,L083,Type_A,leakage_current,10.304,18.184,42.03,65.597,50.0,Obvious_Failure
C05384,L084,Type_A,leakage_current,9.857,9.927,10.562,10.897,50.0,Healthy
C05385,L085,Type_C,leakage_current,8.825,17.324,43.094,69.059,50.0,Obvious_Failure
C05386,L086,Type_A,leakage_current,11.016,11.312,11.691,12.309,50.0,Healthy
C05387,L087,Type_B,leakage_current,11.499,14.968,32.768,50.823,50.0,Rapid_Drift
C05388,L088,Type_A,leakage_current,9.478,9.836,10.624,11.292,50.0,Healthy
C05389,L089,Type_B,leakage_current,10.254,10.399,10.63,10.879,50.0,Healthy
C05390,L090,Type_B,leakage_current,10.19,13.072,38.36,63.452,50.0,Rapid_Drift
C05391,L091,Type_B,leakage_current,9.836,10.144,10.669,10.996,50.0,Healthy
C05392,L092,Type_A,leakage_current,9.657,9.891,10.087,10.526,50.0,Healthy
C05393,L093,Type_B,leakage_current,9.424,9.449,10.125,11.194,50.0,Healthy
C05394,L094,Type_A,leakage_current,11.851,12.17,12.809,13.52,50.0,Healthy
C05395,L095,Type_C,leakage_current,8.931,9.105,10.289,10.949,50.0,Healthy
C05396,L096,Type_B,leakage_current,10.029,10.292,10.801,11.695,50.0,Healthy
C05397,L097,Type_A,leakage_current,10.466,10.656,11.308,11.928,50.0,Healthy
C05398,L098,Type_A,leakage_current,10.745,19.161,44.174,68.507,50.0,Obvious_Failure
C05399,L099,Type_C,leakage_current,9.671,9.96,10.754,11.129,50.0,Healthy
C05400,L100,Type_C,leakage_current,10.154,10.394,10.928,11.357,50.0,Healthy
C05401,L001,Type_C,leakage_current,9.373,9.506,10.207,10.957,50.0,Healthy
C05402,L002,Type_A,leakage_current,9.321,9.576,10.072,10.533,50.0,Healthy
C05403,L003,Type_A,leakage_current,9.139,9.314,9.278,9.451,50.0,Healthy
C05404,L004,Type_A,leakage_current,9.986,18.393,43.686,69.001,50.0,Obvious_Failure
C05405,L005,Type_B,leakage_current,11.747,12.066,12.51,13.122,50.0,Healthy
C05406,L006,Type_A,leakage_current,9.643,9.8,9.807,10.178,50.0,Healthy
C05407,L007,Type_A,leakage_current,9.672,9.996,10.522,11.759,50.0,Healthy
C05408,L008,Type_A,leakage_current,10.591,12.176,32.887,46.709,50.0,Latent_Defect
C05409,L009,Type_A,leakage_current,9.94,10.368,10.64,11.348,50.0,Healthy
C05410,L010,Type_B,leakage_current,10.942,11.356,12.169,13.017,50.0,Healthy
C05411,L011,Type_B,leakage_current,10.618,10.717,11.285,11.809,50.0,Healthy
C05412,L012,Type_B,leakage_current,11.592,11.711,12.718,13.866,50.0,Healthy
C05413,L013,Type_B,leakage_current,12.243,15.586,34.412,53.597,50.0,Rapid_Drift
C05414,L014,Type_A,leakage_current,10.345,12.95,31.21,48.645,50.0,Rapid_Drift
C05415,L015,Type_A,leakage_current,9.835,9.951,10.782,11.677,50.0,Healthy
C05416,L016,Type_A,leakage_current,9.554,9.852,10.514,11.333,50.0,Healthy
C05417,L017,Type_A,leakage_current,9.427,10.642,29.016,44.768,50.0,Latent_Defect
C05418,L018,Type_A,leakage_current,10.076,10.154,10.869,11.669,50.0,Healthy
C05419,L019,Type_A,leakage_current,10.751,11.017,11.491,11.674,50.0,Healthy
C05420,L020,Type_A,leakage_current,11.281,11.21,11.579,11.96,50.0,Healthy
C05421,L021,Type_A,leakage_current,9.24,9.536,10.296,11.125,50.0,Healthy
C05422,L022,Type_B,leakage_current,9.906,11.585,24.346,37.1,50.0,Latent_Defect
C05423,L023,Type_A,leakage_current,10.07,10.185,10.96,11.534,50.0,Healthy
C05424,L024,Type_A,leakage_current,10.215,10.64,11.298,11.898,50.0,Healthy
C05425,L025,Type_B,leakage_current,11.326,12.919,25.197,37.372,50.0,Latent_Defect
C05426,L026,Type_C,leakage_current,8.734,16.251,38.902,61.455,50.0,Obvious_Failure
C05427,L027,Type_A,leakage_current,10.165,10.276,10.602,11.307,50.0,Healthy
C05428,L028,Type_C,leakage_current,8.522,8.849,9.335,9.827,50.0,Healthy
C05429,L029,Type_A,leakage_current,9.756,9.772,10.503,11.033,50.0,Healthy
C05430,L030,Type_B,leakage_current,11.301,14.808,42.304,69.909,50.0,Rapid_Drift
C05431,L031,Type_A,leakage_current,10.677,10.694,11.478,12.08,50.0,Healthy
C05432,L032,Type_B,leakage_current,10.561,12.157,25.249,38.159,50.0,Latent_Defect
C05433,L033,Type_A,leakage_current,10.099,11.48,29.454,47.367,50.0,Latent_Defect
C05434,L034,Type_A,leakage_current,10.729,10.949,11.2,12.046,50.0,Healthy
C05435,L035,Type_A,leakage_current,9.001,9.238,10.079,10.524,50.0,Healthy
C05436,L036,Type_A,leakage_current,10.553,10.773,11.092,11.543,50.0,Healthy
C05437,L037,Type_A,leakage_current,9.285,9.581,9.991,10.627,50.0,Healthy
C05438,L038,Type_C,leakage_current,10.302,14.107,35.331,57.002,50.0,Rapid_Drift
C05439,L039,Type_A,leakage_current,10.434,10.657,11.29,11.74,50.0,Healthy
C05440,L040,Type_B,leakage_current,11.562,11.816,12.366,13.127,50.0,Healthy
C05441,L041,Type_B,leakage_current,11.063,11.065,11.419,11.556,50.0,Healthy
C05442,L042,Type_B,leakage_current,10.07,10.324,11.26,11.971,50.0,Healthy
C05443,L043,Type_B,leakage_current,11.174,11.272,12.139,12.607,50.0,Healthy
C05444,L044,Type_A,leakage_current,8.849,9.02,9.617,10.173,50.0,Healthy
C05445,L045,Type_C,leakage_current,10.207,12.281,25.747,39.567,50.0,Latent_Defect
C05446,L046,Type_C,leakage_current,10.041,10.186,10.675,11.324,50.0,Healthy
C05447,L047,Type_B,leakage_current,9.611,9.522,10.063,10.779,50.0,Healthy
C05448,L048,Type_A,leakage_current,10.092,10.463,11.177,11.787,50.0,Healthy
C05449,L049,Type_A,leakage_current,8.714,16.688,40.476,64.964,50.0,Obvious_Failure
C05450,L050,Type_A,leakage_current,10.53,10.64,11.006,11.207,50.0,Healthy
C05451,L051,Type_C,leakage_current,9.325,9.362,9.881,10.06,50.0,Healthy
C05452,L052,Type_A,leakage_current,10.505,10.716,11.385,11.932,50.0,Healthy
C05453,L053,Type_A,leakage_current,10.27,10.505,11.116,11.703,50.0,Healthy
C05454,L054,Type_A,leakage_current,8.945,9.136,9.542,9.892,50.0,Healthy
C05455,L055,Type_C,leakage_current,8.316,8.568,9.566,10.348,50.0,Healthy
C05456,L056,Type_A,leakage_current,11.07,11.416,12.272,12.841,50.0,Healthy
C05457,L057,Type_A,leakage_current,9.042,9.291,9.806,10.198,50.0,Healthy
C05458,L058,Type_A,leakage_current,9.332,9.294,9.89,10.3,50.0,Healthy
C05459,L059,Type_B,leakage_current,10.411,12.789,30.55,45.98,50.0,Latent_Defect
C05460,L060,Type_C,leakage_current,8.266,8.385,8.928,9.42,50.0,Healthy
C05461,L061,Type_B,leakage_current,10.825,11.115,11.398,11.914,50.0,Healthy
C05462,L062,Type_A,leakage_current,10.367,10.457,10.778,11.213,50.0,Healthy
C05463,L063,Type_B,leakage_current,11.8,14.114,34.571,42.118,50.0,Latent_Defect
C05464,L064,Type_A,leakage_current,9.814,10.03,10.603,11.038,50.0,Healthy
C05465,L065,Type_A,leakage_current,9.145,9.479,10.16,10.945,50.0,Healthy
C05466,L066,Type_C,leakage_current,9.63,12.128,28.716,45.356,50.0,Latent_Defect
C05467,L067,Type_B,leakage_current,11.107,12.779,28.727,42.582,50.0,Latent_Defect
C05468,L068,Type_A,leakage_current,8.876,8.859,9.209,9.578,50.0,Healthy
C05469,L069,Type_C,leakage_current,8.629,8.739,9.453,10.076,50.0,Healthy
C05470,L070,Type_A,leakage_current,9.912,10.179,10.765,11.649,50.0,Healthy
C05471,L071,Type_A,leakage_current,11.661,14.888,34.431,54.664,50.0,Rapid_Drift
C05472,L072,Type_A,leakage_current,10.94,11.347,12.251,12.779,50.0,Healthy
C05473,L073,Type_C,leakage_current,9.236,9.661,10.416,11.389,50.0,Healthy
C05474,L074,Type_C,leakage_current,9.985,10.283,10.859,11.597,50.0,Healthy
C05475,L075,Type_B,leakage_current,10.036,10.301,10.898,11.289,50.0,Healthy
C05476,L076,Type_A,leakage_current,10.316,13.951,36.368,57.862,50.0,Rapid_Drift
C05477,L077,Type_A,leakage_current,10.065,10.302,10.95,11.387,50.0,Healthy
C05478,L078,Type_B,leakage_current,10.401,10.531,11.128,11.51,50.0,Healthy
C05479,L079,Type_A,leakage_current,10.863,11.231,11.617,12.498,50.0,Healthy
C05480,L080,Type_B,leakage_current,10.756,11.044,11.656,12.102,50.0,Healthy
C05481,L081,Type_A,leakage_current,9.994,12.292,36.661,61.527,50.0,Rapid_Drift
C05482,L082,Type_C,leakage_current,9.858,9.724,9.696,10.157,50.0,Healthy
C05483,L083,Type_B,leakage_current,9.851,10.384,10.984,11.886,50.0,Healthy
C05484,L084,Type_C,leakage_current,10.65,11.019,11.632,12.292,50.0,Healthy
C05485,L085,Type_C,leakage_current,9.306,17.827,43.365,68.578,50.0,Obvious_Failure
C05486,L086,Type_A,leakage_current,9.215,9.272,9.837,10.106,50.0,Healthy
C05487,L087,Type_A,leakage_current,10.013,10.388,11.236,11.909,50.0,Healthy
C05488,L088,Type_B,leakage_current,10.531,17.767,38.93,60.773,50.0,Obvious_Failure
C05489,L089,Type_A,leakage_current,9.447,9.371,10.022,10.333,50.0,Healthy
C05490,L090,Type_A,leakage_current,8.86,18.147,47.07,75.841,50.0,Obvious_Failure
C05491,L091,Type_C,leakage_current,9.045,11.66,32.202,53.425,50.0,Rapid_Drift
C05492,L092,Type_A,leakage_current,9.493,9.67,10.71,11.557,50.0,Healthy
C05493,L093,Type_B,leakage_current,11.195,12.785,29.299,43.67,50.0,Latent_Defect
C05494,L094,Type_A,leakage_current,10.647,12.47,28.2,43.762,50.0,Latent_Defect
C05495,L095,Type_C,leakage_current,8.482,10.936,32.27,53.395,50.0,Rapid_Drift
C05496,L096,Type_A,leakage_current,11.068,11.197,11.92,12.733,50.0,Healthy
C05497,L097,Type_A,leakage_current,10.082,10.37,11.243,11.955,50.0,Healthy
C05498,L098,Type_A,leakage_current,10.289,13.48,38.524,63.819,50.0,Rapid_Drift
C05499,L099,Type_B,leakage_current,10.38,10.647,11.308,11.915,50.0,Healthy
C05500,L100,Type_B,leakage_current,10.524,10.481,11.418,12.239,50.0,Healthy
C05501,L001,Type_A,leakage_current,10.065,10.145,10.292,10.618,50.0,Healthy
C05502,L002,Type_B,leakage_current,11.012,11.114,11.271,12.114,50.0,Healthy
C05503,L003,Type_B,leakage_current,10.684,10.842,11.603,11.841,50.0,Healthy
C05504,L004,Type_A,leakage_current,10.041,10.398,11.129,12.025,50.0,Healthy
C05505,L005,Type_B,leakage_current,10.751,10.932,11.163,11.644,50.0,Healthy
C05506,L006,Type_B,leakage_current,11.198,13.104,29.486,46.543,50.0,Latent_Defect
C05507,L007,Type_A,leakage_current,9.596,9.467,9.865,10.442,50.0,Healthy
C05508,L008,Type_B,leakage_current,11.809,12.046,12.765,13.358,50.0,Healthy
C05509,L009,Type_A,leakage_current,10.291,10.294,10.966,11.43,50.0,Healthy
C05510,L010,Type_A,leakage_current,10.146,12.202,31.495,40.381,50.0,Latent_Defect
C05511,L011,Type_A,leakage_current,9.102,9.124,9.628,9.815,50.0,Healthy
C05512,L012,Type_C,leakage_current,8.312,8.431,8.639,8.914,50.0,Healthy
C05513,L013,Type_B,leakage_current,11.358,11.803,12.909,13.861,50.0,Healthy
C05514,L014,Type_A,leakage_current,10.999,11.333,11.722,12.218,50.0,Healthy
C05515,L015,Type_A,leakage_current,10.113,10.372,10.75,10.831,50.0,Healthy
C05516,L016,Type_C,leakage_current,9.629,12.582,38.305,64.368,50.0,Rapid_Drift
C05517,L017,Type_A,leakage_current,9.289,9.49,10.125,10.879,50.0,Healthy
C05518,L018,Type_C,leakage_current,10.044,10.216,10.377,10.939,50.0,Healthy
C05519,L019,Type_A,leakage_current,10.365,10.739,11.447,12.36,50.0,Healthy
C05520,L020,Type_A,leakage_current,10.163,10.306,10.812,11.006,50.0,Healthy
C05521,L021,Type_A,leakage_current,10.538,10.886,11.598,11.916,50.0,Healthy
C05522,L022,Type_A,leakage_current,9.977,10.225,10.799,11.555,50.0,Healthy
C05523,L023,Type_A,leakage_current,10.847,12.075,27.784,42.966,50.0,Latent_Defect
C05524,L024,Type_A,leakage_current,9.587,12.706,38.576,64.433,50.0,Rapid_Drift
C05525,L025,Type_B,leakage_current,10.234,10.63,10.897,11.445,50.0,Healthy
C05526,L026,Type_A,leakage_current,8.951,9.314,9.875,10.168,50.0,Healthy
C05527,L027,Type_B,leakage_current,12.277,17.745,34.169,50.529,50.0,Obvious_Failure
C05528,L028,Type_A,leakage_current,10.017,10.031,10.24,10.938,50.0,Healthy
C05529,L029,Type_A,leakage_current,10.259,11.852,25.028,38.103,50.0,Latent_Defect
C05530,L030,Type_B,leakage_current,12.21,12.34,12.524,12.9,50.0,Healthy
C05531,L031,Type_A,leakage_current,8.935,8.922,9.332,9.721,50.0,Healthy
C05532,L032,Type_B,leakage_current,10.491,10.681,11.127,11.885,50.0,Healthy
C05533,L033,Type_A,leakage_current,10.307,10.502,11.198,12.23,50.0,Healthy
C05534,L034,Type_C,leakage_current,9.143,9.334,9.811,10.214,50.0,Healthy
C05535,L035,Type_B,leakage_current,10.719,10.75,11.541,11.729,50.0,Healthy
C05536,L036,Type_B,leakage_current,10.817,12.322,26.33,39.755,50.0,Latent_Defect
C05537,L037,Type_C,leakage_current,8.581,15.911,36.528,56.694,50.0,Obvious_Failure
C05538,L038,Type_C,leakage_current,9.899,11.846,31.814,42.858,50.0,Latent_Defect
C05539,L039,Type_A,leakage_current,10.272,10.485,11.083,11.667,50.0,Healthy
C05540,L040,Type_A,leakage_current,9.613,9.791,10.153,10.391,50.0,Healthy
C05541,L041,Type_A,leakage_current,10.372,13.886,34.265,55.051,50.0,Rapid_Drift
C05542,L042,Type_C,leakage_current,9.745,9.782,10.199,10.777,50.0,Healthy
C05543,L043,Type_A,leakage_current,9.371,18.461,46.191,74.511,50.0,Obvious_Failure
C05544,L044,Type_B,leakage_current,11.155,11.407,12.075,12.847,50.0,Healthy
C05545,L045,Type_A,leakage_current,9.826,10.024,10.817,11.632,50.0,Healthy
C05546,L046,Type_A,leakage_current,9.458,9.692,10.001,10.548,50.0,Healthy
C05547,L047,Type_B,leakage_current,11.178,14.561,39.034,63.41,50.0,Rapid_Drift
C05548,L048,Type_A,leakage_current,9.584,9.684,9.906,10.716,50.0,Healthy
C05549,L049,Type_A,leakage_current,10.221,10.497,11.795,12.96,50.0,Healthy
C05550,L050,Type_C,leakage_current,9.819,10.205,10.717,10.952,50.0,Healthy
C05551,L051,Type_A,leakage_current,10.244,10.427,11.17,11.8,50.0,Healthy
C05552,L052,Type_A,leakage_current,9.349,13.006,39.461,66.061,50.0,Rapid_Drift
C05553,L053,Type_A,leakage_current,8.754,8.714,9.044,9.388,50.0,Healthy
C05554,L054,Type_A,leakage_current,10.144,10.383,11.08,11.83,50.0,Healthy
C05555,L055,Type_A,leakage_current,10.079,11.726,27.893,44.473,50.0,Latent_Defect
C05556,L056,Type_A,leakage_current,9.838,9.845,10.393,11.04,50.0,Healthy
C05557,L057,Type_A,leakage_current,10.304,10.43,11.004,11.149,50.0,Healthy
C05558,L058,Type_A,leakage_current,9.667,9.752,10.327,10.783,50.0,Healthy
C05559,L059,Type_A,leakage_current,11.436,13.814,29.275,41.196,50.0,Latent_Defect
C05560,L060,Type_B,leakage_current,11.205,11.393,11.882,12.374,50.0,Healthy
C05561,L061,Type_C,leakage_current,9.424,9.628,10.153,10.813,50.0,Healthy
C05562,L062,Type_B,leakage_current,10.358,15.897,32.161,48.376,50.0,Obvious_Failure
C05563,L063,Type_A,leakage_current,9.776,9.988,10.389,10.807,50.0,Healthy
C05564,L064,Type_A,leakage_current,10.048,10.494,11.277,11.827,50.0,Healthy
C05565,L065,Type_B,leakage_current,10.923,11.352,12.115,12.693,50.0,Healthy
C05566,L066,Type_A,leakage_current,10.558,13.082,32.419,45.77,50.0,Latent_Defect
C05567,L067,Type_A,leakage_current,11.007,10.894,11.309,11.495,50.0,Healthy
C05568,L068,Type_A,leakage_current,10.128,10.388,11.162,12.029,50.0,Healthy
C05569,L069,Type_A,leakage_current,10.308,12.524,30.193,39.676,50.0,Latent_Defect
C05570,L070,Type_B,leakage_current,10.525,10.652,11.006,11.368,50.0,Healthy
C05571,L071,Type_B,leakage_current,11.001,11.293,12.047,13.111,50.0,Healthy
C05572,L072,Type_B,leakage_current,11.214,12.804,25.088,38.181,50.0,Latent_Defect
C05573,L073,Type_A,leakage_current,9.849,9.99,10.306,10.723,50.0,Healthy
C05574,L074,Type_A,leakage_current,9.329,9.497,10.009,10.514,50.0,Healthy
C05575,L075,Type_B,leakage_current,9.993,10.196,10.813,11.503,50.0,Healthy
C05576,L076,Type_B,leakage_current,11.372,14.75,33.325,51.89,50.0,Rapid_Drift
C05577,L077,Type_B,leakage_current,9.851,9.839,10.851,11.516,50.0,Healthy
C05578,L078,Type_A,leakage_current,9.032,8.931,9.448,9.988,50.0,Healthy
C05579,L079,Type_A,leakage_current,10.063,10.051,10.544,11.003,50.0,Healthy
C05580,L080,Type_A,leakage_current,10.369,10.53,11.159,11.848,50.0,Healthy
C05581,L081,Type_A,leakage_current,9.955,10.099,10.847,11.104,50.0,Healthy
C05582,L082,Type_C,leakage_current,10.629,11.023,11.49,11.991,50.0,Healthy
C05583,L083,Type_B,leakage_current,10.781,11.046,11.72,12.164,50.0,Healthy
C05584,L084,Type_A,leakage_current,9.55,9.67,10.221,11.144,50.0,Healthy
C05585,L085,Type_C,leakage_current,9.136,9.43,9.994,10.923,50.0,Healthy
C05586,L086,Type_A,leakage_current,10.789,10.99,12.21,13.272,50.0,Healthy
C05587,L087,Type_C,leakage_current,9.008,10.702,29.649,38.926,50.0,Latent_Defect
C05588,L088,Type_A,leakage_current,11.408,11.682,12.319,12.735,50.0,Healthy
C05589,L089,Type_A,leakage_current,9.285,9.664,10.446,11.489,50.0,Healthy
C05590,L090,Type_B,leakage_current,11.475,11.774,12.086,12.699,50.0,Healthy
C05591,L091,Type_A,leakage_current,11.004,10.996,11.506,11.733,50.0,Healthy
C05592,L092,Type_A,leakage_current,10.657,12.607,26.852,40.925,50.0,Latent_Defect
C05593,L093,Type_A,leakage_current,9.693,9.834,10.612,11.319,50.0,Healthy
C05594,L094,Type_A,leakage_current,8.952,9.3,9.746,10.258,50.0,Healthy
C05595,L095,Type_A,leakage_current,10.699,10.76,11.077,11.16,50.0,Healthy
C05596,L096,Type_A,leakage_current,10.75,10.768,10.897,11.293,50.0,Healthy
C05597,L097,Type_B,leakage_current,11.579,11.7,12.058,12.396,50.0,Healthy
C05598,L098,Type_A,leakage_current,10.122,10.375,11.419,12.548,50.0,Healthy
C05599,L099,Type_A,leakage_current,10.236,10.233,10.764,11.685,50.0,Healthy
C05600,L100,Type_A,leakage_current,9.62,9.812,10.405,10.89,50.0,Healthy
C05601,L001,Type_B,leakage_current,10.029,10.131,10.394,10.794,50.0,Healthy
C05602,L002,Type_A,leakage_current,10.225,10.081,10.574,10.822,50.0,Healthy
C05603,L003,Type_B,leakage_current,10.512,10.812,11.551,12.261,50.0,Healthy
C05604,L004,Type_A,leakage_current,8.961,8.959,9.933,10.974,50.0,Healthy
C05605,L005,Type_B,leakage_current,11.073,11.103,11.528,12.001,50.0,Healthy
C05606,L006,Type_B,leakage_current,10.654,13.421,37.274,62.005,50.0,Rapid_Drift
C05607,L007,Type_A,leakage_current,10.363,13.033,31.599,50.846,50.0,Rapid_Drift
C05608,L008,Type_B,leakage_current,9.363,17.402,41.23,65.036,50.0,Obvious_Failure
C05609,L009,Type_C,leakage_current,9.189,9.378,9.662,10.02,50.0,Healthy
C05610,L010,Type_A,leakage_current,9.858,10.119,10.463,11.031,50.0,Healthy
C05611,L011,Type_A,leakage_current,9.344,9.814,10.325,10.91,50.0,Healthy
C05612,L012,Type_A,leakage_current,10.239,13.144,40.8,68.146,50.0,Rapid_Drift
C05613,L013,Type_A,leakage_current,9.809,11.872,28.23,41.968,50.0,Latent_Defect
C05614,L014,Type_A,leakage_current,9.829,9.924,10.212,10.781,50.0,Healthy
C05615,L015,Type_A,leakage_current,9.984,9.947,10.571,11.208,50.0,Healthy
C05616,L016,Type_B,leakage_current,12.004,12.127,12.962,13.263,50.0,Healthy
C05617,L017,Type_B,leakage_current,11.214,11.486,12.375,13.482,50.0,Healthy
C05618,L018,Type_A,leakage_current,8.775,8.913,9.093,9.355,50.0,Healthy
C05619,L019,Type_C,leakage_current,10.358,10.605,11.625,12.481,50.0,Healthy
C05620,L020,Type_B,leakage_current,10.306,10.582,11.232,11.626,50.0,Healthy
C05621,L021,Type_A,leakage_current,9.502,9.589,10.223,10.999,50.0,Healthy
C05622,L022,Type_B,leakage_current,10.58,11.017,11.473,12.054,50.0,Healthy
C05623,L023,Type_A,leakage_current,10.272,10.542,11.227,11.922,50.0,Healthy
C05624,L024,Type_A,leakage_current,9.059,10.587,24.492,38.258,50.0,Latent_Defect
C05625,L025,Type_B,leakage_current,11.256,11.485,11.973,12.519,50.0,Healthy
C05626,L026,Type_A,leakage_current,9.493,9.71,10.048,10.465,50.0,Healthy
C05627,L027,Type_B,leakage_current,10.475,10.728,11.215,11.827,50.0,Healthy
C05628,L028,Type_B,leakage_current,11.271,11.405,11.965,12.264,50.0,Healthy
C05629,L029,Type_B,leakage_current,10.682,10.957,11.58,12.4,50.0,Healthy
C05630,L030,Type_A,leakage_current,10.712,10.7,10.963,10.981,50.0,Healthy
C05631,L031,Type_A,leakage_current,9.578,9.704,10.399,11.335,50.0,Healthy
C05632,L032,Type_A,leakage_current,9.874,9.994,10.853,11.274,50.0,Healthy
C05633,L033,Type_A,leakage_current,10.18,10.519,11.105,11.362,50.0,Healthy
C05634,L034,Type_B,leakage_current,11.068,11.081,12.034,12.723,50.0,Healthy
C05635,L035,Type_B,leakage_current,10.054,13.237,41.439,69.892,50.0,Rapid_Drift
C05636,L036,Type_A,leakage_current,9.133,9.258,9.414,9.882,50.0,Healthy
C05637,L037,Type_B,leakage_current,10.82,12.219,30.372,47.639,50.0,Latent_Defect
C05638,L038,Type_C,leakage_current,9.827,9.97,10.374,10.707,50.0,Healthy
C05639,L039,Type_A,leakage_current,10.769,10.885,11.116,11.625,50.0,Healthy
C05640,L040,Type_B,leakage_current,11.665,12.087,12.635,13.455,50.0,Healthy
C05641,L041,Type_A,leakage_current,10.433,10.545,11.068,11.546,50.0,Healthy
C05642,L042,Type_B,leakage_current,11.315,11.563,11.989,12.632,50.0,Healthy
C05643,L043,Type_C,leakage_current,9.59,9.948,11.063,11.969,50.0,Healthy
C05644,L044,Type_A,leakage_current,10.067,10.249,10.702,11.611,50.0,Healthy
C05645,L045,Type_A,leakage_current,10.56,10.773,11.612,12.069,50.0,Healthy
C05646,L046,Type_A,leakage_current,9.24,9.463,10.376,10.743,50.0,Healthy
C05647,L047,Type_A,leakage_current,10.58,10.915,11.286,11.817,50.0,Healthy
C05648,L048,Type_B,leakage_current,10.169,13.119,33.167,53.454,50.0,Rapid_Drift
C05649,L049,Type_A,leakage_current,10.117,10.385,10.958,11.292,50.0,Healthy
C05650,L050,Type_A,leakage_current,10.935,14.794,41.792,69.187,50.0,Rapid_Drift
C05651,L051,Type_A,leakage_current,10.486,10.7,11.551,12.158,50.0,Healthy
C05652,L052,Type_C,leakage_current,9.393,9.528,9.362,9.344,50.0,Healthy
C05653,L053,Type_A,leakage_current,9.342,11.302,23.266,34.884,50.0,Latent_Defect
C05654,L054,Type_C,leakage_current,8.614,8.981,9.728,10.645,50.0,Healthy
C05655,L055,Type_B,leakage_current,11.353,11.601,12.371,13.184,50.0,Healthy
C05656,L056,Type_A,leakage_current,8.996,9.249,9.956,10.712,50.0,Healthy
C05657,L057,Type_A,leakage_current,11.079,11.154,11.713,12.15,50.0,Healthy
C05658,L058,Type_A,leakage_current,10.814,13.838,40.825,67.781,50.0,Rapid_Drift
C05659,L059,Type_A,leakage_current,10.479,10.824,11.335,11.806,50.0,Healthy
C05660,L060,Type_A,leakage_current,10.653,10.871,10.992,11.421,50.0,Healthy
C05661,L061,Type_A,leakage_current,10.585,10.751,11.378,11.787,50.0,Healthy
C05662,L062,Type_A,leakage_current,10.861,10.924,11.66,12.21,50.0,Healthy
C05663,L063,Type_B,leakage_current,10.661,10.918,11.19,11.674,50.0,Healthy
C05664,L064,Type_A,leakage_current,9.812,9.974,10.424,11.007,50.0,Healthy
C05665,L065,Type_B,leakage_current,11.172,11.312,11.72,11.951,50.0,Healthy
C05666,L066,Type_A,leakage_current,8.889,8.951,9.844,10.569,50.0,Healthy
C05667,L067,Type_C,leakage_current,9.245,12.864,32.982,53.29,50.0,Rapid_Drift
C05668,L068,Type_C,leakage_current,7.983,8.368,9.16,9.889,50.0,Healthy
C05669,L069,Type_B,leakage_current,11.444,11.678,12.318,13.236,50.0,Healthy
C05670,L070,Type_A,leakage_current,9.398,9.522,9.686,10.067,50.0,Healthy
C05671,L071,Type_A,leakage_current,11.104,11.435,12.151,12.99,50.0,Healthy
C05672,L072,Type_B,leakage_current,10.687,11.201,12.059,12.964,50.0,Healthy
C05673,L073,Type_A,leakage_current,9.939,10.205,10.492,11.054,50.0,Healthy
C05674,L074,Type_C,leakage_current,9.626,9.773,10.309,10.92,50.0,Healthy
C05675,L075,Type_A,leakage_current,10.144,10.253,10.784,11.485,50.0,Healthy
C05676,L076,Type_A,leakage_current,11.054,11.137,11.459,11.712,50.0,Healthy
C05677,L077,Type_A,leakage_current,10.119,10.31,10.553,11.03,50.0,Healthy
C05678,L078,Type_A,leakage_current,9.47,9.857,10.714,11.747,50.0,Healthy
C05679,L079,Type_C,leakage_current,9.597,9.768,10.729,11.69,50.0,Healthy
C05680,L080,Type_A,leakage_current,10.508,10.665,10.996,11.386,50.0,Healthy
C05681,L081,Type_B,leakage_current,10.353,10.474,10.737,10.727,50.0,Healthy
C05682,L082,Type_A,leakage_current,10.438,13.189,37.74,61.83,50.0,Rapid_Drift
C05683,L083,Type_A,leakage_current,10.836,11.203,11.665,12.192,50.0,Healthy
C05684,L084,Type_B,leakage_current,11.283,11.473,12.27,12.952,50.0,Healthy
C05685,L085,Type_A,leakage_current,10.216,10.403,10.851,11.513,50.0,Healthy
C05686,L086,Type_C,leakage_current,9.639,9.767,10.399,10.976,50.0,Healthy
C05687,L087,Type_B,leakage_current,11.477,11.759,12.737,13.231,50.0,Healthy
C05688,L088,Type_A,leakage_current,9.662,10.197,10.835,11.841,50.0,Healthy
C05689,L089,Type_B,leakage_current,9.884,9.998,10.259,10.57,50.0,Healthy
C05690,L090,Type_B,leakage_current,10.914,14.071,31.56,48.698,50.0,Rapid_Drift
C05691,L091,Type_A,leakage_current,11.171,11.48,12.269,12.867,50.0,Healthy
C05692,L092,Type_A,leakage_current,9.516,9.764,10.882,11.595,50.0,Healthy
C05693,L093,Type_B,leakage_current,10.447,10.702,11.088,11.493,50.0,Healthy
C05694,L094,Type_A,leakage_current,9.562,9.62,10.311,11.049,50.0,Healthy
C05695,L095,Type_A,leakage_current,8.814,9.401,10.09,10.56,50.0,Healthy
C05696,L096,Type_B,leakage_current,10.322,10.455,11.167,12.039,50.0,Healthy
C05697,L097,Type_A,leakage_current,9.76,10.052,10.552,11.124,50.0,Healthy
C05698,L098,Type_A,leakage_current,9.364,9.348,10.063,10.393,50.0,Healthy
C05699,L099,Type_A,leakage_current,10.328,13.483,37.454,62.061,50.0,Rapid_Drift
C05700,L100,Type_B,leakage_current,11.633,11.692,12.376,13.091,50.0,Healthy
C05701,L001,Type_A,leakage_current,10.78,11.919,28.514,44.885,50.0,Latent_Defect
C05702,L002,Type_A,leakage_current,9.797,9.735,10.257,10.774,50.0,Healthy
C05703,L003,Type_A,leakage_current,10.414,12.094,25.77,39.382,50.0,Latent_Defect
C05704,L004,Type_B,leakage_current,10.43,10.541,10.875,11.014,50.0,Healthy
C05705,L005,Type_B,leakage_current,10.783,10.978,11.799,12.667,50.0,Healthy
C05706,L006,Type_B,leakage_current,11.112,11.28,12.004,13.141,50.0,Healthy
C05707,L007,Type_B,leakage_current,10.93,11.146,11.476,11.855,50.0,Healthy
C05708,L008,Type_A,leakage_current,10.07,11.759,29.112,45.242,50.0,Latent_Defect
C05709,L009,Type_C,leakage_current,8.36,11.284,33.118,54.829,50.0,Rapid_Drift
C05710,L010,Type_C,leakage_current,10.113,10.254,10.819,10.91,50.0,Healthy
C05711,L011,Type_A,leakage_current,9.318,10.866,31.457,47.44,50.0,Latent_Defect
C05712,L012,Type_A,leakage_current,11.547,11.645,12.238,12.795,50.0,Healthy
C05713,L013,Type_B,leakage_current,11.422,11.633,12.39,13.139,50.0,Healthy
C05714,L014,Type_A,leakage_current,9.266,11.22,28.619,40.89,50.0,Latent_Defect
C05715,L015,Type_A,leakage_current,10.42,10.621,10.938,11.033,50.0,Healthy
C05716,L016,Type_A,leakage_current,9.852,9.92,10.394,10.55,50.0,Healthy
C05717,L017,Type_A,leakage_current,9.776,10.13,11.164,12.26,50.0,Healthy
C05718,L018,Type_A,leakage_current,9.706,10.002,10.716,11.496,50.0,Healthy
C05719,L019,Type_B,leakage_current,10.374,10.55,10.952,11.245,50.0,Healthy
C05720,L020,Type_A,leakage_current,10.032,10.404,10.604,10.985,50.0,Healthy
C05721,L021,Type_B,leakage_current,11.353,11.77,12.271,12.814,50.0,Healthy
C05722,L022,Type_B,leakage_current,10.489,10.555,10.948,11.51,50.0,Healthy
C05723,L023,Type_B,leakage_current,11.117,11.188,11.762,12.467,50.0,Healthy
C05724,L024,Type_C,leakage_current,8.68,10.858,27.8,44.862,50.0,Latent_Defect
C05725,L025,Type_A,leakage_current,9.883,9.949,10.635,11.018,50.0,Healthy
C05726,L026,Type_B,leakage_current,11.778,11.855,12.297,12.707,50.0,Healthy
C05727,L027,Type_A,leakage_current,9.651,11.226,31.124,46.912,50.0,Latent_Defect
C05728,L028,Type_A,leakage_current,10.429,10.731,11.659,12.141,50.0,Healthy
C05729,L029,Type_A,leakage_current,10.983,11.35,12.086,12.402,50.0,Healthy
C05730,L030,Type_C,leakage_current,8.652,8.708,9.143,9.865,50.0,Healthy
C05731,L031,Type_A,leakage_current,11.218,11.245,11.757,12.503,50.0,Healthy
C05732,L032,Type_B,leakage_current,10.271,10.646,11.188,12.006,50.0,Healthy
C05733,L033,Type_B,leakage_current,11.303,11.668,12.388,13.144,50.0,Healthy
C05734,L034,Type_A,leakage_current,10.482,10.822,11.935,13.18,50.0,Healthy
C05735,L035,Type_A,leakage_current,10.759,10.874,11.488,12.676,50.0,Healthy
C05736,L036,Type_B,leakage_current,11.063,14.44,32.737,51.187,50.0,Rapid_Drift
C05737,L037,Type_A,leakage_current,10.846,11.009,11.283,11.666,50.0,Healthy
C05738,L038,Type_A,leakage_current,10.842,10.959,11.401,11.582,50.0,Healthy
C05739,L039,Type_A,leakage_current,9.351,9.607,10.233,10.66,50.0,Healthy
C05740,L040,Type_A,leakage_current,10.622,10.973,11.391,11.936,50.0,Healthy
C05741,L041,Type_B,leakage_current,11.302,11.368,12.059,12.415,50.0,Healthy
C05742,L042,Type_A,leakage_current,9.907,18.419,43.481,69.515,50.0,Obvious_Failure
C05743,L043,Type_B,leakage_current,10.748,11.088,12.292,13.137,50.0,Healthy
C05744,L044,Type_A,leakage_current,10.406,10.667,11.397,12.241,50.0,Healthy
C05745,L045,Type_A,leakage_current,9.926,10.196,10.894,11.618,50.0,Healthy
C05746,L046,Type_A,leakage_current,9.477,9.504,10.022,10.649,50.0,Healthy
C05747,L047,Type_B,leakage_current,11.181,11.45,11.768,12.327,50.0,Healthy
C05748,L048,Type_B,leakage_current,11.199,13.343,28.481,38.513,50.0,Latent_Defect
C05749,L049,Type_A,leakage_current,10.022,10.248,11.125,11.825,50.0,Healthy
C05750,L050,Type_A,leakage_current,10.585,10.901,12.038,13.066,50.0,Healthy
C05751,L051,Type_B,leakage_current,10.687,10.877,11.286,11.935,50.0,Healthy
C05752,L052,Type_A,leakage_current,10.151,10.376,11.26,11.761,50.0,Healthy
C05753,L053,Type_A,leakage_current,10.029,10.099,10.594,10.934,50.0,Healthy
C05754,L054,Type_B,leakage_current,10.985,11.034,11.512,12.206,50.0,Healthy
C05755,L055,Type_A,leakage_current,10.551,10.669,11.273,11.972,50.0,Healthy
C05756,L056,Type_A,leakage_current,10.58,17.764,39.714,61.155,50.0,Obvious_Failure
C05757,L057,Type_A,leakage_current,10.554,10.734,11.635,12.472,50.0,Healthy
C05758,L058,Type_C,leakage_current,10.201,10.217,10.652,10.921,50.0,Healthy
C05759,L059,Type_A,leakage_current,9.57,9.802,10.414,10.98,50.0,Healthy
C05760,L060,Type_A,leakage_current,9.254,10.864,28.49,40.183,50.0,Latent_Defect
C05761,L061,Type_C,leakage_current,8.534,8.579,9.143,9.724,50.0,Healthy
C05762,L062,Type_A,leakage_current,10.979,11.11,12.26,13.056,50.0,Healthy
C05763,L063,Type_B,leakage_current,10.185,11.942,24.396,37.186,50.0,Latent_Defect
C05764,L064,Type_C,leakage_current,8.065,8.441,8.98,9.609,50.0,Healthy
C05765,L065,Type_A,leakage_current,9.319,9.452,10.069,10.447,50.0,Healthy
C05766,L066,Type_B,leakage_current,11.361,18.47,38.779,58.611,50.0,Obvious_Failure
C05767,L067,Type_A,leakage_current,10.145,10.273,10.823,11.617,50.0,Healthy
C05768,L068,Type_A,leakage_current,10.448,10.713,10.96,11.575,50.0,Healthy
C05769,L069,Type_C,leakage_current,9.385,9.483,9.82,10.732,50.0,Healthy
C05770,L070,Type_A,leakage_current,9.845,10.023,10.324,10.768,50.0,Healthy
C05771,L071,Type_A,leakage_current,9.951,12.86,38.928,65.226,50.0,Rapid_Drift
C05772,L072,Type_B,leakage_current,9.849,10.192,10.97,11.758,50.0,Healthy
C05773,L073,Type_A,leakage_current,10.209,10.629,11.659,12.178,50.0,Healthy
C05774,L074,Type_A,leakage_current,10.476,10.608,11.157,11.593,50.0,Healthy
C05775,L075,Type_A,leakage_current,8.101,10.542,28.023,45.203,50.0,Latent_Defect
C05776,L076,Type_A,leakage_current,10.309,12.151,28.297,38.952,50.0,Latent_Defect
C05777,L077,Type_B,leakage_current,10.911,11.118,11.845,12.567,50.0,Healthy
C05778,L078,Type_A,leakage_current,10.435,10.94,11.946,12.466,50.0,Healthy
C05779,L079,Type_B,leakage_current,10.67,11.031,11.397,11.889,50.0,Healthy
C05780,L080,Type_C,leakage_current,11.246,10.966,11.417,11.858,50.0,Healthy
C05781,L081,Type_B,leakage_current,11.612,11.703,12.567,13.097,50.0,Healthy
C05782,L082,Type_B,leakage_current,11.534,12.753,27.87,43.364,50.0,Latent_Defect
C05783,L083,Type_C,leakage_current,9.134,9.348,9.847,10.431,50.0,Healthy
C05784,L084,Type_A,leakage_current,9.787,11.139,27.402,38.7,50.0,Latent_Defect
C05785,L085,Type_A,leakage_current,8.881,9.126,9.864,10.569,50.0,Healthy
C05786,L086,Type_B,leakage_current,10.957,11.317,11.766,12.448,50.0,Healthy
C05787,L087,Type_A,leakage_current,10.002,10.446,11.301,12.026,50.0,Healthy
C05788,L088,Type_A,leakage_current,10.008,10.065,10.985,11.638,50.0,Healthy
C05789,L089,Type_B,leakage_current,9.223,9.46,10.131,10.475,50.0,Healthy
C05790,L090,Type_A,leakage_current,9.655,9.793,10.266,10.778,50.0,Healthy
C05791,L091,Type_B,leakage_current,10.406,10.598,10.742,10.592,50.0,Healthy
C05792,L092,Type_C,leakage_current,10.469,10.904,11.803,12.302,50.0,Healthy
C05793,L093,Type_B,leakage_current,11.137,11.196,11.825,12.638,50.0,Healthy
C05794,L094,Type_B,leakage_current,9.676,13.144,30.017,46.627,50.0,Rapid_Drift
C05795,L095,Type_A,leakage_current,10.403,10.612,11.322,12.176,50.0,Healthy
C05796,L096,Type_A,leakage_current,9.504,9.975,10.555,10.876,50.0,Healthy
C05797,L097,Type_C,leakage_current,9.678,9.743,10.291,11.079,50.0,Healthy
C05798,L098,Type_B,leakage_current,10.927,11.148,12.057,12.916,50.0,Healthy
C05799,L099,Type_A,leakage_current,8.235,8.465,8.579,9.014,50.0,Healthy
C05800,L100,Type_B,leakage_current,11.719,11.605,11.909,12.153,50.0,Healthy
C05801,L001,Type_B,leakage_current,9.942,12.311,25.687,39.813,50.0,Latent_Defect
C05802,L002,Type_B,leakage_current,11.198,11.486,11.982,12.523,50.0,Healthy
C05803,L003,Type_B,leakage_current,11.18,11.197,11.567,12.114,50.0,Healthy
C05804,L004,Type_A,leakage_current,9.065,9.368,10.062,10.995,50.0,Healthy
C05805,L005,Type_A,leakage_current,10.394,17.433,37.882,58.458,50.0,Obvious_Failure
C05806,L006,Type_B,leakage_current,10.762,11.112,11.668,12.298,50.0,Healthy
C05807,L007,Type_A,leakage_current,10.721,11.038,11.646,12.723,50.0,Healthy
C05808,L008,Type_A,leakage_current,10.216,10.496,11.051,11.323,50.0,Healthy
C05809,L009,Type_A,leakage_current,9.254,9.224,10.153,11.206,50.0,Healthy
C05810,L010,Type_A,leakage_current,10.353,10.664,11.448,12.261,50.0,Healthy
C05811,L011,Type_B,leakage_current,10.812,10.875,11.334,11.802,50.0,Healthy
C05812,L012,Type_A,leakage_current,10.634,11.802,29.7,47.478,50.0,Latent_Defect
C05813,L013,Type_A,leakage_current,10.563,10.744,11.226,11.673,50.0,Healthy
C05814,L014,Type_A,leakage_current,9.957,12.358,32.162,52.038,50.0,Rapid_Drift
C05815,L015,Type_A,leakage_current,10.732,10.706,10.723,10.803,50.0,Healthy
C05816,L016,Type_B,leakage_current,9.964,10.193,11.128,12.103,50.0,Healthy
C05817,L017,Type_C,leakage_current,8.794,9.061,9.697,10.475,50.0,Healthy
C05818,L018,Type_A,leakage_current,9.758,9.869,10.386,10.57,50.0,Healthy
C05819,L019,Type_B,leakage_current,10.385,10.508,11.201,12.141,50.0,Healthy
C05820,L020,Type_A,leakage_current,10.548,10.463,10.974,11.385,50.0,Healthy
C05821,L021,Type_C,leakage_current,9.692,9.569,9.831,10.321,50.0,Healthy
C05822,L022,Type_A,leakage_current,9.99,10.229,10.917,11.214,50.0,Healthy
C05823,L023,Type_C,leakage_current,8.459,8.706,9.314,10.175,50.0,Healthy
C05824,L024,Type_B,leakage_current,10.294,10.478,10.921,11.764,50.0,Healthy
C05825,L025,Type_C,leakage_current,10.425,10.556,11.051,11.443,50.0,Healthy
C05826,L026,Type_C,leakage_current,8.998,9.288,9.955,10.606,50.0,Healthy
C05827,L027,Type_A,leakage_current,10.559,10.562,10.89,11.296,50.0,Healthy
C05828,L028,Type_A,leakage_current,9.364,9.593,9.779,9.953,50.0,Healthy
C05829,L029,Type_A,leakage_current,9.617,9.871,10.509,11.1,50.0,Healthy
C05830,L030,Type_A,leakage_current,9.621,10.036,10.668,11.343,50.0,Healthy
C05831,L031,Type_A,leakage_current,10.333,10.393,11.153,11.77,50.0,Healthy
C05832,L032,Type_A,leakage_current,9.534,14.756,29.529,44.459,50.0,Obvious_Failure
C05833,L033,Type_B,leakage_current,12.533,12.881,12.958,13.716,50.0,Healthy
C05834,L034,Type_A,leakage_current,9.266,9.394,10.132,10.707,50.0,Healthy
C05835,L035,Type_A,leakage_current,9.391,9.591,10.165,10.647,50.0,Healthy
C05836,L036,Type_B,leakage_current,10.138,11.629,27.173,42.396,50.0,Latent_Defect
C05837,L037,Type_B,leakage_current,10.51,10.704,11.324,12.134,50.0,Healthy
C05838,L038,Type_A,leakage_current,9.351,9.687,9.956,10.546,50.0,Healthy
C05839,L039,Type_A,leakage_current,10.411,10.452,10.979,11.446,50.0,Healthy
C05840,L040,Type_B,leakage_current,11.548,13.712,29.044,44.03,50.0,Latent_Defect
C05841,L041,Type_C,leakage_current,9.642,9.85,10.122,10.381,50.0,Healthy
C05842,L042,Type_B,leakage_current,9.908,10.242,11.092,11.919,50.0,Healthy
C05843,L043,Type_A,leakage_current,9.562,9.616,9.843,9.722,50.0,Healthy
C05844,L044,Type_A,leakage_current,10.296,16.996,36.925,57.715,50.0,Obvious_Failure
C05845,L045,Type_A,leakage_current,9.648,9.799,10.726,11.329,50.0,Healthy
C05846,L046,Type_B,leakage_current,9.876,10.092,10.579,11.064,50.0,Healthy
C05847,L047,Type_A,leakage_current,9.916,10.054,10.683,11.316,50.0,Healthy
C05848,L048,Type_A,leakage_current,9.229,12.005,29.748,47.65,50.0,Rapid_Drift
C05849,L049,Type_B,leakage_current,10.799,11.193,12.257,13.266,50.0,Healthy
C05850,L050,Type_A,leakage_current,10.501,10.616,11.451,12.552,50.0,Healthy
C05851,L051,Type_C,leakage_current,10.09,10.172,11.217,11.753,50.0,Healthy
C05852,L052,Type_A,leakage_current,9.267,11.244,29.346,38.284,50.0,Latent_Defect
C05853,L053,Type_B,leakage_current,11.766,12.029,12.887,13.594,50.0,Healthy
C05854,L054,Type_B,leakage_current,10.565,10.734,11.414,12.004,50.0,Healthy
C05855,L055,Type_B,leakage_current,10.786,11.232,12.291,13.259,50.0,Healthy
C05856,L056,Type_B,leakage_current,11.396,11.787,12.314,12.883,50.0,Healthy
C05857,L057,Type_A,leakage_current,8.518,8.68,9.119,9.758,50.0,Healthy
C05858,L058,Type_A,leakage_current,9.768,9.883,10.498,10.974,50.0,Healthy
C05859,L059,Type_B,leakage_current,10.494,10.717,11.378,12.119,50.0,Healthy
C05860,L060,Type_A,leakage_current,8.54,8.738,9.052,9.578,50.0,Healthy
C05861,L061,Type_A,leakage_current,9.799,10.082,10.397,10.905,50.0,Healthy
C05862,L062,Type_B,leakage_current,11.132,11.571,12.155,12.777,50.0,Healthy
C05863,L063,Type_C,leakage_current,8.658,8.547,8.455,8.835,50.0,Healthy
C05864,L064,Type_A,leakage_current,10.225,11.897,32.778,47.919,50.0,Latent_Defect
C05865,L065,Type_B,leakage_current,11.125,14.434,36.479,58.103,50.0,Rapid_Drift
C05866,L066,Type_C,leakage_current,9.841,9.962,10.619,11.427,50.0,Healthy
C05867,L067,Type_A,leakage_current,9.77,9.849,10.37,11.028,50.0,Healthy
C05868,L068,Type_A,leakage_current,10.558,10.762,11.313,11.779,50.0,Healthy
C05869,L069,Type_A,leakage_current,10.973,11.084,11.355,11.472,50.0,Healthy
C05870,L070,Type_A,leakage_current,8.64,16.687,40.805,64.928,50.0,Obvious_Failure
C05871,L071,Type_A,leakage_current,10.017,10.353,11.309,12.036,50.0,Healthy
C05872,L072,Type_A,leakage_current,10.381,10.533,11.121,11.199,50.0,Healthy
C05873,L073,Type_A,leakage_current,9.43,9.803,10.299,11.085,50.0,Healthy
C05874,L074,Type_A,leakage_current,11.271,11.456,11.866,12.377,50.0,Healthy
C05875,L075,Type_A,leakage_current,10.273,10.37,10.764,11.349,50.0,Healthy
C05876,L076,Type_B,leakage_current,11.888,12.02,12.426,12.84,50.0,Healthy
C05877,L077,Type_B,leakage_current,10.493,10.721,11.473,12.334,50.0,Healthy
C05878,L078,Type_C,leakage_current,8.62,8.793,9.221,9.977,50.0,Healthy
C05879,L079,Type_B,leakage_current,10.245,10.352,11.244,12.076,50.0,Healthy
C05880,L080,Type_B,leakage_current,10.964,11.117,11.939,12.553,50.0,Healthy
C05881,L081,Type_B,leakage_current,10.463,14.132,36.763,59.372,50.0,Rapid_Drift
C05882,L082,Type_B,leakage_current,10.697,10.808,11.422,11.859,50.0,Healthy
C05883,L083,Type_A,leakage_current,10.229,10.476,11.057,11.763,50.0,Healthy
C05884,L084,Type_C,leakage_current,9.343,9.444,10.34,10.906,50.0,Healthy
C05885,L085,Type_A,leakage_current,9.993,10.52,11.454,12.064,50.0,Healthy
C05886,L086,Type_A,leakage_current,10.426,10.718,11.122,11.65,50.0,Healthy
C05887,L087,Type_A,leakage_current,8.729,8.891,9.662,10.472,50.0,Healthy
C05888,L088,Type_A,leakage_current,9.318,9.413,9.929,10.321,50.0,Healthy
C05889,L089,Type_B,leakage_current,10.048,10.203,10.763,10.875,50.0,Healthy
C05890,L090,Type_C,leakage_current,10.425,10.754,11.197,11.318,50.0,Healthy
C05891,L091,Type_A,leakage_current,8.859,8.991,9.364,10.109,50.0,Healthy
C05892,L092,Type_A,leakage_current,9.744,12.888,41.375,69.1,50.0,Rapid_Drift
C05893,L093,Type_B,leakage_current,11.188,11.384,11.941,12.819,50.0,Healthy
C05894,L094,Type_C,leakage_current,9.368,10.764,25.115,39.407,50.0,Latent_Defect
C05895,L095,Type_C,leakage_current,9.432,9.751,10.319,11.316,50.0,Healthy
C05896,L096,Type_B,leakage_current,12.2,12.194,12.315,12.774,50.0,Healthy
C05897,L097,Type_A,leakage_current,10.197,11.965,32.593,42.808,50.0,Latent_Defect
C05898,L098,Type_C,leakage_current,9.12,9.254,9.883,10.343,50.0,Healthy
C05899,L099,Type_A,leakage_current,9.589,9.799,10.471,10.957,50.0,Healthy
C05900,L100,Type_A,leakage_current,8.868,8.903,9.307,9.538,50.0,Healthy
C05901,L001,Type_B,leakage_current,10.605,10.558,10.589,11.037,50.0,Healthy
C05902,L002,Type_B,leakage_current,9.916,10.33,10.967,11.508,50.0,Healthy
C05903,L003,Type_A,leakage_current,10.756,10.861,11.234,11.368,50.0,Healthy
C05904,L004,Type_A,leakage_current,9.771,10.055,10.784,11.291,50.0,Healthy
C05905,L005,Type_A,leakage_current,9.763,10.151,11.198,12.194,50.0,Healthy
C05906,L006,Type_B,leakage_current,11.208,11.179,11.412,12.156,50.0,Healthy
C05907,L007,Type_B,leakage_current,11.176,11.424,12.213,13.037,50.0,Healthy
C05908,L008,Type_A,leakage_current,10.171,10.439,11.24,12.093,50.0,Healthy
C05909,L009,Type_B,leakage_current,11.128,11.291,11.804,12.167,50.0,Healthy
C05910,L010,Type_B,leakage_current,10.823,11.022,11.109,11.417,50.0,Healthy
C05911,L011,Type_A,leakage_current,9.259,9.681,10.168,10.777,50.0,Healthy
C05912,L012,Type_A,leakage_current,9.565,9.849,10.702,11.274,50.0,Healthy
C05913,L013,Type_A,leakage_current,9.712,10.001,10.728,11.667,50.0,Healthy
C05914,L014,Type_A,leakage_current,10.061,10.016,10.874,11.278,50.0,Healthy
C05915,L015,Type_A,leakage_current,10.129,10.193,10.548,10.881,50.0,Healthy
C05916,L016,Type_A,leakage_current,9.632,9.764,10.433,11.344,50.0,Healthy
C05917,L017,Type_B,leakage_current,11.466,11.513,11.747,12.288,50.0,Healthy
C05918,L018,Type_C,leakage_current,8.724,8.959,9.263,9.747,50.0,Healthy
C05919,L019,Type_A,leakage_current,9.271,9.688,10.687,11.688,50.0,Healthy
C05920,L020,Type_B,leakage_current,10.412,10.669,11.232,11.867,50.0,Healthy
C05921,L021,Type_B,leakage_current,10.877,10.922,11.472,11.576,50.0,Healthy
C05922,L022,Type_A,leakage_current,11.2,12.856,30.339,42.528,50.0,Latent_Defect
C05923,L023,Type_A,leakage_current,9.873,10.195,10.834,11.433,50.0,Healthy
C05924,L024,Type_B,leakage_current,10.863,11.021,11.475,12.197,50.0,Healthy
C05925,L025,Type_B,leakage_current,10.762,10.892,11.581,12.435,50.0,Healthy
C05926,L026,Type_A,leakage_current,10.159,10.417,11.029,11.962,50.0,Healthy
C05927,L027,Type_B,leakage_current,11.83,14.813,32.968,51.386,50.0,Rapid_Drift
C05928,L028,Type_A,leakage_current,10.361,10.701,11.11,11.884,50.0,Healthy
C05929,L029,Type_A,leakage_current,9.36,11.771,32.134,51.88,50.0,Rapid_Drift
C05930,L030,Type_A,leakage_current,9.979,10.304,11.165,11.791,50.0,Healthy
C05931,L031,Type_A,leakage_current,9.803,11.658,31.417,47.239,50.0,Latent_Defect
C05932,L032,Type_A,leakage_current,9.654,9.778,10.465,11.173,50.0,Healthy
C05933,L033,Type_B,leakage_current,11.034,11.474,12.305,13.342,50.0,Healthy
C05934,L034,Type_C,leakage_current,9.314,18.221,45.173,72.284,50.0,Obvious_Failure
C05935,L035,Type_C,leakage_current,9.385,9.639,10.289,10.916,50.0,Healthy
C05936,L036,Type_B,leakage_current,11.385,11.606,11.766,12.547,50.0,Healthy
C05937,L037,Type_A,leakage_current,10.175,10.288,10.684,11.333,50.0,Healthy
C05938,L038,Type_A,leakage_current,10.248,10.411,11.098,11.609,50.0,Healthy
C05939,L039,Type_A,leakage_current,8.539,8.893,10.131,10.994,50.0,Healthy
C05940,L040,Type_A,leakage_current,10.427,13.136,37.561,61.862,50.0,Rapid_Drift
C05941,L041,Type_B,leakage_current,10.348,10.458,11.034,11.565,50.0,Healthy
C05942,L042,Type_A,leakage_current,10.825,10.963,11.33,11.613,50.0,Healthy
C05943,L043,Type_A,leakage_current,10.106,10.394,11.274,11.295,50.0,Healthy
C05944,L044,Type_B,leakage_current,10.525,14.269,40.913,67.859,50.0,Rapid_Drift
C05945,L045,Type_B,leakage_current,10.692,12.539,26.352,39.511,50.0,Latent_Defect
C05946,L046,Type_A,leakage_current,9.46,11.56,31.254,40.189,50.0,Latent_Defect
C05947,L047,Type_B,leakage_current,10.142,10.281,11.016,12.103,50.0,Healthy
C05948,L048,Type_A,leakage_current,10.282,13.646,38.486,62.948,50.0,Rapid_Drift
C05949,L049,Type_B,leakage_current,9.931,10.173,11.187,12.25,50.0,Healthy
C05950,L050,Type_A,leakage_current,10.886,10.911,11.713,12.67,50.0,Healthy
C05951,L051,Type_B,leakage_current,10.898,11.105,11.504,11.376,50.0,Healthy
C05952,L052,Type_C,leakage_current,10.397,10.551,10.941,11.096,50.0,Healthy
C05953,L053,Type_C,leakage_current,9.785,9.983,10.961,11.971,50.0,Healthy
C05954,L054,Type_A,leakage_current,9.9,11.348,28.419,41.993,50.0,Latent_Defect
C05955,L055,Type_B,leakage_current,10.497,10.723,11.165,11.661,50.0,Healthy
C05956,L056,Type_C,leakage_current,9.885,10.283,11.174,11.934,50.0,Healthy
C05957,L057,Type_C,leakage_current,9.69,9.909,10.576,11.214,50.0,Healthy
C05958,L058,Type_B,leakage_current,10.58,10.767,11.164,11.474,50.0,Healthy
C05959,L059,Type_A,leakage_current,9.907,10.148,10.686,11.372,50.0,Healthy
C05960,L060,Type_B,leakage_current,9.432,9.618,10.415,11.309,50.0,Healthy
C05961,L061,Type_C,leakage_current,9.286,9.712,10.386,11.077,50.0,Healthy
C05962,L062,Type_A,leakage_current,10.119,10.426,11.431,12.252,50.0,Healthy
C05963,L063,Type_B,leakage_current,11.07,11.267,12.315,13.448,50.0,Healthy
C05964,L064,Type_A,leakage_current,11.347,13.889,28.004,42.021,50.0,Latent_Defect
C05965,L065,Type_B,leakage_current,11.36,11.59,12.057,12.258,50.0,Healthy
C05966,L066,Type_A,leakage_current,9.148,9.363,10.072,10.629,50.0,Healthy
C05967,L067,Type_A,leakage_current,8.761,10.634,22.816,35.215,50.0,Latent_Defect
C05968,L068,Type_A,leakage_current,9.74,10.01,10.358,11.1,50.0,Healthy
C05969,L069,Type_B,leakage_current,9.96,9.82,10.422,11.096,50.0,Healthy
C05970,L070,Type_A,leakage_current,10.467,10.713,11.146,11.658,50.0,Healthy
C05971,L071,Type_B,leakage_current,11.889,12.016,12.661,12.683,50.0,Healthy
C05972,L072,Type_B,leakage_current,10.276,10.516,11.043,11.662,50.0,Healthy
C05973,L073,Type_B,leakage_current,9.802,9.753,10.516,10.911,50.0,Healthy
C05974,L074,Type_B,leakage_current,10.412,10.623,11.095,11.673,50.0,Healthy
C05975,L075,Type_A,leakage_current,9.737,9.918,10.451,11.164,50.0,Healthy
C05976,L076,Type_B,leakage_current,10.594,10.703,11.132,11.435,50.0,Healthy
C05977,L077,Type_A,leakage_current,10.606,11.069,11.748,12.55,50.0,Healthy
C05978,L078,Type_C,leakage_current,10.173,10.32,10.697,10.976,50.0,Healthy
C05979,L079,Type_A,leakage_current,9.092,9.088,9.637,10.291,50.0,Healthy
C05980,L080,Type_A,leakage_current,11.154,11.092,11.728,12.221,50.0,Healthy
C05981,L081,Type_A,leakage_current,9.689,10.053,10.8,11.508,50.0,Healthy
C05982,L082,Type_B,leakage_current,9.216,9.293,9.786,10.477,50.0,Healthy
C05983,L083,Type_B,leakage_current,11.738,12.163,12.94,13.612,50.0,Healthy
C05984,L084,Type_C,leakage_current,9.469,9.578,10.184,10.452,50.0,Healthy
C05985,L085,Type_C,leakage_current,9.65,12.477,33.959,56.079,50.0,Rapid_Drift
C05986,L086,Type_A,leakage_current,9.638,9.864,10.359,10.804,50.0,Healthy
C05987,L087,Type_B,leakage_current,10.853,10.906,11.388,11.784,50.0,Healthy
C05988,L088,Type_A,leakage_current,9.631,9.859,10.174,10.728,50.0,Healthy
C05989,L089,Type_A,leakage_current,10.975,11.299,11.908,12.652,50.0,Healthy
C05990,L090,Type_B,leakage_current,10.119,10.252,10.712,11.339,50.0,Healthy
C05991,L091,Type_B,leakage_current,11.429,11.33,11.577,12.101,50.0,Healthy
C05992,L092,Type_A,leakage_current,10.414,10.552,11.238,11.601,50.0,Healthy
C05993,L093,Type_B,leakage_current,12.044,12.327,12.871,13.418,50.0,Healthy
C05994,L094,Type_A,leakage_current,10.427,10.76,11.527,12.057,50.0,Healthy
C05995,L095,Type_B,leakage_current,10.156,10.544,11.065,11.625,50.0,Healthy
C05996,L096,Type_A,leakage_current,9.505,9.907,10.502,10.958,50.0,Healthy
C05997,L097,Type_B,leakage_current,10.507,10.824,11.205,11.785,50.0,Healthy
C05998,L098,Type_C,leakage_current,9.152,11.401,26.841,42.78,50.0,Latent_Defect
C05999,L099,Type_C,leakage_current,8.51,8.688,8.936,9.707,50.0,Healthy
C06000,L100,Type_B,leakage_current,10.524,10.726,10.953,11.084,50.0,Healthy
C06001,L001,Type_B,leakage_current,11.836,11.97,12.528,13.46,50.0,Healthy
C06002,L002,Type_A,leakage_current,9.668,9.726,10.286,11.35,50.0,Healthy
C06003,L003,Type_A,leakage_current,10.061,10.264,11.027,11.676,50.0,Healthy
C06004,L004,Type_A,leakage_current,9.248,14.741,31.996,48.759,50.0,Obvious_Failure
C06005,L005,Type_A,leakage_current,10.4,14.239,37.957,61.652,50.0,Rapid_Drift
C06006,L006,Type_A,leakage_current,9.769,10.046,10.896,11.175,50.0,Healthy
C06007,L007,Type_C,leakage_current,9.914,10.009,10.663,11.646,50.0,Healthy
C06008,L008,Type_A,leakage_current,9.561,9.628,9.849,10.277,50.0,Healthy
C06009,L009,Type_A,leakage_current,9.661,9.998,10.664,11.393,50.0,Healthy
C06010,L010,Type_B,leakage_current,11.026,11.279,11.517,11.542,50.0,Healthy
C06011,L011,Type_A,leakage_current,10.064,13.063,38.114,63.21,50.0,Rapid_Drift
C06012,L012,Type_A,leakage_current,9.523,9.656,10.364,10.827,50.0,Healthy
C06013,L013,Type_B,leakage_current,10.369,12.834,32.318,52.082,50.0,Rapid_Drift
C06014,L014,Type_B,leakage_current,11.552,11.781,13.032,13.718,50.0,Healthy
C06015,L015,Type_A,leakage_current,8.439,8.688,9.006,9.499,50.0,Healthy
C06016,L016,Type_A,leakage_current,9.52,9.867,10.543,11.276,50.0,Healthy
C06017,L017,Type_A,leakage_current,10.028,10.342,10.79,11.214,50.0,Healthy
C06018,L018,Type_B,leakage_current,10.442,10.756,11.295,11.766,50.0,Healthy
C06019,L019,Type_A,leakage_current,9.519,13.0,33.047,53.699,50.0,Rapid_Drift
C06020,L020,Type_B,leakage_current,11.18,11.426,11.98,12.639,50.0,Healthy
C06021,L021,Type_A,leakage_current,8.76,8.952,9.471,10.113,50.0,Healthy
C06022,L022,Type_B,leakage_current,11.532,11.7,11.812,12.414,50.0,Healthy
C06023,L023,Type_C,leakage_current,8.961,9.201,9.825,10.611,50.0,Healthy
C06024,L024,Type_A,leakage_current,11.409,11.722,12.438,13.168,50.0,Healthy
C06025,L025,Type_A,leakage_current,9.473,9.772,10.01,10.471,50.0,Healthy
C06026,L026,Type_A,leakage_current,10.789,11.068,11.806,12.653,50.0,Healthy
C06027,L027,Type_A,leakage_current,10.237,10.111,10.529,10.617,50.0,Healthy
C06028,L028,Type_A,leakage_current,10.762,10.778,11.245,11.785,50.0,Healthy
C06029,L029,Type_B,leakage_current,9.891,10.083,10.575,10.883,50.0,Healthy
C06030,L030,Type_A,leakage_current,9.956,10.208,10.871,11.673,50.0,Healthy
C06031,L031,Type_B,leakage_current,10.9,11.098,11.633,12.626,50.0,Healthy
C06032,L032,Type_B,leakage_current,11.215,11.292,11.667,12.134,50.0,Healthy
C06033,L033,Type_A,leakage_current,10.212,10.463,10.768,10.896,50.0,Healthy
C06034,L034,Type_A,leakage_current,10.821,10.86,11.49,12.221,50.0,Healthy
C06035,L035,Type_A,leakage_current,9.162,9.323,9.874,10.523,50.0,Healthy
C06036,L036,Type_A,leakage_current,8.524,8.646,9.306,9.717,50.0,Healthy
C06037,L037,Type_B,leakage_current,11.918,12.254,12.825,13.593,50.0,Healthy
C06038,L038,Type_C,leakage_current,10.438,10.521,11.213,11.779,50.0,Healthy
C06039,L039,Type_A,leakage_current,8.677,8.759,9.111,9.393,50.0,Healthy
C06040,L040,Type_A,leakage_current,9.088,10.517,23.985,37.416,50.0,Latent_Defect
C06041,L041,Type_B,leakage_current,11.122,11.262,12.085,12.552,50.0,Healthy
C06042,L042,Type_A,leakage_current,10.561,10.653,11.589,12.149,50.0,Healthy
C06043,L043,Type_B,leakage_current,11.275,14.24,35.959,57.104,50.0,Rapid_Drift
C06044,L044,Type_B,leakage_current,10.931,12.676,29.156,41.16,50.0,Latent_Defect
C06045,L045,Type_A,leakage_current,10.827,11.052,11.736,11.858,50.0,Healthy
C06046,L046,Type_A,leakage_current,9.943,10.157,10.485,10.836,50.0,Healthy
C06047,L047,Type_A,leakage_current,10.598,11.965,32.382,38.597,50.0,Latent_Defect
C06048,L048,Type_A,leakage_current,10.438,10.616,11.303,12.035,50.0,Healthy
C06049,L049,Type_A,leakage_current,9.376,9.505,9.528,10.092,50.0,Healthy
C06050,L050,Type_A,leakage_current,10.212,11.676,24.481,37.445,50.0,Latent_Defect
C06051,L051,Type_B,leakage_current,11.237,12.736,33.725,39.513,50.0,Latent_Defect
C06052,L052,Type_A,leakage_current,9.964,10.083,10.506,10.704,50.0,Healthy
C06053,L053,Type_A,leakage_current,10.562,10.673,11.138,11.521,50.0,Healthy
C06054,L054,Type_A,leakage_current,9.654,9.741,10.358,10.843,50.0,Healthy
C06055,L055,Type_C,leakage_current,9.024,11.194,29.387,47.03,50.0,Latent_Defect
C06056,L056,Type_C,leakage_current,9.33,9.455,10.004,10.802,50.0,Healthy
C06057,L057,Type_A,leakage_current,9.757,11.257,26.322,40.82,50.0,Latent_Defect
C06058,L058,Type_C,leakage_current,9.399,9.713,10.296,10.885,50.0,Healthy
C06059,L059,Type_A,leakage_current,9.218,11.564,30.938,44.661,50.0,Latent_Defect
C06060,L060,Type_B,leakage_current,10.411,10.808,11.396,12.195,50.0,Healthy
C06061,L061,Type_A,leakage_current,9.96,10.231,10.652,11.021,50.0,Healthy
C06062,L062,Type_A,leakage_current,10.027,10.291,10.763,11.762,50.0,Healthy
C06063,L063,Type_B,leakage_current,11.07,11.134,11.631,12.339,50.0,Healthy
C06064,L064,Type_A,leakage_current,10.223,10.35,11.049,11.567,50.0,Healthy
C06065,L065,Type_A,leakage_current,10.565,11.019,12.205,13.012,50.0,Healthy
C06066,L066,Type_A,leakage_current,11.123,12.768,26.462,39.966,50.0,Latent_Defect
C06067,L067,Type_C,leakage_current,10.205,10.438,11.158,11.793,50.0,Healthy
C06068,L068,Type_A,leakage_current,9.389,9.649,10.226,10.965,50.0,Healthy
C06069,L069,Type_A,leakage_current,9.587,9.785,10.137,10.84,50.0,Healthy
C06070,L070,Type_C,leakage_current,8.803,8.814,8.987,9.535,50.0,Healthy
C06071,L071,Type_B,leakage_current,9.733,9.966,10.061,10.137,50.0,Healthy
C06072,L072,Type_A,leakage_current,10.932,11.052,11.32,11.55,50.0,Healthy
C06073,L073,Type_B,leakage_current,11.73,11.917,12.182,12.294,50.0,Healthy
C06074,L074,Type_A,leakage_current,9.728,9.983,11.012,11.811,50.0,Healthy
C06075,L075,Type_B,leakage_current,10.741,12.922,32.524,44.936,50.0,Latent_Defect
C06076,L076,Type_A,leakage_current,10.846,11.339,12.153,12.765,50.0,Healthy
C06077,L077,Type_A,leakage_current,10.065,13.888,35.222,56.242,50.0,Rapid_Drift
C06078,L078,Type_B,leakage_current,9.967,10.283,11.053,11.59,50.0,Healthy
C06079,L079,Type_A,leakage_current,10.106,10.324,10.779,11.558,50.0,Healthy
C06080,L080,Type_C,leakage_current,9.28,9.532,10.295,10.962,50.0,Healthy
C06081,L081,Type_A,leakage_current,11.39,11.408,11.842,12.124,50.0,Healthy
C06082,L082,Type_A,leakage_current,10.486,10.77,11.452,12.026,50.0,Healthy
C06083,L083,Type_B,leakage_current,11.11,13.419,28.839,45.055,50.0,Latent_Defect
C06084,L084,Type_C,leakage_current,9.589,9.942,10.312,10.585,50.0,Healthy
C06085,L085,Type_B,leakage_current,10.947,11.217,11.521,12.375,50.0,Healthy
C06086,L086,Type_B,leakage_current,10.294,10.362,10.876,11.221,50.0,Healthy
C06087,L087,Type_B,leakage_current,11.012,11.182,11.928,12.677,50.0,Healthy
C06088,L088,Type_C,leakage_current,9.244,10.817,24.325,38.026,50.0,Latent_Defect
C06089,L089,Type_B,leakage_current,10.444,10.741,11.349,12.358,50.0,Healthy
C06090,L090,Type_B,leakage_current,11.061,13.36,31.561,43.45,50.0,Latent_Defect
C06091,L091,Type_C,leakage_current,9.144,9.277,9.889,10.565,50.0,Healthy
C06092,L092,Type_A,leakage_current,10.187,10.351,10.902,11.585,50.0,Healthy
C06093,L093,Type_A,leakage_current,9.79,9.94,10.53,11.16,50.0,Healthy
C06094,L094,Type_A,leakage_current,9.316,13.052,38.495,63.267,50.0,Rapid_Drift
C06095,L095,Type_A,leakage_current,9.672,9.789,10.438,10.808,50.0,Healthy
C06096,L096,Type_A,leakage_current,9.971,10.298,10.762,11.232,50.0,Healthy
C06097,L097,Type_B,leakage_current,12.213,12.428,12.8,13.63,50.0,Healthy
C06098,L098,Type_A,leakage_current,9.633,9.904,10.619,11.007,50.0,Healthy
C06099,L099,Type_A,leakage_current,9.656,12.71,29.815,46.641,50.0,Rapid_Drift
C06100,L100,Type_A,leakage_current,10.099,10.687,11.304,12.224,50.0,Healthy
C06101,L001,Type_C,leakage_current,8.856,16.129,37.704,59.581,50.0,Obvious_Failure
C06102,L002,Type_C,leakage_current,9.005,9.184,9.792,10.218,50.0,Healthy
C06103,L003,Type_A,leakage_current,10.373,12.447,30.446,43.713,50.0,Latent_Defect
C06104,L004,Type_B,leakage_current,11.0,11.215,11.68,11.952,50.0,Healthy
C06105,L005,Type_A,leakage_current,10.453,10.573,11.026,11.526,50.0,Healthy
C06106,L006,Type_A,leakage_current,10.274,10.602,11.107,11.434,50.0,Healthy
C06107,L007,Type_C,leakage_current,9.029,9.593,10.376,11.24,50.0,Healthy
C06108,L008,Type_A,leakage_current,10.191,10.57,11.098,11.437,50.0,Healthy
C06109,L009,Type_A,leakage_current,9.431,9.631,10.441,11.309,50.0,Healthy
C06110,L010,Type_B,leakage_current,10.527,13.97,30.899,48.134,50.0,Rapid_Drift
C06111,L011,Type_B,leakage_current,10.815,10.95,11.717,12.302,50.0,Healthy
C06112,L012,Type_A,leakage_current,10.387,12.397,32.144,39.75,50.0,Latent_Defect
C06113,L013,Type_B,leakage_current,10.574,10.702,11.47,12.029,50.0,Healthy
C06114,L014,Type_C,leakage_current,10.546,10.629,11.078,11.641,50.0,Healthy
C06115,L015,Type_A,leakage_current,9.73,13.644,38.705,64.651,50.0,Rapid_Drift
C06116,L016,Type_C,leakage_current,9.905,9.932,10.326,10.298,50.0,Healthy
C06117,L017,Type_B,leakage_current,10.883,10.933,11.74,12.772,50.0,Healthy
C06118,L018,Type_A,leakage_current,9.848,9.66,10.045,10.04,50.0,Healthy
C06119,L019,Type_A,leakage_current,8.674,8.84,9.263,10.419,50.0,Healthy
C06120,L020,Type_A,leakage_current,9.908,9.999,10.351,10.974,50.0,Healthy
C06121,L021,Type_B,leakage_current,10.943,17.689,37.084,57.427,50.0,Obvious_Failure
C06122,L022,Type_C,leakage_current,9.334,9.704,10.666,11.868,50.0,Healthy
C06123,L023,Type_C,leakage_current,9.277,9.411,9.921,11.003,50.0,Healthy
C06124,L024,Type_A,leakage_current,9.865,10.212,10.75,11.262,50.0,Healthy
C06125,L025,Type_B,leakage_current,10.227,10.452,10.996,11.49,50.0,Healthy
C06126,L026,Type_B,leakage_current,11.301,11.265,11.964,12.449,50.0,Healthy
C06127,L027,Type_B,leakage_current,11.612,19.095,41.486,64.121,50.0,Obvious_Failure
C06128,L028,Type_A,leakage_current,8.434,8.682,9.005,9.439,50.0,Healthy
C06129,L029,Type_A,leakage_current,10.331,10.309,10.743,10.953,50.0,Healthy
C06130,L030,Type_C,leakage_current,10.229,10.478,11.198,11.927,50.0,Healthy
C06131,L031,Type_A,leakage_current,10.048,10.212,10.61,11.14,50.0,Healthy
C06132,L032,Type_A,leakage_current,9.929,10.017,10.372,10.548,50.0,Healthy
C06133,L033,Type_B,leakage_current,9.945,9.961,10.868,11.815,50.0,Healthy
C06134,L034,Type_B,leakage_current,10.644,18.109,40.433,62.721,50.0,Obvious_Failure
C06135,L035,Type_B,leakage_current,10.679,13.814,33.344,53.471,50.0,Rapid_Drift
C06136,L036,Type_A,leakage_current,8.84,9.104,9.761,10.324,50.0,Healthy
C06137,L037,Type_B,leakage_current,9.536,9.661,10.624,11.463,50.0,Healthy
C06138,L038,Type_C,leakage_current,10.209,10.474,11.338,12.144,50.0,Healthy
C06139,L039,Type_B,leakage_current,10.213,13.611,32.556,52.874,50.0,Rapid_Drift
C06140,L040,Type_B,leakage_current,11.442,11.528,12.115,12.661,50.0,Healthy
C06141,L041,Type_A,leakage_current,9.63,9.952,10.842,11.566,50.0,Healthy
C06142,L042,Type_A,leakage_current,9.315,11.608,24.733,37.584,50.0,Latent_Defect
C06143,L043,Type_A,leakage_current,9.509,9.702,10.516,11.091,50.0,Healthy
C06144,L044,Type_A,leakage_current,10.071,12.28,32.987,43.176,50.0,Latent_Defect
C06145,L045,Type_A,leakage_current,10.851,10.913,11.285,11.707,50.0,Healthy
C06146,L046,Type_A,leakage_current,10.731,12.792,33.686,48.296,50.0,Latent_Defect
C06147,L047,Type_A,leakage_current,9.896,10.209,10.792,11.515,50.0,Healthy
C06148,L048,Type_A,leakage_current,10.089,10.472,11.433,12.219,50.0,Healthy
C06149,L049,Type_A,leakage_current,9.926,13.24,41.088,69.211,50.0,Rapid_Drift
C06150,L050,Type_B,leakage_current,10.402,10.835,11.652,12.292,50.0,Healthy
C06151,L051,Type_B,leakage_current,11.057,11.383,12.273,13.024,50.0,Healthy
C06152,L052,Type_C,leakage_current,9.026,12.165,33.329,53.897,50.0,Rapid_Drift
C06153,L053,Type_B,leakage_current,9.465,9.781,10.047,10.222,50.0,Healthy
C06154,L054,Type_A,leakage_current,10.942,11.11,11.529,11.953,50.0,Healthy
C06155,L055,Type_A,leakage_current,10.013,10.401,11.19,11.866,50.0,Healthy
C06156,L056,Type_A,leakage_current,10.938,11.229,12.011,13.116,50.0,Healthy
C06157,L057,Type_B,leakage_current,10.157,10.371,10.629,10.616,50.0,Healthy
C06158,L058,Type_A,leakage_current,9.827,9.879,10.487,11.003,50.0,Healthy
C06159,L059,Type_B,leakage_current,11.342,11.572,12.382,13.221,50.0,Healthy
C06160,L060,Type_B,leakage_current,10.599,10.698,11.371,11.931,50.0,Healthy
C06161,L061,Type_C,leakage_current,8.652,8.859,9.598,10.065,50.0,Healthy
C06162,L062,Type_B,leakage_current,10.414,12.426,24.586,36.558,50.0,Latent_Defect
C06163,L063,Type_A,leakage_current,10.32,13.207,36.757,60.559,50.0,Rapid_Drift
C06164,L064,Type_A,leakage_current,8.994,9.271,10.004,10.405,50.0,Healthy
C06165,L065,Type_B,leakage_current,9.955,10.03,10.311,10.614,50.0,Healthy
C06166,L066,Type_B,leakage_current,10.778,10.991,11.707,12.576,50.0,Healthy
C06167,L067,Type_A,leakage_current,10.015,10.27,10.591,11.019,50.0,Healthy
C06168,L068,Type_C,leakage_current,8.918,8.968,9.507,10.595,50.0,Healthy
C06169,L069,Type_A,leakage_current,9.059,9.123,9.361,9.851,50.0,Healthy
C06170,L070,Type_A,leakage_current,9.562,12.381,37.761,63.372,50.0,Rapid_Drift
C06171,L071,Type_C,leakage_current,9.425,9.521,9.726,10.208,50.0,Healthy
C06172,L072,Type_A,leakage_current,10.387,10.634,11.274,11.933,50.0,Healthy
C06173,L073,Type_A,leakage_current,9.66,9.929,10.307,10.487,50.0,Healthy
C06174,L074,Type_A,leakage_current,11.316,11.246,11.593,12.076,50.0,Healthy
C06175,L075,Type_B,leakage_current,10.896,11.103,11.677,12.451,50.0,Healthy
C06176,L076,Type_B,leakage_current,10.389,11.78,24.238,36.607,50.0,Latent_Defect
C06177,L077,Type_B,leakage_current,10.911,11.167,11.86,12.63,50.0,Healthy
C06178,L078,Type_C,leakage_current,9.923,10.099,10.867,11.336,50.0,Healthy
C06179,L079,Type_C,leakage_current,9.045,9.245,9.899,10.441,50.0,Healthy
C06180,L080,Type_B,leakage_current,10.384,18.191,41.915,65.008,50.0,Obvious_Failure
C06181,L081,Type_A,leakage_current,9.989,13.245,31.79,50.23,50.0,Rapid_Drift
C06182,L082,Type_B,leakage_current,10.896,11.025,11.552,11.895,50.0,Healthy
C06183,L083,Type_A,leakage_current,8.83,8.976,9.136,9.501,50.0,Healthy
C06184,L084,Type_B,leakage_current,9.668,10.198,10.811,11.177,50.0,Healthy
C06185,L085,Type_A,leakage_current,9.591,9.806,10.277,10.863,50.0,Healthy
C06186,L086,Type_A,leakage_current,9.793,9.99,10.743,11.084,50.0,Healthy
C06187,L087,Type_B,leakage_current,10.712,10.895,11.41,12.045,50.0,Healthy
C06188,L088,Type_A,leakage_current,9.973,10.068,10.675,11.068,50.0,Healthy
C06189,L089,Type_A,leakage_current,10.068,10.414,10.991,11.619,50.0,Healthy
C06190,L090,Type_C,leakage_current,9.434,9.579,10.305,10.834,50.0,Healthy
C06191,L091,Type_A,leakage_current,10.575,10.91,11.333,11.848,50.0,Healthy
C06192,L092,Type_A,leakage_current,10.729,10.803,11.254,11.959,50.0,Healthy
C06193,L093,Type_A,leakage_current,9.567,9.407,9.624,9.703,50.0,Healthy
C06194,L094,Type_A,leakage_current,9.716,10.021,10.236,10.846,50.0,Healthy
C06195,L095,Type_B,leakage_current,10.326,12.529,31.022,42.803,50.0,Latent_Defect
C06196,L096,Type_A,leakage_current,9.779,9.976,10.657,11.484,50.0,Healthy
C06197,L097,Type_A,leakage_current,10.052,10.384,11.011,11.345,50.0,Healthy
C06198,L098,Type_A,leakage_current,9.972,11.378,29.893,43.82,50.0,Latent_Defect
C06199,L099,Type_A,leakage_current,9.462,9.634,10.007,10.174,50.0,Healthy
C06200,L100,Type_B,leakage_current,10.789,14.266,36.912,59.764,50.0,Rapid_Drift
C06201,L001,Type_B,leakage_current,10.012,10.055,10.5,10.968,50.0,Healthy
C06202,L002,Type_A,leakage_current,8.902,8.848,9.206,9.402,50.0,Healthy
C06203,L003,Type_B,leakage_current,10.88,11.19,11.542,12.509,50.0,Healthy
C06204,L004,Type_A,leakage_current,9.708,9.969,10.885,12.093,50.0,Healthy
C06205,L005,Type_A,leakage_current,9.644,9.966,10.529,11.329,50.0,Healthy
C06206,L006,Type_A,leakage_current,9.51,10.894,28.272,45.155,50.0,Latent_Defect
C06207,L007,Type_A,leakage_current,9.008,9.493,10.198,11.263,50.0,Healthy
C06208,L008,Type_C,leakage_current,9.778,10.014,10.585,11.197,50.0,Healthy
C06209,L009,Type_A,leakage_current,9.385,9.479,9.718,10.336,50.0,Healthy
C06210,L010,Type_B,leakage_current,10.661,10.917,11.535,11.998,50.0,Healthy
C06211,L011,Type_B,leakage_current,10.165,12.328,26.917,40.372,50.0,Latent_Defect
C06212,L012,Type_B,leakage_current,9.879,10.268,11.138,11.907,50.0,Healthy
C06213,L013,Type_B,leakage_current,10.423,10.631,11.166,11.627,50.0,Healthy
C06214,L014,Type_B,leakage_current,10.135,10.265,10.534,10.831,50.0,Healthy
C06215,L015,Type_B,leakage_current,9.465,11.544,31.053,46.594,50.0,Latent_Defect
C06216,L016,Type_A,leakage_current,9.435,9.702,10.203,11.019,50.0,Healthy
C06217,L017,Type_C,leakage_current,9.31,9.389,10.176,10.868,50.0,Healthy
C06218,L018,Type_B,leakage_current,10.107,10.358,11.247,11.899,50.0,Healthy
C06219,L019,Type_A,leakage_current,9.905,10.247,10.855,11.956,50.0,Healthy
C06220,L020,Type_A,leakage_current,10.116,10.524,11.314,12.091,50.0,Healthy
C06221,L021,Type_C,leakage_current,10.068,10.171,10.686,11.035,50.0,Healthy
C06222,L022,Type_C,leakage_current,10.51,10.78,11.795,12.388,50.0,Healthy
C06223,L023,Type_B,leakage_current,11.295,11.643,12.615,13.322,50.0,Healthy
C06224,L024,Type_B,leakage_current,11.537,11.615,12.383,13.088,50.0,Healthy
C06225,L025,Type_C,leakage_current,9.9,9.993,10.949,11.81,50.0,Healthy
C06226,L026,Type_A,leakage_current,10.53,10.551,10.987,11.263,50.0,Healthy
C06227,L027,Type_B,leakage_current,9.973,10.149,10.8,11.528,50.0,Healthy
C06228,L028,Type_B,leakage_current,10.854,14.088,32.569,50.362,50.0,Rapid_Drift
C06229,L029,Type_B,leakage_current,11.239,11.544,12.089,12.677,50.0,Healthy
C06230,L030,Type_B,leakage_current,10.944,10.891,11.704,12.495,50.0,Healthy
C06231,L031,Type_A,leakage_current,9.213,9.378,9.669,9.915,50.0,Healthy
C06232,L032,Type_A,leakage_current,9.828,12.315,28.171,39.913,50.0,Latent_Defect
C06233,L033,Type_B,leakage_current,10.385,10.64,11.195,11.721,50.0,Healthy
C06234,L034,Type_C,leakage_current,10.065,10.361,10.451,10.982,50.0,Healthy
C06235,L035,Type_C,leakage_current,9.285,9.353,9.659,9.989,50.0,Healthy
C06236,L036,Type_B,leakage_current,10.455,17.445,38.969,60.351,50.0,Obvious_Failure
C06237,L037,Type_A,leakage_current,10.269,10.313,11.196,11.636,50.0,Healthy
C06238,L038,Type_A,leakage_current,9.684,9.738,9.908,10.471,50.0,Healthy
C06239,L039,Type_B,leakage_current,10.869,11.158,11.985,12.957,50.0,Healthy
C06240,L040,Type_B,leakage_current,10.223,18.114,41.252,64.939,50.0,Obvious_Failure
C06241,L041,Type_A,leakage_current,10.34,10.405,10.612,10.866,50.0,Healthy
C06242,L042,Type_B,leakage_current,11.238,11.256,11.767,12.119,50.0,Healthy
C06243,L043,Type_A,leakage_current,10.493,10.642,11.598,12.403,50.0,Healthy
C06244,L044,Type_A,leakage_current,9.131,9.371,9.882,10.913,50.0,Healthy
C06245,L045,Type_A,leakage_current,10.513,11.808,29.471,40.305,50.0,Latent_Defect
C06246,L046,Type_A,leakage_current,9.878,10.001,10.342,10.779,50.0,Healthy
C06247,L047,Type_A,leakage_current,10.457,10.848,11.244,11.801,50.0,Healthy
C06248,L048,Type_A,leakage_current,9.826,18.099,43.305,68.703,50.0,Obvious_Failure
C06249,L049,Type_B,leakage_current,10.594,10.718,11.368,11.761,50.0,Healthy
C06250,L050,Type_A,leakage_current,10.3,10.497,10.521,10.646,50.0,Healthy
C06251,L051,Type_A,leakage_current,9.971,10.227,10.75,11.092,50.0,Healthy
C06252,L052,Type_B,leakage_current,12.22,12.481,12.733,13.037,50.0,Healthy
C06253,L053,Type_A,leakage_current,9.38,9.62,10.423,11.058,50.0,Healthy
C06254,L054,Type_A,leakage_current,10.89,11.276,11.89,12.42,50.0,Healthy
C06255,L055,Type_B,leakage_current,10.65,10.96,11.09,11.467,50.0,Healthy
C06256,L056,Type_A,leakage_current,8.92,9.181,9.509,9.483,50.0,Healthy
C06257,L057,Type_A,leakage_current,8.784,9.007,9.204,9.507,50.0,Healthy
C06258,L058,Type_B,leakage_current,11.139,11.432,12.445,13.473,50.0,Healthy
C06259,L059,Type_A,leakage_current,10.445,10.459,11.149,11.636,50.0,Healthy
C06260,L060,Type_A,leakage_current,8.924,9.252,10.128,11.062,50.0,Healthy
C06261,L061,Type_B,leakage_current,11.825,11.845,11.973,12.124,50.0,Healthy
C06262,L062,Type_A,leakage_current,9.577,11.117,30.43,38.679,50.0,Latent_Defect
C06263,L063,Type_A,leakage_current,11.165,11.195,11.623,12.363,50.0,Healthy
C06264,L064,Type_A,leakage_current,9.859,10.345,10.915,11.614,50.0,Healthy
C06265,L065,Type_A,leakage_current,11.119,11.458,12.034,13.168,50.0,Healthy
C06266,L066,Type_C,leakage_current,9.392,9.597,10.223,10.893,50.0,Healthy
C06267,L067,Type_A,leakage_current,10.397,10.488,11.007,11.501,50.0,Healthy
C06268,L068,Type_A,leakage_current,10.095,10.208,10.583,10.411,50.0,Healthy
C06269,L069,Type_B,leakage_current,11.578,11.962,12.653,13.584,50.0,Healthy
C06270,L070,Type_C,leakage_current,10.049,10.042,10.541,10.816,50.0,Healthy
C06271,L071,Type_B,leakage_current,9.94,12.454,25.069,36.801,50.0,Latent_Defect
C06272,L072,Type_B,leakage_current,10.643,10.953,11.862,12.878,50.0,Healthy
C06273,L073,Type_B,leakage_current,11.355,11.573,11.69,12.343,50.0,Healthy
C06274,L074,Type_A,leakage_current,8.908,9.195,9.472,9.842,50.0,Healthy
C06275,L075,Type_B,leakage_current,11.129,11.112,11.639,11.808,50.0,Healthy
C06276,L076,Type_A,leakage_current,9.985,10.269,11.1,11.67,50.0,Healthy
C06277,L077,Type_B,leakage_current,10.336,11.447,30.861,45.436,50.0,Latent_Defect
C06278,L078,Type_B,leakage_current,10.973,11.403,11.73,12.092,50.0,Healthy
C06279,L079,Type_A,leakage_current,10.172,12.262,32.449,39.376,50.0,Latent_Defect
C06280,L080,Type_C,leakage_current,9.099,9.327,9.999,10.797,50.0,Healthy
C06281,L081,Type_B,leakage_current,10.224,10.623,11.497,12.434,50.0,Healthy
C06282,L082,Type_B,leakage_current,11.333,11.613,12.208,12.789,50.0,Healthy
C06283,L083,Type_B,leakage_current,11.105,10.963,11.014,11.432,50.0,Healthy
C06284,L084,Type_A,leakage_current,9.866,9.931,10.262,10.435,50.0,Healthy
C06285,L085,Type_A,leakage_current,9.564,9.633,10.198,10.806,50.0,Healthy
C06286,L086,Type_B,leakage_current,11.241,11.434,11.692,12.094,50.0,Healthy
C06287,L087,Type_C,leakage_current,9.594,9.898,10.842,11.574,50.0,Healthy
C06288,L088,Type_A,leakage_current,10.839,10.883,11.581,12.166,50.0,Healthy
C06289,L089,Type_C,leakage_current,10.802,10.939,11.873,12.372,50.0,Healthy
C06290,L090,Type_C,leakage_current,9.414,9.579,10.023,10.497,50.0,Healthy
C06291,L091,Type_A,leakage_current,9.626,12.2,32.441,39.475,50.0,Latent_Defect
C06292,L092,Type_B,leakage_current,11.428,11.722,12.039,12.648,50.0,Healthy
C06293,L093,Type_A,leakage_current,9.621,9.605,10.307,10.879,50.0,Healthy
C06294,L094,Type_A,leakage_current,9.334,11.912,38.247,64.776,50.0,Rapid_Drift
C06295,L095,Type_C,leakage_current,9.493,9.648,10.274,11.194,50.0,Healthy
C06296,L096,Type_C,leakage_current,9.279,9.39,9.712,10.058,50.0,Healthy
C06297,L097,Type_B,leakage_current,9.44,9.865,10.887,11.845,50.0,Healthy
C06298,L098,Type_B,leakage_current,11.561,12.104,12.811,13.95,50.0,Healthy
C06299,L099,Type_A,leakage_current,9.838,12.406,37.361,63.236,50.0,Rapid_Drift
C06300,L100,Type_C,leakage_current,10.985,12.379,25.694,39.128,50.0,Latent_Defect
C06301,L001,Type_A,leakage_current,10.149,10.146,10.848,11.587,50.0,Healthy
C06302,L002,Type_A,leakage_current,9.542,9.731,10.567,11.11,50.0,Healthy
C06303,L003,Type_A,leakage_current,10.6,14.279,33.921,53.933,50.0,Rapid_Drift
C06304,L004,Type_B,leakage_current,10.855,11.3,12.338,13.19,50.0,Healthy
C06305,L005,Type_C,leakage_current,9.516,9.643,10.695,11.478,50.0,Healthy
C06306,L006,Type_C,leakage_current,10.033,10.482,11.086,11.87,50.0,Healthy
C06307,L007,Type_C,leakage_current,9.457,9.564,10.182,10.766,50.0,Healthy
C06308,L008,Type_A,leakage_current,9.781,9.924,10.48,10.992,50.0,Healthy
C06309,L009,Type_A,leakage_current,10.061,11.794,27.926,43.7,50.0,Latent_Defect
C06310,L010,Type_B,leakage_current,9.606,12.767,37.003,61.667,50.0,Rapid_Drift
C06311,L011,Type_A,leakage_current,9.955,10.056,10.834,11.235,50.0,Healthy
C06312,L012,Type_A,leakage_current,9.169,11.074,30.434,47.297,50.0,Latent_Defect
C06313,L013,Type_A,leakage_current,9.927,9.877,10.5,10.969,50.0,Healthy
C06314,L014,Type_C,leakage_current,9.073,9.403,10.162,10.69,50.0,Healthy
C06315,L015,Type_A,leakage_current,9.927,9.99,10.681,11.468,50.0,Healthy
C06316,L016,Type_A,leakage_current,10.255,11.979,26.925,42.217,50.0,Latent_Defect
C06317,L017,Type_A,leakage_current,9.167,9.371,9.745,10.448,50.0,Healthy
C06318,L018,Type_A,leakage_current,11.566,11.817,12.383,13.039,50.0,Healthy
C06319,L019,Type_A,leakage_current,10.884,11.145,11.671,12.384,50.0,Healthy
C06320,L020,Type_B,leakage_current,10.77,11.018,11.597,12.171,50.0,Healthy
C06321,L021,Type_A,leakage_current,9.45,9.643,10.152,10.428,50.0,Healthy
C06322,L022,Type_A,leakage_current,9.609,9.817,10.443,11.318,50.0,Healthy
C06323,L023,Type_B,leakage_current,10.505,10.732,11.32,12.129,50.0,Healthy
C06324,L024,Type_A,leakage_current,9.229,9.447,10.133,11.334,50.0,Healthy
C06325,L025,Type_A,leakage_current,11.054,11.2,11.671,11.971,50.0,Healthy
C06326,L026,Type_A,leakage_current,9.18,9.426,9.699,9.792,50.0,Healthy
C06327,L027,Type_A,leakage_current,9.832,10.165,11.208,12.295,50.0,Healthy
C06328,L028,Type_A,leakage_current,10.659,11.035,11.53,12.042,50.0,Healthy
C06329,L029,Type_A,leakage_current,9.873,10.123,10.883,11.717,50.0,Healthy
C06330,L030,Type_A,leakage_current,10.508,14.111,40.653,67.051,50.0,Rapid_Drift
C06331,L031,Type_B,leakage_current,11.793,12.084,12.885,13.808,50.0,Healthy
C06332,L032,Type_C,leakage_current,8.291,8.435,8.791,9.387,50.0,Healthy
C06333,L033,Type_A,leakage_current,10.336,10.733,11.648,12.281,50.0,Healthy
C06334,L034,Type_B,leakage_current,10.39,10.452,10.948,10.954,50.0,Healthy
C06335,L035,Type_A,leakage_current,9.515,12.995,38.529,63.808,50.0,Rapid_Drift
C06336,L036,Type_B,leakage_current,11.481,11.706,12.08,12.556,50.0,Healthy
C06337,L037,Type_A,leakage_current,10.171,11.855,28.271,44.456,50.0,Latent_Defect
C06338,L038,Type_C,leakage_current,10.043,11.572,24.973,37.88,50.0,Latent_Defect
C06339,L039,Type_A,leakage_current,11.023,11.113,11.603,12.596,50.0,Healthy
C06340,L040,Type_A,leakage_current,11.052,11.048,11.196,11.817,50.0,Healthy
C06341,L041,Type_A,leakage_current,9.485,9.745,10.472,10.935,50.0,Healthy
C06342,L042,Type_A,leakage_current,10.594,10.833,11.477,12.076,50.0,Healthy
C06343,L043,Type_B,leakage_current,11.208,11.616,12.299,12.897,50.0,Healthy
C06344,L044,Type_A,leakage_current,10.039,10.255,11.009,11.524,50.0,Healthy
C06345,L045,Type_A,leakage_current,9.918,10.156,10.689,11.485,50.0,Healthy
C06346,L046,Type_A,leakage_current,10.018,10.307,11.099,11.861,50.0,Healthy
C06347,L047,Type_B,leakage_current,9.634,9.987,10.683,11.209,50.0,Healthy
C06348,L048,Type_B,leakage_current,10.772,10.847,11.054,10.939,50.0,Healthy
C06349,L049,Type_B,leakage_current,10.709,10.954,11.727,12.65,50.0,Healthy
C06350,L050,Type_A,leakage_current,9.328,12.961,35.748,58.519,50.0,Rapid_Drift
C06351,L051,Type_B,leakage_current,10.261,10.646,11.425,11.977,50.0,Healthy
C06352,L052,Type_A,leakage_current,9.009,9.227,10.115,10.991,50.0,Healthy
C06353,L053,Type_C,leakage_current,10.696,10.95,11.686,12.176,50.0,Healthy
C06354,L054,Type_A,leakage_current,10.693,11.213,11.762,12.456,50.0,Healthy
C06355,L055,Type_C,leakage_current,9.406,11.106,25.443,39.771,50.0,Latent_Defect
C06356,L056,Type_A,leakage_current,10.65,13.17,40.686,67.842,50.0,Rapid_Drift
C06357,L057,Type_A,leakage_current,10.906,11.163,11.968,12.617,50.0,Healthy
C06358,L058,Type_C,leakage_current,9.557,9.809,10.396,10.964,50.0,Healthy
C06359,L059,Type_A,leakage_current,10.614,10.789,11.197,11.446,50.0,Healthy
C06360,L060,Type_B,leakage_current,10.451,10.657,11.252,11.735,50.0,Healthy
C06361,L061,Type_B,leakage_current,11.58,11.686,12.321,13.256,50.0,Healthy
C06362,L062,Type_A,leakage_current,10.313,10.592,10.884,11.373,50.0,Healthy
C06363,L063,Type_B,leakage_current,11.454,11.77,12.189,12.735,50.0,Healthy
C06364,L064,Type_C,leakage_current,9.42,9.436,9.592,9.543,50.0,Healthy
C06365,L065,Type_B,leakage_current,10.167,10.118,10.628,11.265,50.0,Healthy
C06366,L066,Type_A,leakage_current,10.796,11.301,11.99,12.637,50.0,Healthy
C06367,L067,Type_A,leakage_current,9.033,9.193,10.136,11.123,50.0,Healthy
C06368,L068,Type_B,leakage_current,11.313,11.687,12.471,13.179,50.0,Healthy
C06369,L069,Type_A,leakage_current,10.759,10.915,10.89,11.439,50.0,Healthy
C06370,L070,Type_B,leakage_current,10.748,10.791,11.188,11.889,50.0,Healthy
C06371,L071,Type_A,leakage_current,9.135,9.345,9.614,10.235,50.0,Healthy
C06372,L072,Type_A,leakage_current,9.476,9.615,9.867,10.375,50.0,Healthy
C06373,L073,Type_B,leakage_current,11.845,12.155,12.665,13.149,50.0,Healthy
C06374,L074,Type_B,leakage_current,9.824,9.884,10.493,10.797,50.0,Healthy
C06375,L075,Type_A,leakage_current,10.968,12.438,28.689,45.018,50.0,Latent_Defect
C06376,L076,Type_C,leakage_current,8.887,8.973,9.14,9.394,50.0,Healthy
C06377,L077,Type_A,leakage_current,10.857,13.146,31.087,38.053,50.0,Latent_Defect
C06378,L078,Type_C,leakage_current,9.907,9.896,10.402,10.906,50.0,Healthy
C06379,L079,Type_B,leakage_current,10.359,10.6,10.981,11.346,50.0,Healthy
C06380,L080,Type_A,leakage_current,8.88,8.922,9.528,9.808,50.0,Healthy
C06381,L081,Type_A,leakage_current,10.514,10.7,11.107,11.295,50.0,Healthy
C06382,L082,Type_A,leakage_current,10.283,17.796,39.93,61.822,50.0,Obvious_Failure
C06383,L083,Type_C,leakage_current,8.518,8.805,9.31,9.705,50.0,Healthy
C06384,L084,Type_B,leakage_current,10.397,10.5,10.869,11.689,50.0,Healthy
C06385,L085,Type_A,leakage_current,8.823,9.338,9.886,10.594,50.0,Healthy
C06386,L086,Type_B,leakage_current,10.858,13.763,31.003,48.84,50.0,Rapid_Drift
C06387,L087,Type_C,leakage_current,9.023,9.36,10.07,10.783,50.0,Healthy
C06388,L088,Type_B,leakage_current,10.198,10.181,10.75,11.172,50.0,Healthy
C06389,L089,Type_B,leakage_current,10.322,13.592,36.341,59.049,50.0,Rapid_Drift
C06390,L090,Type_B,leakage_current,10.551,10.821,11.324,12.007,50.0,Healthy
C06391,L091,Type_C,leakage_current,9.895,10.272,10.93,11.666,50.0,Healthy
C06392,L092,Type_A,leakage_current,9.739,10.037,10.646,11.241,50.0,Healthy
C06393,L093,Type_A,leakage_current,9.026,9.211,10.016,11.006,50.0,Healthy
C06394,L094,Type_A,leakage_current,9.75,16.184,35.261,54.9,50.0,Obvious_Failure
C06395,L095,Type_B,leakage_current,10.593,10.756,11.222,11.817,50.0,Healthy
C06396,L096,Type_C,leakage_current,9.3,17.907,44.477,70.74,50.0,Obvious_Failure
C06397,L097,Type_B,leakage_current,11.144,11.21,11.991,13.056,50.0,Healthy
C06398,L098,Type_B,leakage_current,11.135,12.564,26.888,41.308,50.0,Latent_Defect
C06399,L099,Type_B,leakage_current,11.047,13.231,31.587,43.335,50.0,Latent_Defect
C06400,L100,Type_C,leakage_current,9.845,10.025,10.087,10.484,50.0,Healthy
C06401,L001,Type_B,leakage_current,10.625,10.745,11.26,11.81,50.0,Healthy
C06402,L002,Type_B,leakage_current,10.575,10.833,11.534,12.029,50.0,Healthy
C06403,L003,Type_A,leakage_current,10.015,10.107,10.652,11.107,50.0,Healthy
C06404,L004,Type_A,leakage_current,8.445,8.784,9.661,10.518,50.0,Healthy
C06405,L005,Type_A,leakage_current,8.754,10.869,24.252,37.18,50.0,Latent_Defect
C06406,L006,Type_B,leakage_current,11.639,11.689,12.303,12.784,50.0,Healthy
C06407,L007,Type_C,leakage_current,8.924,12.146,37.292,62.238,50.0,Rapid_Drift
C06408,L008,Type_B,leakage_current,10.76,10.824,11.586,12.344,50.0,Healthy
C06409,L009,Type_A,leakage_current,9.65,13.248,36.761,59.121,50.0,Rapid_Drift
C06410,L010,Type_B,leakage_current,10.905,11.199,12.164,12.944,50.0,Healthy
C06411,L011,Type_A,leakage_current,8.946,8.919,9.202,9.831,50.0,Healthy
C06412,L012,Type_A,leakage_current,9.483,9.648,10.248,10.742,50.0,Healthy
C06413,L013,Type_A,leakage_current,10.519,10.994,11.969,13.039,50.0,Healthy
C06414,L014,Type_B,leakage_current,10.783,10.961,11.571,12.511,50.0,Healthy
C06415,L015,Type_B,leakage_current,10.564,10.619,11.289,11.933,50.0,Healthy
C06416,L016,Type_A,leakage_current,9.424,9.462,9.878,10.486,50.0,Healthy
C06417,L017,Type_B,leakage_current,10.204,19.703,48.267,76.167,50.0,Obvious_Failure
C06418,L018,Type_A,leakage_current,9.558,10.036,11.037,11.954,50.0,Healthy
C06419,L019,Type_B,leakage_current,10.517,10.9,11.058,11.696,50.0,Healthy
C06420,L020,Type_B,leakage_current,10.791,10.756,11.235,12.063,50.0,Healthy
C06421,L021,Type_B,leakage_current,11.987,12.111,12.702,13.746,50.0,Healthy
C06422,L022,Type_C,leakage_current,8.716,9.037,9.844,10.922,50.0,Healthy
C06423,L023,Type_A,leakage_current,9.132,9.243,9.817,10.328,50.0,Healthy
C06424,L024,Type_C,leakage_current,9.21,9.339,10.09,10.659,50.0,Healthy
C06425,L025,Type_C,leakage_current,10.643,10.814,11.399,11.997,50.0,Healthy
C06426,L026,Type_A,leakage_current,9.523,9.743,10.291,11.374,50.0,Healthy
C06427,L027,Type_A,leakage_current,10.323,10.475,11.052,11.987,50.0,Healthy
C06428,L028,Type_C,leakage_current,8.525,8.831,9.558,10.299,50.0,Healthy
C06429,L029,Type_A,leakage_current,10.147,10.442,10.66,10.857,50.0,Healthy
C06430,L030,Type_B,leakage_current,10.441,10.839,11.292,11.904,50.0,Healthy
C06431,L031,Type_C,leakage_current,9.28,9.503,10.037,10.372,50.0,Healthy
C06432,L032,Type_B,leakage_current,10.66,10.894,11.644,12.279,50.0,Healthy
C06433,L033,Type_C,leakage_current,8.853,8.953,9.302,9.783,50.0,Healthy
C06434,L034,Type_A,leakage_current,10.53,10.452,11.103,11.692,50.0,Healthy
C06435,L035,Type_C,leakage_current,9.014,9.118,9.496,9.884,50.0,Healthy
C06436,L036,Type_A,leakage_current,9.272,9.354,10.552,11.364,50.0,Healthy
C06437,L037,Type_C,leakage_current,10.374,10.594,11.248,11.807,50.0,Healthy
C06438,L038,Type_B,leakage_current,9.745,9.92,9.965,10.48,50.0,Healthy
C06439,L039,Type_A,leakage_current,10.261,10.508,11.012,11.327,50.0,Healthy
C06440,L040,Type_A,leakage_current,9.975,10.1,10.595,11.388,50.0,Healthy
C06441,L041,Type_A,leakage_current,9.773,10.173,10.641,11.418,50.0,Healthy
C06442,L042,Type_C,leakage_current,8.75,11.703,34.042,56.508,50.0,Rapid_Drift
C06443,L043,Type_A,leakage_current,9.245,9.256,9.187,9.343,50.0,Healthy
C06444,L044,Type_A,leakage_current,8.86,9.158,9.87,10.452,50.0,Healthy
C06445,L045,Type_B,leakage_current,10.883,11.003,11.393,11.836,50.0,Healthy
C06446,L046,Type_B,leakage_current,11.202,11.415,12.21,12.733,50.0,Healthy
C06447,L047,Type_C,leakage_current,9.209,9.31,9.691,10.211,50.0,Healthy
C06448,L048,Type_A,leakage_current,10.492,10.765,11.33,12.136,50.0,Healthy
C06449,L049,Type_B,leakage_current,11.71,11.857,12.814,13.285,50.0,Healthy
C06450,L050,Type_A,leakage_current,9.246,9.275,9.819,10.327,50.0,Healthy
C06451,L051,Type_A,leakage_current,10.381,10.557,11.061,11.23,50.0,Healthy
C06452,L052,Type_C,leakage_current,9.713,9.863,10.702,11.758,50.0,Healthy
C06453,L053,Type_A,leakage_current,8.858,9.233,9.769,10.543,50.0,Healthy
C06454,L054,Type_A,leakage_current,9.936,10.113,10.82,11.232,50.0,Healthy
C06455,L055,Type_C,leakage_current,9.442,12.605,31.684,51.319,50.0,Rapid_Drift
C06456,L056,Type_A,leakage_current,9.577,9.972,10.511,11.628,50.0,Healthy
C06457,L057,Type_A,leakage_current,10.2,10.591,11.406,11.845,50.0,Healthy
C06458,L058,Type_A,leakage_current,9.356,9.407,9.849,10.174,50.0,Healthy
C06459,L059,Type_B,leakage_current,10.374,10.826,11.504,12.111,50.0,Healthy
C06460,L060,Type_A,leakage_current,9.531,9.708,10.277,10.311,50.0,Healthy
C06461,L061,Type_B,leakage_current,11.768,11.687,12.088,12.922,50.0,Healthy
C06462,L062,Type_C,leakage_current,9.176,9.559,10.351,10.925,50.0,Healthy
C06463,L063,Type_A,leakage_current,10.852,11.037,11.812,12.626,50.0,Healthy
C06464,L064,Type_A,leakage_current,10.245,10.546,11.802,12.981,50.0,Healthy
C06465,L065,Type_B,leakage_current,10.941,11.243,12.063,12.773,50.0,Healthy
C06466,L066,Type_A,leakage_current,10.778,10.989,11.208,11.651,50.0,Healthy
C06467,L067,Type_C,leakage_current,10.002,10.172,10.927,11.259,50.0,Healthy
C06468,L068,Type_A,leakage_current,9.89,10.103,10.593,11.326,50.0,Healthy
C06469,L069,Type_B,leakage_current,11.022,11.202,11.609,12.078,50.0,Healthy
C06470,L070,Type_A,leakage_current,9.634,17.273,39.971,63.278,50.0,Obvious_Failure
C06471,L071,Type_A,leakage_current,8.978,9.078,9.731,10.725,50.0,Healthy
C06472,L072,Type_A,leakage_current,9.288,9.57,10.616,11.507,50.0,Healthy
C06473,L073,Type_A,leakage_current,9.221,9.394,10.282,10.804,50.0,Healthy
C06474,L074,Type_B,leakage_current,11.085,11.105,11.76,12.487,50.0,Healthy
C06475,L075,Type_A,leakage_current,11.088,11.491,12.521,13.54,50.0,Healthy
C06476,L076,Type_A,leakage_current,10.032,10.407,11.085,11.882,50.0,Healthy
C06477,L077,Type_A,leakage_current,10.287,10.278,10.907,11.586,50.0,Healthy
C06478,L078,Type_A,leakage_current,9.495,9.658,10.169,10.615,50.0,Healthy
C06479,L079,Type_B,leakage_current,10.88,12.739,31.28,43.733,50.0,Latent_Defect
C06480,L080,Type_A,leakage_current,10.197,10.516,11.457,12.23,50.0,Healthy
C06481,L081,Type_A,leakage_current,9.92,11.503,30.896,44.99,50.0,Latent_Defect
C06482,L082,Type_B,leakage_current,10.639,10.777,11.125,11.595,50.0,Healthy
C06483,L083,Type_B,leakage_current,10.625,10.896,11.265,11.901,50.0,Healthy
C06484,L084,Type_A,leakage_current,9.021,9.162,9.893,10.484,50.0,Healthy
C06485,L085,Type_B,leakage_current,11.148,11.426,12.025,12.736,50.0,Healthy
C06486,L086,Type_A,leakage_current,10.986,11.092,11.623,11.768,50.0,Healthy
C06487,L087,Type_A,leakage_current,10.211,10.46,11.276,11.992,50.0,Healthy
C06488,L088,Type_A,leakage_current,10.825,20.313,49.289,77.543,50.0,Obvious_Failure
C06489,L089,Type_A,leakage_current,10.682,10.821,11.464,12.193,50.0,Healthy
C06490,L090,Type_A,leakage_current,10.307,10.635,11.392,12.356,50.0,Healthy
C06491,L091,Type_A,leakage_current,10.631,10.636,11.274,12.041,50.0,Healthy
C06492,L092,Type_A,leakage_current,10.813,11.178,11.786,12.6,50.0,Healthy
C06493,L093,Type_B,leakage_current,11.3,11.422,12.342,12.791,50.0,Healthy
C06494,L094,Type_A,leakage_current,10.938,10.962,11.314,11.954,50.0,Healthy
C06495,L095,Type_A,leakage_current,10.112,17.117,37.567,58.065,50.0,Obvious_Failure
C06496,L096,Type_B,leakage_current,9.922,10.322,11.296,11.933,50.0,Healthy
C06497,L097,Type_B,leakage_current,10.367,10.647,11.204,11.897,50.0,Healthy
C06498,L098,Type_B,leakage_current,9.516,9.778,10.293,10.927,50.0,Healthy
C06499,L099,Type_A,leakage_current,10.547,10.852,11.616,12.271,50.0,Healthy
C06500,L100,Type_A,leakage_current,9.999,11.216,31.038,41.933,50.0,Latent_Defect
C06501,L001,Type_A,leakage_current,9.357,9.563,10.627,11.32,50.0,Healthy
C06502,L002,Type_A,leakage_current,10.119,10.005,10.684,11.387,50.0,Healthy
C06503,L003,Type_C,leakage_current,9.761,9.992,10.718,11.232,50.0,Healthy
C06504,L004,Type_A,leakage_current,10.388,12.645,28.674,44.411,50.0,Latent_Defect
C06505,L005,Type_A,leakage_current,9.726,9.853,10.386,11.123,50.0,Healthy
C06506,L006,Type_B,leakage_current,10.417,10.532,11.3,11.976,50.0,Healthy
C06507,L007,Type_A,leakage_current,10.743,11.024,11.541,12.177,50.0,Healthy
C06508,L008,Type_B,leakage_current,10.654,10.783,10.902,11.147,50.0,Healthy
C06509,L009,Type_B,leakage_current,9.744,9.949,10.435,11.04,50.0,Healthy
C06510,L010,Type_B,leakage_current,10.981,11.297,11.862,12.43,50.0,Healthy
C06511,L011,Type_C,leakage_current,9.177,9.077,9.901,10.584,50.0,Healthy
C06512,L012,Type_B,leakage_current,10.737,12.459,26.45,40.381,50.0,Latent_Defect
C06513,L013,Type_A,leakage_current,9.378,9.572,9.708,9.942,50.0,Healthy
C06514,L014,Type_A,leakage_current,10.271,10.482,10.835,11.682,50.0,Healthy
C06515,L015,Type_B,leakage_current,10.794,13.059,30.044,46.444,50.0,Latent_Defect
C06516,L016,Type_A,leakage_current,9.997,10.228,11.191,11.959,50.0,Healthy
C06517,L017,Type_A,leakage_current,10.267,10.301,10.476,10.597,50.0,Healthy
C06518,L018,Type_A,leakage_current,10.441,10.81,11.315,11.666,50.0,Healthy
C06519,L019,Type_B,leakage_current,11.109,11.253,11.583,12.013,50.0,Healthy
C06520,L020,Type_A,leakage_current,9.324,9.571,10.264,10.974,50.0,Healthy
C06521,L021,Type_C,leakage_current,9.582,9.953,10.311,10.834,50.0,Healthy
C06522,L022,Type_A,leakage_current,9.702,9.738,10.325,10.549,50.0,Healthy
C06523,L023,Type_A,leakage_current,9.385,9.504,10.322,11.255,50.0,Healthy
C06524,L024,Type_A,leakage_current,9.678,9.921,10.524,11.183,50.0,Healthy
C06525,L025,Type_A,leakage_current,10.449,10.634,11.338,12.034,50.0,Healthy
C06526,L026,Type_B,leakage_current,10.361,10.533,11.194,11.697,50.0,Healthy
C06527,L027,Type_A,leakage_current,9.479,12.842,30.056,47.771,50.0,Rapid_Drift
C06528,L028,Type_B,leakage_current,10.1,10.433,11.39,12.123,50.0,Healthy
C06529,L029,Type_C,leakage_current,9.38,11.403,31.504,39.553,50.0,Latent_Defect
C06530,L030,Type_A,leakage_current,9.856,9.915,11.105,11.882,50.0,Healthy
C06531,L031,Type_B,leakage_current,11.227,11.356,12.351,13.518,50.0,Healthy
C06532,L032,Type_A,leakage_current,9.793,12.273,39.754,67.366,50.0,Rapid_Drift
C06533,L033,Type_A,leakage_current,11.121,13.115,32.346,38.379,50.0,Latent_Defect
C06534,L034,Type_C,leakage_current,9.349,9.468,10.166,10.873,50.0,Healthy
C06535,L035,Type_A,leakage_current,9.529,12.075,29.721,47.166,50.0,Rapid_Drift
C06536,L036,Type_B,leakage_current,11.463,11.697,12.29,12.846,50.0,Healthy
C06537,L037,Type_A,leakage_current,11.155,11.264,11.828,12.375,50.0,Healthy
C06538,L038,Type_A,leakage_current,9.977,10.191,10.431,10.681,50.0,Healthy
C06539,L039,Type_A,leakage_current,9.221,9.28,10.123,10.517,50.0,Healthy
C06540,L040,Type_B,leakage_current,9.904,10.13,10.71,11.348,50.0,Healthy
C06541,L041,Type_C,leakage_current,9.295,9.426,10.137,11.175,50.0,Healthy
C06542,L042,Type_A,leakage_current,10.672,14.102,32.613,51.557,50.0,Rapid_Drift
C06543,L043,Type_B,leakage_current,11.124,11.432,12.446,13.285,50.0,Healthy
C06544,L044,Type_A,leakage_current,10.646,10.798,11.325,11.982,50.0,Healthy
C06545,L045,Type_A,leakage_current,9.871,9.981,10.827,11.569,50.0,Healthy
C06546,L046,Type_A,leakage_current,9.697,9.996,10.409,11.211,50.0,Healthy
C06547,L047,Type_A,leakage_current,9.159,9.234,9.973,10.409,50.0,Healthy
C06548,L048,Type_C,leakage_current,9.455,9.871,10.656,11.335,50.0,Healthy
C06549,L049,Type_A,leakage_current,9.564,9.625,10.353,11.003,50.0,Healthy
C06550,L050,Type_A,leakage_current,10.146,12.289,24.757,37.303,50.0,Latent_Defect
C06551,L051,Type_A,leakage_current,9.673,9.809,10.219,10.789,50.0,Healthy
C06552,L052,Type_A,leakage_current,9.342,9.869,10.696,11.149,50.0,Healthy
C06553,L053,Type_A,leakage_current,9.951,10.271,10.723,11.208,50.0,Healthy
C06554,L054,Type_C,leakage_current,8.677,9.654,28.796,41.147,50.0,Latent_Defect
C06555,L055,Type_A,leakage_current,11.168,11.358,12.353,12.925,50.0,Healthy
C06556,L056,Type_A,leakage_current,9.766,11.134,30.663,39.494,50.0,Latent_Defect
C06557,L057,Type_A,leakage_current,10.087,11.911,24.933,37.854,50.0,Latent_Defect
C06558,L058,Type_A,leakage_current,10.048,12.764,35.214,57.513,50.0,Rapid_Drift
C06559,L059,Type_C,leakage_current,9.567,9.801,10.097,10.458,50.0,Healthy
C06560,L060,Type_B,leakage_current,10.309,10.57,11.079,11.696,50.0,Healthy
C06561,L061,Type_A,leakage_current,9.724,9.909,10.281,10.943,50.0,Healthy
C06562,L062,Type_A,leakage_current,10.58,10.708,11.652,12.197,50.0,Healthy
C06563,L063,Type_A,leakage_current,10.79,14.002,34.944,55.763,50.0,Rapid_Drift
C06564,L064,Type_A,leakage_current,11.08,10.96,11.275,11.517,50.0,Healthy
C06565,L065,Type_C,leakage_current,9.884,13.114,38.19,63.652,50.0,Rapid_Drift
C06566,L066,Type_A,leakage_current,10.467,10.702,11.282,11.839,50.0,Healthy
C06567,L067,Type_A,leakage_current,10.208,10.392,11.534,12.332,50.0,Healthy
C06568,L068,Type_B,leakage_current,9.81,10.162,11.152,12.089,50.0,Healthy
C06569,L069,Type_A,leakage_current,11.525,11.68,11.969,12.289,50.0,Healthy
C06570,L070,Type_C,leakage_current,9.731,9.773,10.434,10.728,50.0,Healthy
C06571,L071,Type_A,leakage_current,11.098,11.32,12.186,12.72,50.0,Healthy
C06572,L072,Type_B,leakage_current,11.324,11.756,12.489,13.281,50.0,Healthy
C06573,L073,Type_B,leakage_current,10.6,10.797,11.274,11.889,50.0,Healthy
C06574,L074,Type_C,leakage_current,9.626,9.781,10.344,10.979,50.0,Healthy
C06575,L075,Type_B,leakage_current,11.05,12.543,25.684,38.663,50.0,Latent_Defect
C06576,L076,Type_A,leakage_current,10.203,10.481,11.046,11.534,50.0,Healthy
C06577,L077,Type_A,leakage_current,9.228,10.348,26.755,38.007,50.0,Latent_Defect
C06578,L078,Type_A,leakage_current,9.401,9.476,10.118,10.971,50.0,Healthy
C06579,L079,Type_A,leakage_current,8.947,10.872,29.365,38.766,50.0,Latent_Defect
C06580,L080,Type_B,leakage_current,10.411,10.688,11.28,11.901,50.0,Healthy
C06581,L081,Type_C,leakage_current,8.419,10.112,28.619,42.592,50.0,Latent_Defect
C06582,L082,Type_A,leakage_current,10.258,10.524,11.171,11.722,50.0,Healthy
C06583,L083,Type_B,leakage_current,9.846,9.958,10.844,11.604,50.0,Healthy
C06584,L084,Type_C,leakage_current,10.006,10.149,11.02,11.866,50.0,Healthy
C06585,L085,Type_A,leakage_current,10.322,10.439,10.784,11.186,50.0,Healthy
C06586,L086,Type_B,leakage_current,11.064,11.304,12.051,13.036,50.0,Healthy
C06587,L087,Type_B,leakage_current,10.008,13.96,32.352,51.521,50.0,Rapid_Drift
C06588,L088,Type_A,leakage_current,10.255,10.17,10.685,11.227,50.0,Healthy
C06589,L089,Type_A,leakage_current,10.548,10.569,11.014,11.632,50.0,Healthy
C06590,L090,Type_C,leakage_current,11.283,11.599,12.229,12.945,50.0,Healthy
C06591,L091,Type_A,leakage_current,10.203,10.473,10.708,11.186,50.0,Healthy
C06592,L092,Type_B,leakage_current,10.055,10.171,10.775,11.233,50.0,Healthy
C06593,L093,Type_C,leakage_current,9.833,9.894,10.711,11.384,50.0,Healthy
C06594,L094,Type_C,leakage_current,9.205,9.379,9.913,10.447,50.0,Healthy
C06595,L095,Type_A,leakage_current,9.555,9.855,10.793,11.878,50.0,Healthy
C06596,L096,Type_A,leakage_current,10.835,13.57,32.243,50.911,50.0,Rapid_Drift
C06597,L097,Type_A,leakage_current,10.891,13.508,33.278,52.629,50.0,Rapid_Drift
C06598,L098,Type_B,leakage_current,11.154,11.201,11.687,11.903,50.0,Healthy
C06599,L099,Type_C,leakage_current,9.482,9.651,10.403,10.823,50.0,Healthy
C06600,L100,Type_B,leakage_current,9.803,18.616,44.261,70.49,50.0,Obvious_Failure
C06601,L001,Type_B,leakage_current,10.877,11.352,11.838,12.532,50.0,Healthy
C06602,L002,Type_A,leakage_current,9.694,9.925,10.726,11.59,50.0,Healthy
C06603,L003,Type_B,leakage_current,10.735,10.808,11.181,12.151,50.0,Healthy
C06604,L004,Type_B,leakage_current,11.004,11.193,11.72,12.171,50.0,Healthy
C06605,L005,Type_B,leakage_current,10.515,10.864,11.083,11.765,50.0,Healthy
C06606,L006,Type_B,leakage_current,10.502,10.584,11.144,11.824,50.0,Healthy
C06607,L007,Type_A,leakage_current,10.473,10.599,11.185,11.746,50.0,Healthy
C06608,L008,Type_B,leakage_current,10.401,10.688,11.361,11.794,50.0,Healthy
C06609,L009,Type_A,leakage_current,10.547,12.424,26.262,40.143,50.0,Latent_Defect
C06610,L010,Type_B,leakage_current,10.25,11.845,24.566,37.28,50.0,Latent_Defect
C06611,L011,Type_C,leakage_current,9.751,10.018,10.714,10.947,50.0,Healthy
C06612,L012,Type_B,leakage_current,11.248,13.637,28.962,44.151,50.0,Latent_Defect
C06613,L013,Type_C,leakage_current,10.149,10.401,11.202,12.458,50.0,Healthy
C06614,L014,Type_B,leakage_current,11.188,12.511,28.643,43.879,50.0,Latent_Defect
C06615,L015,Type_A,leakage_current,10.853,12.351,27.339,42.77,50.0,Latent_Defect
C06616,L016,Type_A,leakage_current,9.498,11.229,27.721,43.894,50.0,Latent_Defect
C06617,L017,Type_A,leakage_current,9.016,9.242,9.863,10.46,50.0,Healthy
C06618,L018,Type_A,leakage_current,9.521,11.403,29.403,44.22,50.0,Latent_Defect
C06619,L019,Type_A,leakage_current,10.675,11.89,25.83,39.621,50.0,Latent_Defect
C06620,L020,Type_B,leakage_current,9.55,9.99,10.927,11.618,50.0,Healthy
C06621,L021,Type_C,leakage_current,10.289,10.542,11.462,12.398,50.0,Healthy
C06622,L022,Type_B,leakage_current,11.694,11.69,12.515,12.93,50.0,Healthy
C06623,L023,Type_C,leakage_current,8.765,9.055,10.125,11.206,50.0,Healthy
C06624,L024,Type_B,leakage_current,10.165,10.127,10.68,11.673,50.0,Healthy
C06625,L025,Type_A,leakage_current,9.675,9.673,10.194,10.856,50.0,Healthy
C06626,L026,Type_A,leakage_current,9.007,9.263,10.097,10.551,50.0,Healthy
C06627,L027,Type_B,leakage_current,11.041,11.556,12.268,13.061,50.0,Healthy
C06628,L028,Type_A,leakage_current,9.273,9.263,9.85,10.659,50.0,Healthy
C06629,L029,Type_B,leakage_current,10.968,16.147,32.305,48.053,50.0,Obvious_Failure
C06630,L030,Type_B,leakage_current,11.333,11.428,11.761,12.029,50.0,Healthy
C06631,L031,Type_B,leakage_current,10.457,10.622,11.187,11.522,50.0,Healthy
C06632,L032,Type_B,leakage_current,11.95,11.955,12.284,12.877,50.0,Healthy
C06633,L033,Type_A,leakage_current,9.82,9.698,10.093,10.019,50.0,Healthy
C06634,L034,Type_C,leakage_current,9.79,9.875,9.987,10.218,50.0,Healthy
C06635,L035,Type_A,leakage_current,11.064,11.417,12.366,13.241,50.0,Healthy
C06636,L036,Type_B,leakage_current,11.309,11.577,11.894,12.33,50.0,Healthy
C06637,L037,Type_B,leakage_current,11.063,11.232,11.618,11.843,50.0,Healthy
C06638,L038,Type_B,leakage_current,11.656,12.101,12.848,13.291,50.0,Healthy
C06639,L039,Type_A,leakage_current,10.869,12.769,33.413,47.361,50.0,Latent_Defect
C06640,L040,Type_A,leakage_current,10.619,10.783,11.154,11.687,50.0,Healthy
C06641,L041,Type_C,leakage_current,8.08,8.482,8.937,9.267,50.0,Healthy
C06642,L042,Type_A,leakage_current,10.61,10.965,11.702,12.318,50.0,Healthy
C06643,L043,Type_B,leakage_current,10.627,10.912,11.572,12.174,50.0,Healthy
C06644,L044,Type_A,leakage_current,9.775,9.844,10.664,11.346,50.0,Healthy
C06645,L045,Type_A,leakage_current,10.22,17.57,38.691,60.332,50.0,Obvious_Failure
C06646,L046,Type_C,leakage_current,10.087,10.265,10.933,11.406,50.0,Healthy
C06647,L047,Type_A,leakage_current,8.441,8.596,9.255,10.04,50.0,Healthy
C06648,L048,Type_B,leakage_current,10.694,11.088,11.472,11.94,50.0,Healthy
C06649,L049,Type_A,leakage_current,9.906,9.946,10.276,10.334,50.0,Healthy
C06650,L050,Type_A,leakage_current,9.738,12.083,31.815,52.417,50.0,Rapid_Drift
C06651,L051,Type_B,leakage_current,10.112,10.227,10.843,11.458,50.0,Healthy
C06652,L052,Type_A,leakage_current,9.949,10.148,10.604,11.057,50.0,Healthy
C06653,L053,Type_B,leakage_current,10.387,10.502,10.88,11.36,50.0,Healthy
C06654,L054,Type_A,leakage_current,9.462,9.735,10.185,10.752,50.0,Healthy
C06655,L055,Type_B,leakage_current,10.144,17.391,39.044,60.971,50.0,Obvious_Failure
C06656,L056,Type_B,leakage_current,10.423,14.142,41.359,68.544,50.0,Rapid_Drift
C06657,L057,Type_A,leakage_current,10.274,12.258,33.404,40.05,50.0,Latent_Defect
C06658,L058,Type_A,leakage_current,8.715,8.94,9.503,9.829,50.0,Healthy
C06659,L059,Type_A,leakage_current,11.289,11.613,12.25,13.039,50.0,Healthy
C06660,L060,Type_A,leakage_current,10.016,10.114,10.411,10.759,50.0,Healthy
C06661,L061,Type_A,leakage_current,8.948,9.263,9.397,9.745,50.0,Healthy
C06662,L062,Type_A,leakage_current,9.643,9.92,10.503,10.743,50.0,Healthy
C06663,L063,Type_A,leakage_current,10.057,10.198,10.594,11.334,50.0,Healthy
C06664,L064,Type_A,leakage_current,9.413,9.84,10.347,11.118,50.0,Healthy
C06665,L065,Type_A,leakage_current,9.901,10.277,10.658,11.079,50.0,Healthy
C06666,L066,Type_B,leakage_current,11.648,15.384,34.206,53.162,50.0,Rapid_Drift
C06667,L067,Type_B,leakage_current,9.964,10.413,11.51,12.297,50.0,Healthy
C06668,L068,Type_A,leakage_current,10.708,11.078,11.655,12.388,50.0,Healthy
C06669,L069,Type_B,leakage_current,10.701,11.019,11.635,12.212,50.0,Healthy
C06670,L070,Type_A,leakage_current,10.461,10.6,10.785,10.98,50.0,Healthy
C06671,L071,Type_B,leakage_current,9.792,12.055,28.141,44.672,50.0,Latent_Defect
C06672,L072,Type_A,leakage_current,9.705,9.89,9.716,10.109,50.0,Healthy
C06673,L073,Type_B,leakage_current,11.095,11.553,12.254,13.099,50.0,Healthy
C06674,L074,Type_A,leakage_current,10.485,12.112,28.052,44.196,50.0,Latent_Defect
C06675,L075,Type_B,leakage_current,10.881,11.007,11.315,12.054,50.0,Healthy
C06676,L076,Type_A,leakage_current,9.076,9.481,10.012,10.628,50.0,Healthy
C06677,L077,Type_A,leakage_current,10.222,10.5,11.198,12.173,50.0,Healthy
C06678,L078,Type_B,leakage_current,11.215,11.251,11.873,12.25,50.0,Healthy
C06679,L079,Type_B,leakage_current,10.216,10.472,11.243,11.741,50.0,Healthy
C06680,L080,Type_A,leakage_current,10.381,10.524,10.738,10.993,50.0,Healthy
C06681,L081,Type_C,leakage_current,10.749,11.106,11.72,12.464,50.0,Healthy
C06682,L082,Type_A,leakage_current,9.91,9.839,10.064,10.042,50.0,Healthy
C06683,L083,Type_A,leakage_current,9.212,9.582,9.979,10.325,50.0,Healthy
C06684,L084,Type_B,leakage_current,10.265,10.392,10.778,11.498,50.0,Healthy
C06685,L085,Type_A,leakage_current,10.667,10.701,11.004,11.306,50.0,Healthy
C06686,L086,Type_A,leakage_current,10.587,10.859,10.866,11.339,50.0,Healthy
C06687,L087,Type_A,leakage_current,9.828,9.933,10.529,11.348,50.0,Healthy
C06688,L088,Type_A,leakage_current,10.32,10.566,11.38,12.094,50.0,Healthy
C06689,L089,Type_A,leakage_current,10.273,10.391,11.405,11.919,50.0,Healthy
C06690,L090,Type_A,leakage_current,9.717,11.724,31.201,46.422,50.0,Latent_Defect
C06691,L091,Type_A,leakage_current,8.416,8.426,8.904,9.329,50.0,Healthy
C06692,L092,Type_B,leakage_current,9.747,10.006,10.609,11.632,50.0,Healthy
C06693,L093,Type_C,leakage_current,9.043,9.34,9.776,10.289,50.0,Healthy
C06694,L094,Type_A,leakage_current,9.888,9.858,10.323,10.906,50.0,Healthy
C06695,L095,Type_A,leakage_current,9.902,16.09,35.679,54.704,50.0,Obvious_Failure
C06696,L096,Type_A,leakage_current,10.097,15.528,31.797,48.128,50.0,Obvious_Failure
C06697,L097,Type_B,leakage_current,11.041,11.183,11.602,12.171,50.0,Healthy
C06698,L098,Type_C,leakage_current,10.086,10.252,10.778,11.309,50.0,Healthy
C06699,L099,Type_B,leakage_current,10.941,14.132,41.732,68.678,50.0,Rapid_Drift
C06700,L100,Type_C,leakage_current,10.405,19.559,45.787,71.942,50.0,Obvious_Failure
C06701,L001,Type_B,leakage_current,10.42,10.539,11.01,11.535,50.0,Healthy
C06702,L002,Type_C,leakage_current,9.308,9.624,10.483,11.456,50.0,Healthy
C06703,L003,Type_B,leakage_current,10.277,10.62,11.201,11.321,50.0,Healthy
C06704,L004,Type_A,leakage_current,9.898,9.931,10.209,10.594,50.0,Healthy
C06705,L005,Type_C,leakage_current,9.959,10.259,11.049,11.908,50.0,Healthy
C06706,L006,Type_B,leakage_current,11.117,11.219,11.776,12.17,50.0,Healthy
C06707,L007,Type_A,leakage_current,10.238,10.562,11.085,11.743,50.0,Healthy
C06708,L008,Type_C,leakage_current,9.823,9.861,10.381,10.539,50.0,Healthy
C06709,L009,Type_B,leakage_current,10.809,11.296,12.109,13.196,50.0,Healthy
C06710,L010,Type_B,leakage_current,11.165,11.387,12.472,13.528,50.0,Healthy
C06711,L011,Type_A,leakage_current,10.231,10.163,10.636,11.213,50.0,Healthy
C06712,L012,Type_A,leakage_current,9.901,10.185,11.005,11.37,50.0,Healthy
C06713,L013,Type_B,leakage_current,11.981,12.26,13.046,13.803,50.0,Healthy
C06714,L014,Type_A,leakage_current,9.31,9.574,9.962,10.928,50.0,Healthy
C06715,L015,Type_B,leakage_current,10.505,13.651,33.414,53.188,50.0,Rapid_Drift
C06716,L016,Type_B,leakage_current,10.523,10.651,11.186,11.714,50.0,Healthy
C06717,L017,Type_A,leakage_current,10.115,10.237,10.64,10.841,50.0,Healthy
C06718,L018,Type_A,leakage_current,9.855,10.078,10.648,11.395,50.0,Healthy
C06719,L019,Type_A,leakage_current,9.551,9.814,10.3,10.535,50.0,Healthy
C06720,L020,Type_C,leakage_current,9.368,9.468,9.571,10.134,50.0,Healthy
C06721,L021,Type_A,leakage_current,9.976,10.426,10.928,11.839,50.0,Healthy
C06722,L022,Type_B,leakage_current,11.229,11.319,12.109,12.977,50.0,Healthy
C06723,L023,Type_A,leakage_current,9.543,9.837,10.19,10.666,50.0,Healthy
C06724,L024,Type_B,leakage_current,10.898,12.999,30.853,44.847,50.0,Latent_Defect
C06725,L025,Type_A,leakage_current,10.387,10.655,11.621,12.611,50.0,Healthy
C06726,L026,Type_A,leakage_current,9.751,9.811,10.669,11.23,50.0,Healthy
C06727,L027,Type_B,leakage_current,11.142,14.192,41.943,70.388,50.0,Rapid_Drift
C06728,L028,Type_A,leakage_current,10.532,10.589,10.8,11.44,50.0,Healthy
C06729,L029,Type_A,leakage_current,9.187,9.237,9.683,10.218,50.0,Healthy
C06730,L030,Type_B,leakage_current,10.575,13.684,36.214,58.003,50.0,Rapid_Drift
C06731,L031,Type_A,leakage_current,8.989,9.062,9.47,9.534,50.0,Healthy
C06732,L032,Type_A,leakage_current,10.457,12.061,27.915,39.636,50.0,Latent_Defect
C06733,L033,Type_A,leakage_current,10.022,10.235,10.905,11.262,50.0,Healthy
C06734,L034,Type_A,leakage_current,9.84,10.009,10.698,11.246,50.0,Healthy
C06735,L035,Type_B,leakage_current,10.38,10.729,11.524,12.196,50.0,Healthy
C06736,L036,Type_B,leakage_current,10.056,10.301,10.839,11.719,50.0,Healthy
C06737,L037,Type_B,leakage_current,10.414,13.685,36.546,59.37,50.0,Rapid_Drift
C06738,L038,Type_B,leakage_current,10.691,10.921,11.747,12.54,50.0,Healthy
C06739,L039,Type_C,leakage_current,8.883,10.688,29.926,48.293,50.0,Latent_Defect
C06740,L040,Type_A,leakage_current,9.476,9.831,10.495,11.386,50.0,Healthy
C06741,L041,Type_B,leakage_current,11.246,11.442,12.122,13.002,50.0,Healthy
C06742,L042,Type_A,leakage_current,10.131,10.302,10.816,11.39,50.0,Healthy
C06743,L043,Type_A,leakage_current,9.329,9.569,10.112,10.624,50.0,Healthy
C06744,L044,Type_B,leakage_current,11.004,11.161,11.851,12.132,50.0,Healthy
C06745,L045,Type_B,leakage_current,11.369,11.524,11.958,12.308,50.0,Healthy
C06746,L046,Type_A,leakage_current,9.778,9.912,10.324,10.503,50.0,Healthy
C06747,L047,Type_B,leakage_current,11.301,11.599,11.63,11.898,50.0,Healthy
C06748,L048,Type_A,leakage_current,9.158,9.484,10.276,11.117,50.0,Healthy
C06749,L049,Type_A,leakage_current,10.988,12.462,29.644,40.709,50.0,Latent_Defect
C06750,L050,Type_A,leakage_current,9.52,9.795,10.615,11.375,50.0,Healthy
C06751,L051,Type_B,leakage_current,10.054,10.423,10.929,11.147,50.0,Healthy
C06752,L052,Type_A,leakage_current,9.523,10.814,28.506,38.145,50.0,Latent_Defect
C06753,L053,Type_B,leakage_current,11.188,11.61,12.268,12.736,50.0,Healthy
C06754,L054,Type_A,leakage_current,9.512,9.378,9.897,10.196,50.0,Healthy
C06755,L055,Type_A,leakage_current,8.637,11.433,33.175,54.614,50.0,Rapid_Drift
C06756,L056,Type_B,leakage_current,10.454,14.225,31.051,47.902,50.0,Rapid_Drift
C06757,L057,Type_B,leakage_current,10.782,11.013,12.013,12.805,50.0,Healthy
C06758,L058,Type_A,leakage_current,9.539,9.705,10.308,10.914,50.0,Healthy
C06759,L059,Type_B,leakage_current,10.492,10.91,11.855,13.025,50.0,Healthy
C06760,L060,Type_A,leakage_current,8.869,10.278,23.555,36.128,50.0,Latent_Defect
C06761,L061,Type_A,leakage_current,10.33,10.459,11.036,12.008,50.0,Healthy
C06762,L062,Type_A,leakage_current,9.641,9.724,10.159,10.77,50.0,Healthy
C06763,L063,Type_A,leakage_current,10.799,10.883,11.255,11.391,50.0,Healthy
C06764,L064,Type_A,leakage_current,10.189,13.288,38.413,64.385,50.0,Rapid_Drift
C06765,L065,Type_A,leakage_current,10.68,10.769,11.123,11.154,50.0,Healthy
C06766,L066,Type_B,leakage_current,10.651,17.137,35.375,52.794,50.0,Obvious_Failure
C06767,L067,Type_A,leakage_current,11.308,11.352,11.624,12.009,50.0,Healthy
C06768,L068,Type_A,leakage_current,9.663,17.283,40.943,64.961,50.0,Obvious_Failure
C06769,L069,Type_B,leakage_current,11.037,11.382,12.06,12.846,50.0,Healthy
C06770,L070,Type_B,leakage_current,10.872,11.075,11.502,12.058,50.0,Healthy
C06771,L071,Type_A,leakage_current,8.946,9.178,9.613,10.362,50.0,Healthy
C06772,L072,Type_A,leakage_current,9.184,9.328,10.074,10.691,50.0,Healthy
C06773,L073,Type_B,leakage_current,11.575,11.783,12.225,12.241,50.0,Healthy
C06774,L074,Type_B,leakage_current,11.405,11.733,12.652,13.633,50.0,Healthy
C06775,L075,Type_B,leakage_current,10.735,11.092,11.253,11.684,50.0,Healthy
C06776,L076,Type_A,leakage_current,10.352,10.829,11.869,12.891,50.0,Healthy
C06777,L077,Type_C,leakage_current,9.617,9.611,10.14,10.509,50.0,Healthy
C06778,L078,Type_A,leakage_current,10.045,9.934,9.998,10.385,50.0,Healthy
C06779,L079,Type_B,leakage_current,11.24,11.57,12.315,12.961,50.0,Healthy
C06780,L080,Type_A,leakage_current,9.218,9.595,9.984,10.661,50.0,Healthy
C06781,L081,Type_C,leakage_current,10.557,10.684,11.54,12.197,50.0,Healthy
C06782,L082,Type_A,leakage_current,9.683,9.864,10.17,10.423,50.0,Healthy
C06783,L083,Type_A,leakage_current,10.093,10.148,10.852,11.329,50.0,Healthy
C06784,L084,Type_C,leakage_current,9.745,9.846,10.176,10.836,50.0,Healthy
C06785,L085,Type_A,leakage_current,9.976,12.818,31.279,50.195,50.0,Rapid_Drift
C06786,L086,Type_A,leakage_current,10.071,10.446,11.335,12.353,50.0,Healthy
C06787,L087,Type_A,leakage_current,8.481,8.651,9.209,9.554,50.0,Healthy
C06788,L088,Type_A,leakage_current,10.521,15.949,32.035,48.436,50.0,Obvious_Failure
C06789,L089,Type_B,leakage_current,10.433,10.77,11.005,11.366,50.0,Healthy
C06790,L090,Type_A,leakage_current,10.179,10.373,10.791,11.18,50.0,Healthy
C06791,L091,Type_A,leakage_current,8.87,9.176,9.681,10.886,50.0,Healthy
C06792,L092,Type_A,leakage_current,10.531,10.785,11.53,12.226,50.0,Healthy
C06793,L093,Type_A,leakage_current,10.413,12.448,28.918,45.926,50.0,Latent_Defect
C06794,L094,Type_B,leakage_current,10.377,10.638,11.044,11.761,50.0,Healthy
C06795,L095,Type_B,leakage_current,12.568,12.815,13.244,13.601,50.0,Healthy
C06796,L096,Type_A,leakage_current,9.465,9.781,10.153,10.673,50.0,Healthy
C06797,L097,Type_A,leakage_current,9.615,9.702,10.181,10.838,50.0,Healthy
C06798,L098,Type_A,leakage_current,9.312,9.648,10.756,11.549,50.0,Healthy
C06799,L099,Type_A,leakage_current,9.5,10.787,26.641,42.599,50.0,Latent_Defect
C06800,L100,Type_A,leakage_current,9.503,9.608,10.079,10.387,50.0,Healthy
C06801,L001,Type_B,leakage_current,11.421,11.865,12.443,13.317,50.0,Healthy
C06802,L002,Type_B,leakage_current,10.119,10.252,10.904,11.459,50.0,Healthy
C06803,L003,Type_B,leakage_current,10.618,10.531,10.704,11.238,50.0,Healthy
C06804,L004,Type_A,leakage_current,10.164,10.438,11.168,11.75,50.0,Healthy
C06805,L005,Type_B,leakage_current,9.986,10.309,11.016,11.857,50.0,Healthy
C06806,L006,Type_A,leakage_current,10.667,12.718,30.06,39.244,50.0,Latent_Defect
C06807,L007,Type_C,leakage_current,8.44,10.576,23.152,35.68,50.0,Latent_Defect
C06808,L008,Type_B,leakage_current,10.239,10.262,10.96,11.255,50.0,Healthy
C06809,L009,Type_A,leakage_current,9.514,9.758,10.664,11.666,50.0,Healthy
C06810,L010,Type_A,leakage_current,10.428,10.598,11.666,12.573,50.0,Healthy
C06811,L011,Type_B,leakage_current,11.686,15.358,32.52,49.994,50.0,Rapid_Drift
C06812,L012,Type_A,leakage_current,10.264,10.437,10.715,11.049,50.0,Healthy
C06813,L013,Type_B,leakage_current,10.485,10.657,11.618,12.349,50.0,Healthy
C06814,L014,Type_B,leakage_current,12.414,14.704,34.839,55.186,50.0,Rapid_Drift
C06815,L015,Type_A,leakage_current,10.846,10.912,11.181,11.577,50.0,Healthy
C06816,L016,Type_B,leakage_current,11.731,11.848,11.95,12.088,50.0,Healthy
C06817,L017,Type_B,leakage_current,11.869,18.114,36.777,55.456,50.0,Obvious_Failure
C06818,L018,Type_C,leakage_current,8.579,11.802,34.433,57.111,50.0,Rapid_Drift
C06819,L019,Type_A,leakage_current,9.608,12.236,34.923,57.736,50.0,Rapid_Drift
C06820,L020,Type_C,leakage_current,9.584,9.73,10.28,10.912,50.0,Healthy
C06821,L021,Type_A,leakage_current,10.282,11.54,29.155,38.76,50.0,Latent_Defect
C06822,L022,Type_C,leakage_current,9.078,9.197,10.111,10.95,50.0,Healthy
C06823,L023,Type_A,leakage_current,9.979,10.088,10.722,11.076,50.0,Healthy
C06824,L024,Type_A,leakage_current,10.437,10.844,11.6,12.354,50.0,Healthy
C06825,L025,Type_C,leakage_current,8.77,9.034,9.495,10.248,50.0,Healthy
C06826,L026,Type_A,leakage_current,9.573,9.506,10.056,10.541,50.0,Healthy
C06827,L027,Type_B,leakage_current,11.757,11.719,11.804,12.098,50.0,Healthy
C06828,L028,Type_A,leakage_current,10.902,11.041,11.487,12.107,50.0,Healthy
C06829,L029,Type_B,leakage_current,10.001,13.64,34.899,55.654,50.0,Rapid_Drift
C06830,L030,Type_B,leakage_current,10.433,10.653,10.908,11.308,50.0,Healthy
C06831,L031,Type_A,leakage_current,9.336,11.95,34.874,58.008,50.0,Rapid_Drift
C06832,L032,Type_A,leakage_current,10.487,10.573,11.023,11.228,50.0,Healthy
C06833,L033,Type_C,leakage_current,9.734,9.865,10.268,10.638,50.0,Healthy
C06834,L034,Type_C,leakage_current,10.847,14.399,33.203,51.525,50.0,Rapid_Drift
C06835,L035,Type_A,leakage_current,9.13,12.496,35.309,58.436,50.0,Rapid_Drift
C06836,L036,Type_A,leakage_current,11.127,11.261,11.917,12.398,50.0,Healthy
C06837,L037,Type_A,leakage_current,9.705,9.869,10.324,10.618,50.0,Healthy
C06838,L038,Type_A,leakage_current,10.338,10.818,11.636,11.983,50.0,Healthy
C06839,L039,Type_A,leakage_current,10.398,13.635,37.833,61.974,50.0,Rapid_Drift
C06840,L040,Type_C,leakage_current,9.456,9.97,10.844,11.715,50.0,Healthy
C06841,L041,Type_A,leakage_current,9.91,19.33,46.584,73.72,50.0,Obvious_Failure
C06842,L042,Type_A,leakage_current,10.046,11.741,25.945,40.155,50.0,Latent_Defect
C06843,L043,Type_A,leakage_current,9.741,9.969,10.683,11.544,50.0,Healthy
C06844,L044,Type_B,leakage_current,11.766,11.857,12.297,12.956,50.0,Healthy
C06845,L045,Type_B,leakage_current,10.219,10.569,11.026,11.932,50.0,Healthy
C06846,L046,Type_A,leakage_current,9.874,10.105,10.828,11.395,50.0,Healthy
C06847,L047,Type_A,leakage_current,10.944,11.133,12.272,12.949,50.0,Healthy
C06848,L048,Type_B,leakage_current,11.18,13.448,32.063,45.995,50.0,Latent_Defect
C06849,L049,Type_A,leakage_current,9.881,9.866,10.243,10.484,50.0,Healthy
C06850,L050,Type_B,leakage_current,10.652,10.752,11.132,11.449,50.0,Healthy
C06851,L051,Type_A,leakage_current,9.531,9.635,9.985,10.366,50.0,Healthy
C06852,L052,Type_C,leakage_current,10.093,10.285,11.037,11.805,50.0,Healthy
C06853,L053,Type_A,leakage_current,9.11,9.296,9.938,10.64,50.0,Healthy
C06854,L054,Type_A,leakage_current,8.867,9.072,9.621,10.561,50.0,Healthy
C06855,L055,Type_A,leakage_current,10.365,10.419,10.79,11.056,50.0,Healthy
C06856,L056,Type_A,leakage_current,10.244,10.259,10.973,11.808,50.0,Healthy
C06857,L057,Type_A,leakage_current,11.125,17.346,35.601,54.339,50.0,Obvious_Failure
C06858,L058,Type_A,leakage_current,10.559,11.952,25.629,38.894,50.0,Latent_Defect
C06859,L059,Type_B,leakage_current,12.458,12.702,13.147,14.034,50.0,Healthy
C06860,L060,Type_B,leakage_current,10.826,11.02,12.055,12.937,50.0,Healthy
C06861,L061,Type_B,leakage_current,10.994,11.278,12.111,12.74,50.0,Healthy
C06862,L062,Type_A,leakage_current,8.638,8.772,8.911,9.193,50.0,Healthy
C06863,L063,Type_A,leakage_current,8.221,8.483,9.267,9.86,50.0,Healthy
C06864,L064,Type_C,leakage_current,8.872,9.24,9.991,10.666,50.0,Healthy
C06865,L065,Type_C,leakage_current,9.325,9.724,10.68,11.408,50.0,Healthy
C06866,L066,Type_A,leakage_current,9.871,9.831,10.428,10.89,50.0,Healthy
C06867,L067,Type_A,leakage_current,9.714,9.823,10.177,10.434,50.0,Healthy
C06868,L068,Type_A,leakage_current,8.953,12.234,39.879,67.573,50.0,Rapid_Drift
C06869,L069,Type_A,leakage_current,10.482,10.855,11.603,12.642,50.0,Healthy
C06870,L070,Type_A,leakage_current,9.851,9.931,10.494,11.008,50.0,Healthy
C06871,L071,Type_C,leakage_current,8.834,10.448,31.096,42.736,50.0,Latent_Defect
C06872,L072,Type_C,leakage_current,9.661,9.833,10.363,10.858,50.0,Healthy
C06873,L073,Type_B,leakage_current,11.362,11.461,12.334,12.906,50.0,Healthy
C06874,L074,Type_A,leakage_current,11.152,11.364,11.838,12.249,50.0,Healthy
C06875,L075,Type_A,leakage_current,9.746,10.044,11.023,12.086,50.0,Healthy
C06876,L076,Type_A,leakage_current,8.882,8.786,9.249,9.792,50.0,Healthy
C06877,L077,Type_A,leakage_current,10.53,10.626,10.844,10.958,50.0,Healthy
C06878,L078,Type_A,leakage_current,10.292,10.631,11.093,11.395,50.0,Healthy
C06879,L079,Type_B,leakage_current,10.295,10.544,10.966,11.293,50.0,Healthy
C06880,L080,Type_C,leakage_current,9.988,10.078,10.441,11.209,50.0,Healthy
C06881,L081,Type_B,leakage_current,11.073,12.363,25.65,39.205,50.0,Latent_Defect
C06882,L082,Type_A,leakage_current,9.734,10.011,10.303,10.725,50.0,Healthy
C06883,L083,Type_A,leakage_current,8.692,15.748,37.072,58.201,50.0,Obvious_Failure
C06884,L084,Type_A,leakage_current,9.698,10.003,11.164,12.457,50.0,Healthy
C06885,L085,Type_C,leakage_current,9.318,9.562,10.038,10.564,50.0,Healthy
C06886,L086,Type_A,leakage_current,10.595,10.696,11.345,11.915,50.0,Healthy
C06887,L087,Type_C,leakage_current,10.221,10.327,10.521,10.757,50.0,Healthy
C06888,L088,Type_B,leakage_current,11.104,11.365,12.168,12.87,50.0,Healthy
C06889,L089,Type_A,leakage_current,9.666,11.873,28.632,45.5,50.0,Latent_Defect
C06890,L090,Type_A,leakage_current,10.306,10.383,11.084,11.803,50.0,Healthy
C06891,L091,Type_A,leakage_current,10.47,10.735,11.178,11.932,50.0,Healthy
C06892,L092,Type_B,leakage_current,11.598,11.896,12.814,13.178,50.0,Healthy
C06893,L093,Type_A,leakage_current,11.172,11.491,12.436,13.077,50.0,Healthy
C06894,L094,Type_B,leakage_current,10.949,11.157,11.408,11.759,50.0,Healthy
C06895,L095,Type_C,leakage_current,8.54,8.491,9.29,10.096,50.0,Healthy
C06896,L096,Type_B,leakage_current,10.399,10.529,11.148,11.655,50.0,Healthy
C06897,L097,Type_A,leakage_current,11.031,11.12,11.619,12.02,50.0,Healthy
C06898,L098,Type_B,leakage_current,11.443,11.739,12.608,13.565,50.0,Healthy
C06899,L099,Type_A,leakage_current,10.198,10.586,11.427,12.453,50.0,Healthy
C06900,L100,Type_B,leakage_current,11.651,11.696,12.004,12.634,50.0,Healthy
C06901,L001,Type_A,leakage_current,9.653,11.404,28.751,42.049,50.0,Latent_Defect
C06902,L002,Type_A,leakage_current,9.328,11.754,31.95,41.901,50.0,Latent_Defect
C06903,L003,Type_A,leakage_current,10.295,10.395,10.862,11.109,50.0,Healthy
C06904,L004,Type_A,leakage_current,8.983,9.297,9.904,10.798,50.0,Healthy
C06905,L005,Type_A,leakage_current,9.156,9.405,10.122,11.217,50.0,Healthy
C06906,L006,Type_A,leakage_current,10.008,11.425,24.051,36.762,50.0,Latent_Defect
C06907,L007,Type_C,leakage_current,10.203,16.306,34.525,53.164,50.0,Obvious_Failure
C06908,L008,Type_A,leakage_current,10.927,14.311,36.847,60.042,50.0,Rapid_Drift
C06909,L009,Type_B,leakage_current,10.056,10.269,10.889,11.493,50.0,Healthy
C06910,L010,Type_A,leakage_current,10.25,10.414,10.964,11.506,50.0,Healthy
C06911,L011,Type_B,leakage_current,10.455,17.131,36.154,55.357,50.0,Obvious_Failure
C06912,L012,Type_A,leakage_current,9.073,9.359,10.258,10.916,50.0,Healthy
C06913,L013,Type_B,leakage_current,11.07,11.202,11.078,11.377,50.0,Healthy
C06914,L014,Type_A,leakage_current,9.412,9.769,10.048,10.453,50.0,Healthy
C06915,L015,Type_B,leakage_current,9.545,10.457,24.576,38.707,50.0,Latent_Defect
C06916,L016,Type_A,leakage_current,9.567,18.289,44.912,71.367,50.0,Obvious_Failure
C06917,L017,Type_A,leakage_current,9.425,11.219,30.649,44.683,50.0,Latent_Defect
C06918,L018,Type_A,leakage_current,9.08,9.357,10.247,11.202,50.0,Healthy
C06919,L019,Type_B,leakage_current,11.163,11.327,11.708,11.949,50.0,Healthy
C06920,L020,Type_B,leakage_current,10.911,11.238,11.96,12.874,50.0,Healthy
C06921,L021,Type_B,leakage_current,11.408,11.641,11.975,12.835,50.0,Healthy
C06922,L022,Type_A,leakage_current,9.405,9.737,10.4,11.039,50.0,Healthy
C06923,L023,Type_A,leakage_current,9.385,9.442,10.161,10.792,50.0,Healthy
C06924,L024,Type_A,leakage_current,8.7,8.796,9.079,9.284,50.0,Healthy
C06925,L025,Type_A,leakage_current,9.723,10.029,10.437,10.623,50.0,Healthy
C06926,L026,Type_A,leakage_current,10.465,11.852,25.213,39.414,50.0,Latent_Defect
C06927,L027,Type_A,leakage_current,9.848,10.027,10.284,10.454,50.0,Healthy
C06928,L028,Type_C,leakage_current,8.529,8.876,9.341,10.208,50.0,Healthy
C06929,L029,Type_C,leakage_current,9.843,9.99,10.524,11.137,50.0,Healthy
C06930,L030,Type_A,leakage_current,10.205,10.505,11.195,11.939,50.0,Healthy
C06931,L031,Type_A,leakage_current,10.559,10.721,11.445,11.838,50.0,Healthy
C06932,L032,Type_C,leakage_current,9.606,9.788,10.607,11.658,50.0,Healthy
C06933,L033,Type_A,leakage_current,8.842,11.07,25.544,39.048,50.0,Latent_Defect
C06934,L034,Type_A,leakage_current,9.778,10.149,10.691,11.518,50.0,Healthy
C06935,L035,Type_A,leakage_current,10.165,10.246,10.845,11.402,50.0,Healthy
C06936,L036,Type_A,leakage_current,10.191,10.564,11.303,12.022,50.0,Healthy
C06937,L037,Type_A,leakage_current,10.671,12.707,32.101,46.986,50.0,Latent_Defect
C06938,L038,Type_B,leakage_current,10.66,10.821,11.253,11.741,50.0,Healthy
C06939,L039,Type_A,leakage_current,9.008,9.086,9.305,10.014,50.0,Healthy
C06940,L040,Type_A,leakage_current,11.071,11.438,12.504,13.398,50.0,Healthy
C06941,L041,Type_C,leakage_current,9.379,11.202,27.339,40.772,50.0,Latent_Defect
C06942,L042,Type_A,leakage_current,9.56,9.886,10.534,11.275,50.0,Healthy
C06943,L043,Type_C,leakage_current,9.991,10.29,11.144,12.175,50.0,Healthy
C06944,L044,Type_B,leakage_current,11.804,12.204,12.563,12.769,50.0,Healthy
C06945,L045,Type_A,leakage_current,10.488,13.539,33.262,52.371,50.0,Rapid_Drift
C06946,L046,Type_C,leakage_current,9.219,10.76,29.79,39.883,50.0,Latent_Defect
C06947,L047,Type_A,leakage_current,10.025,15.082,31.315,47.074,50.0,Obvious_Failure
C06948,L048,Type_B,leakage_current,11.083,11.396,11.813,12.073,50.0,Healthy
C06949,L049,Type_C,leakage_current,10.462,10.668,11.083,11.345,50.0,Healthy
C06950,L050,Type_B,leakage_current,10.862,11.011,11.671,12.317,50.0,Healthy
C06951,L051,Type_A,leakage_current,9.543,12.092,31.208,45.816,50.0,Latent_Defect
C06952,L052,Type_A,leakage_current,9.494,9.661,10.125,10.856,50.0,Healthy
C06953,L053,Type_A,leakage_current,10.094,10.582,11.032,11.461,50.0,Healthy
C06954,L054,Type_B,leakage_current,11.495,11.834,12.62,13.415,50.0,Healthy
C06955,L055,Type_A,leakage_current,9.592,12.421,39.13,64.933,50.0,Rapid_Drift
C06956,L056,Type_B,leakage_current,11.03,12.951,25.134,37.723,50.0,Latent_Defect
C06957,L057,Type_C,leakage_current,8.66,8.854,9.596,10.18,50.0,Healthy
C06958,L058,Type_B,leakage_current,10.779,11.038,11.98,12.934,50.0,Healthy
C06959,L059,Type_C,leakage_current,10.706,11.024,11.716,12.578,50.0,Healthy
C06960,L060,Type_A,leakage_current,10.019,12.74,38.768,63.966,50.0,Rapid_Drift
C06961,L061,Type_A,leakage_current,9.84,11.507,28.281,45.032,50.0,Latent_Defect
C06962,L062,Type_A,leakage_current,10.034,10.234,11.034,11.699,50.0,Healthy
C06963,L063,Type_B,leakage_current,10.049,10.351,11.042,11.542,50.0,Healthy
C06964,L064,Type_A,leakage_current,10.307,10.471,11.08,11.534,50.0,Healthy
C06965,L065,Type_A,leakage_current,10.741,10.851,11.136,11.69,50.0,Healthy
C06966,L066,Type_B,leakage_current,11.048,11.185,11.516,12.045,50.0,Healthy
C06967,L067,Type_C,leakage_current,9.039,11.083,24.478,38.09,50.0,Latent_Defect
C06968,L068,Type_A,leakage_current,9.227,9.276,9.351,10.044,50.0,Healthy
C06969,L069,Type_B,leakage_current,11.464,11.65,12.32,12.645,50.0,Healthy
C06970,L070,Type_C,leakage_current,9.452,9.42,9.475,9.493,50.0,Healthy
C06971,L071,Type_B,leakage_current,11.327,11.392,11.736,11.741,50.0,Healthy
C06972,L072,Type_A,leakage_current,9.047,9.002,9.742,9.955,50.0,Healthy
C06973,L073,Type_A,leakage_current,11.155,11.506,12.203,12.842,50.0,Healthy
C06974,L074,Type_B,leakage_current,10.455,10.687,11.243,11.537,50.0,Healthy
C06975,L075,Type_C,leakage_current,10.187,12.666,35.011,57.426,50.0,Rapid_Drift
C06976,L076,Type_A,leakage_current,10.078,19.064,46.636,74.161,50.0,Obvious_Failure
C06977,L077,Type_B,leakage_current,10.532,10.703,11.763,12.604,50.0,Healthy
C06978,L078,Type_C,leakage_current,9.765,9.957,10.753,10.864,50.0,Healthy
C06979,L079,Type_A,leakage_current,9.523,9.633,10.375,10.895,50.0,Healthy
C06980,L080,Type_C,leakage_current,9.834,10.242,10.787,11.096,50.0,Healthy
C06981,L081,Type_A,leakage_current,9.408,9.61,10.293,10.937,50.0,Healthy
C06982,L082,Type_B,leakage_current,10.719,10.856,11.66,12.6,50.0,Healthy
C06983,L083,Type_B,leakage_current,10.786,10.888,11.317,11.918,50.0,Healthy
C06984,L084,Type_A,leakage_current,10.151,10.221,10.776,11.014,50.0,Healthy
C06985,L085,Type_C,leakage_current,8.776,8.781,9.012,9.183,50.0,Healthy
C06986,L086,Type_B,leakage_current,11.308,11.453,11.873,12.488,50.0,Healthy
C06987,L087,Type_A,leakage_current,9.873,10.138,10.492,11.599,50.0,Healthy
C06988,L088,Type_A,leakage_current,10.395,10.765,11.344,12.065,50.0,Healthy
C06989,L089,Type_A,leakage_current,10.358,10.556,11.246,11.738,50.0,Healthy
C06990,L090,Type_B,leakage_current,10.691,10.917,11.589,12.361,50.0,Healthy
C06991,L091,Type_A,leakage_current,9.495,11.322,28.691,46.248,50.0,Latent_Defect
C06992,L092,Type_B,leakage_current,10.315,10.699,10.925,11.325,50.0,Healthy
C06993,L093,Type_A,leakage_current,9.419,9.612,10.483,11.262,50.0,Healthy
C06994,L094,Type_A,leakage_current,9.51,9.687,10.478,11.24,50.0,Healthy
C06995,L095,Type_B,leakage_current,11.156,11.401,11.987,12.151,50.0,Healthy
C06996,L096,Type_A,leakage_current,10.549,11.014,12.08,12.84,50.0,Healthy
C06997,L097,Type_B,leakage_current,10.572,10.607,11.11,11.964,50.0,Healthy
C06998,L098,Type_A,leakage_current,9.678,9.891,10.446,10.68,50.0,Healthy
C06999,L099,Type_A,leakage_current,9.548,9.563,10.139,10.67,50.0,Healthy
C07000,L100,Type_B,leakage_current,11.266,11.358,12.054,12.735,50.0,Healthy
C07001,L001,Type_A,leakage_current,10.014,10.24,10.819,11.571,50.0,Healthy
C07002,L002,Type_B,leakage_current,10.966,12.209,28.693,39.268,50.0,Latent_Defect
C07003,L003,Type_A,leakage_current,10.294,10.22,10.726,11.238,50.0,Healthy
C07004,L004,Type_A,leakage_current,11.091,11.432,12.151,13.411,50.0,Healthy
C07005,L005,Type_B,leakage_current,10.215,13.175,30.891,48.247,50.0,Rapid_Drift
C07006,L006,Type_B,leakage_current,10.531,10.332,10.443,10.566,50.0,Healthy
C07007,L007,Type_C,leakage_current,9.882,10.034,10.604,10.76,50.0,Healthy
C07008,L008,Type_B,leakage_current,11.309,14.108,37.938,61.363,50.0,Rapid_Drift
C07009,L009,Type_A,leakage_current,9.978,10.251,10.66,11.084,50.0,Healthy
C07010,L010,Type_A,leakage_current,10.63,10.988,11.203,11.725,50.0,Healthy
C07011,L011,Type_C,leakage_current,8.42,8.375,8.677,9.12,50.0,Healthy
C07012,L012,Type_C,leakage_current,8.381,8.4,9.153,9.924,50.0,Healthy
C07013,L013,Type_A,leakage_current,10.271,10.299,10.337,10.761,50.0,Healthy
C07014,L014,Type_A,leakage_current,9.998,12.091,31.952,43.387,50.0,Latent_Defect
C07015,L015,Type_C,leakage_current,8.67,8.9,9.584,10.266,50.0,Healthy
C07016,L016,Type_A,leakage_current,9.199,9.411,10.098,10.566,50.0,Healthy
C07017,L017,Type_A,leakage_current,9.516,9.786,10.728,11.574,50.0,Healthy
C07018,L018,Type_C,leakage_current,9.443,12.566,36.045,59.43,50.0,Rapid_Drift
C07019,L019,Type_A,leakage_current,10.246,10.322,10.574,10.905,50.0,Healthy
C07020,L020,Type_C,leakage_current,10.333,10.349,10.648,10.968,50.0,Healthy
C07021,L021,Type_B,leakage_current,11.137,11.458,12.347,13.657,50.0,Healthy
C07022,L022,Type_A,leakage_current,9.761,12.036,30.289,47.206,50.0,Latent_Defect
C07023,L023,Type_A,leakage_current,9.644,9.808,10.351,10.953,50.0,Healthy
C07024,L024,Type_A,leakage_current,9.027,9.335,9.976,10.292,50.0,Healthy
C07025,L025,Type_C,leakage_current,9.598,9.875,10.249,10.857,50.0,Healthy
C07026,L026,Type_B,leakage_current,10.545,10.531,11.071,11.476,50.0,Healthy
C07027,L027,Type_B,leakage_current,11.195,12.731,25.687,38.791,50.0,Latent_Defect
C07028,L028,Type_A,leakage_current,9.262,9.539,10.686,11.173,50.0,Healthy
C07029,L029,Type_B,leakage_current,10.712,10.881,11.182,11.228,50.0,Healthy
C07030,L030,Type_A,leakage_current,8.846,11.088,26.094,41.16,50.0,Latent_Defect
C07031,L031,Type_C,leakage_current,9.082,9.257,9.745,10.463,50.0,Healthy
C07032,L032,Type_A,leakage_current,10.139,10.469,11.265,11.772,50.0,Healthy
C07033,L033,Type_A,leakage_current,11.027,11.225,12.055,12.87,50.0,Healthy
C07034,L034,Type_B,leakage_current,10.886,10.999,10.74,11.032,50.0,Healthy
C07035,L035,Type_A,leakage_current,10.521,10.739,11.182,11.542,50.0,Healthy
C07036,L036,Type_B,leakage_current,11.305,11.731,12.504,13.203,50.0,Healthy
C07037,L037,Type_B,leakage_current,10.693,13.938,30.805,47.848,50.0,Rapid_Drift
C07038,L038,Type_A,leakage_current,10.86,12.314,27.137,41.094,50.0,Latent_Defect
C07039,L039,Type_B,leakage_current,10.952,11.06,11.225,11.62,50.0,Healthy
C07040,L040,Type_A,leakage_current,9.679,9.873,10.372,11.144,50.0,Healthy
C07041,L041,Type_A,leakage_current,9.997,10.058,10.881,11.079,50.0,Healthy
C07042,L042,Type_A,leakage_current,9.583,9.655,9.868,9.753,50.0,Healthy
C07043,L043,Type_A,leakage_current,10.173,10.22,11.072,11.741,50.0,Healthy
C07044,L044,Type_A,leakage_current,10.549,12.69,32.894,45.008,50.0,Latent_Defect
C07045,L045,Type_A,leakage_current,9.815,12.918,35.41,57.44,50.0,Rapid_Drift
C07046,L046,Type_A,leakage_current,10.137,10.56,11.661,12.663,50.0,Healthy
C07047,L047,Type_C,leakage_current,9.603,9.775,10.548,11.416,50.0,Healthy
C07048,L048,Type_A,leakage_current,10.751,10.774,11.671,11.936,50.0,Healthy
C07049,L049,Type_B,leakage_current,10.518,10.779,11.545,12.221,50.0,Healthy
C07050,L050,Type_A,leakage_current,9.354,9.702,10.213,10.567,50.0,Healthy
C07051,L051,Type_C,leakage_current,10.672,10.817,11.459,11.948,50.0,Healthy
C07052,L052,Type_B,leakage_current,9.382,9.28,9.464,9.866,50.0,Healthy
C07053,L053,Type_B,leakage_current,9.442,13.129,30.387,47.455,50.0,Rapid_Drift
C07054,L054,Type_B,leakage_current,10.506,16.84,35.975,55.149,50.0,Obvious_Failure
C07055,L055,Type_C,leakage_current,10.072,10.266,11.099,11.811,50.0,Healthy
C07056,L056,Type_A,leakage_current,9.683,11.602,25.191,38.889,50.0,Latent_Defect
C07057,L057,Type_A,leakage_current,9.997,12.705,34.314,56.274,50.0,Rapid_Drift
C07058,L058,Type_B,leakage_current,10.391,10.547,10.891,11.246,50.0,Healthy
C07059,L059,Type_B,leakage_current,10.607,10.861,11.375,11.811,50.0,Healthy
C07060,L060,Type_B,leakage_current,10.764,11.009,11.449,12.141,50.0,Healthy
C07061,L061,Type_A,leakage_current,9.765,10.169,10.972,11.892,50.0,Healthy
C07062,L062,Type_A,leakage_current,11.168,11.534,12.251,13.014,50.0,Healthy
C07063,L063,Type_B,leakage_current,12.053,12.614,13.795,14.665,50.0,Healthy
C07064,L064,Type_A,leakage_current,9.287,9.423,9.735,10.068,50.0,Healthy
C07065,L065,Type_A,leakage_current,9.847,11.409,26.688,42.044,50.0,Latent_Defect
C07066,L066,Type_B,leakage_current,10.691,13.389,40.585,67.538,50.0,Rapid_Drift
C07067,L067,Type_C,leakage_current,11.062,11.441,12.323,13.044,50.0,Healthy
C07068,L068,Type_A,leakage_current,9.663,12.04,24.59,37.927,50.0,Latent_Defect
C07069,L069,Type_B,leakage_current,10.821,19.334,45.388,70.656,50.0,Obvious_Failure
C07070,L070,Type_C,leakage_current,8.965,9.107,10.163,11.121,50.0,Healthy
C07071,L071,Type_A,leakage_current,9.319,9.481,10.026,10.449,50.0,Healthy
C07072,L072,Type_A,leakage_current,9.158,9.226,9.991,10.142,50.0,Healthy
C07073,L073,Type_A,leakage_current,10.147,10.229,10.732,11.156,50.0,Healthy
C07074,L074,Type_A,leakage_current,9.454,9.524,9.873,10.283,50.0,Healthy
C07075,L075,Type_B,leakage_current,10.235,10.539,11.462,12.218,50.0,Healthy
C07076,L076,Type_A,leakage_current,10.5,10.809,11.443,11.943,50.0,Healthy
C07077,L077,Type_A,leakage_current,10.59,10.859,11.575,12.29,50.0,Healthy
C07078,L078,Type_A,leakage_current,10.246,13.398,32.527,51.727,50.0,Rapid_Drift
C07079,L079,Type_B,leakage_current,11.343,11.263,11.597,11.63,50.0,Healthy
C07080,L080,Type_C,leakage_current,9.247,9.318,9.75,10.114,50.0,Healthy
C07081,L081,Type_B,leakage_current,11.439,11.611,12.33,12.747,50.0,Healthy
C07082,L082,Type_A,leakage_current,10.758,11.032,11.868,12.631,50.0,Healthy
C07083,L083,Type_B,leakage_current,9.792,10.019,10.568,10.852,50.0,Healthy
C07084,L084,Type_A,leakage_current,8.957,9.018,10.119,10.583,50.0,Healthy
C07085,L085,Type_C,leakage_current,9.464,15.586,34.199,52.571,50.0,Obvious_Failure
C07086,L086,Type_A,leakage_current,10.05,13.19,40.937,68.667,50.0,Rapid_Drift
C07087,L087,Type_B,leakage_current,10.899,11.269,11.887,12.443,50.0,Healthy
C07088,L088,Type_B,leakage_current,11.65,11.889,12.716,13.423,50.0,Healthy
C07089,L089,Type_B,leakage_current,10.828,11.065,11.961,12.67,50.0,Healthy
C07090,L090,Type_B,leakage_current,10.783,10.762,10.759,11.03,50.0,Healthy
C07091,L091,Type_A,leakage_current,9.511,9.543,10.174,10.521,50.0,Healthy
C07092,L092,Type_A,leakage_current,9.522,9.476,9.679,10.287,50.0,Healthy
C07093,L093,Type_A,leakage_current,9.228,9.424,9.769,10.532,50.0,Healthy
C07094,L094,Type_B,leakage_current,11.226,11.276,11.596,12.033,50.0,Healthy
C07095,L095,Type_A,leakage_current,10.18,10.111,10.825,11.43,50.0,Healthy
C07096,L096,Type_A,leakage_current,9.809,12.088,28.31,38.112,50.0,Latent_Defect
C07097,L097,Type_C,leakage_current,8.87,11.149,28.153,41.962,50.0,Latent_Defect
C07098,L098,Type_C,leakage_current,9.661,9.937,10.926,11.861,50.0,Healthy
C07099,L099,Type_B,leakage_current,10.335,10.448,11.067,11.533,50.0,Healthy
C07100,L100,Type_A,leakage_current,9.967,10.189,10.71,11.119,50.0,Healthy
C07101,L001,Type_A,leakage_current,9.398,9.402,10.252,11.155,50.0,Healthy
C07102,L002,Type_A,leakage_current,10.518,10.542,11.037,11.588,50.0,Healthy
C07103,L003,Type_A,leakage_current,9.854,10.209,11.16,12.304,50.0,Healthy
C07104,L004,Type_A,leakage_current,9.847,10.116,10.675,11.227,50.0,Healthy
C07105,L005,Type_A,leakage_current,9.62,9.902,10.249,10.892,50.0,Healthy
C07106,L006,Type_B,leakage_current,10.735,10.9,11.397,11.633,50.0,Healthy
C07107,L007,Type_A,leakage_current,10.048,10.236,10.843,11.562,50.0,Healthy
C07108,L008,Type_A,leakage_current,9.043,9.362,9.882,10.033,50.0,Healthy
C07109,L009,Type_B,leakage_current,10.819,11.059,11.471,12.249,50.0,Healthy
C07110,L010,Type_A,leakage_current,10.077,10.194,10.666,10.941,50.0,Healthy
C07111,L011,Type_B,leakage_current,10.113,10.469,10.688,11.279,50.0,Healthy
C07112,L012,Type_B,leakage_current,11.494,11.723,12.259,12.862,50.0,Healthy
C07113,L013,Type_B,leakage_current,9.494,9.454,9.625,10.079,50.0,Healthy
C07114,L014,Type_C,leakage_current,9.746,9.886,10.552,11.112,50.0,Healthy
C07115,L015,Type_B,leakage_current,8.788,10.937,29.309,44.998,50.0,Latent_Defect
C07116,L016,Type_A,leakage_current,10.734,11.027,11.847,12.359,50.0,Healthy
C07117,L017,Type_B,leakage_current,10.925,12.6,29.226,46.095,50.0,Latent_Defect
C07118,L018,Type_B,leakage_current,10.51,10.754,11.191,11.589,50.0,Healthy
C07119,L019,Type_C,leakage_current,9.927,10.273,10.803,11.864,50.0,Healthy
C07120,L020,Type_B,leakage_current,11.066,11.425,12.135,12.914,50.0,Healthy
C07121,L021,Type_A,leakage_current,10.287,10.396,10.849,11.283,50.0,Healthy
C07122,L022,Type_A,leakage_current,9.497,9.618,10.192,11.004,50.0,Healthy
C07123,L023,Type_A,leakage_current,10.139,10.209,10.877,11.089,50.0,Healthy
C07124,L024,Type_A,leakage_current,9.707,9.784,10.565,11.008,50.0,Healthy
C07125,L025,Type_A,leakage_current,9.762,11.284,26.736,41.401,50.0,Latent_Defect
C07126,L026,Type_B,leakage_current,10.911,14.169,39.315,65.021,50.0,Rapid_Drift
C07127,L027,Type_A,leakage_current,10.08,10.486,10.769,11.35,50.0,Healthy
C07128,L028,Type_C,leakage_current,9.58,13.227,37.8,62.707,50.0,Rapid_Drift
C07129,L029,Type_A,leakage_current,9.752,10.062,10.333,10.755,50.0,Healthy
C07130,L030,Type_A,leakage_current,9.767,9.793,10.481,10.858,50.0,Healthy
C07131,L031,Type_A,leakage_current,9.566,9.955,10.804,11.342,50.0,Healthy
C07132,L032,Type_B,leakage_current,10.643,10.925,11.469,12.072,50.0,Healthy
C07133,L033,Type_A,leakage_current,9.442,9.403,9.939,10.63,50.0,Healthy
C07134,L034,Type_B,leakage_current,10.367,10.384,10.937,11.499,50.0,Healthy
C07135,L035,Type_A,leakage_current,9.851,9.905,10.082,10.642,50.0,Healthy
C07136,L036,Type_A,leakage_current,9.081,12.462,41.842,70.591,50.0,Rapid_Drift
C07137,L037,Type_C,leakage_current,9.227,9.455,9.884,10.36,50.0,Healthy
C07138,L038,Type_A,leakage_current,9.284,10.818,24.97,38.796,50.0,Latent_Defect
C07139,L039,Type_B,leakage_current,11.385,16.705,32.188,47.19,50.0,Obvious_Failure
C07140,L040,Type_B,leakage_current,10.553,10.795,10.964,11.267,50.0,Healthy
C07141,L041,Type_C,leakage_current,9.747,12.115,29.956,39.63,50.0,Latent_Defect
C07142,L042,Type_A,leakage_current,10.627,13.143,30.757,47.787,50.0,Rapid_Drift
C07143,L043,Type_C,leakage_current,9.555,9.677,10.5,11.398,50.0,Healthy
C07144,L044,Type_B,leakage_current,10.846,10.964,11.504,12.291,50.0,Healthy
C07145,L045,Type_C,leakage_current,9.642,9.834,10.394,10.903,50.0,Healthy
C07146,L046,Type_A,leakage_current,9.043,9.166,9.593,10.093,50.0,Healthy
C07147,L047,Type_A,leakage_current,9.714,10.014,10.676,11.158,50.0,Healthy
C07148,L048,Type_B,leakage_current,10.58,10.65,11.192,11.548,50.0,Healthy
C07149,L049,Type_A,leakage_current,10.485,10.39,10.59,11.19,50.0,Healthy
C07150,L050,Type_B,leakage_current,10.636,15.489,30.477,45.456,50.0,Obvious_Failure
C07151,L051,Type_A,leakage_current,9.969,10.135,10.648,10.779,50.0,Healthy
C07152,L052,Type_C,leakage_current,9.047,16.507,39.027,61.241,50.0,Obvious_Failure
C07153,L053,Type_A,leakage_current,10.281,10.653,11.253,11.954,50.0,Healthy
C07154,L054,Type_A,leakage_current,11.022,11.342,12.298,13.067,50.0,Healthy
C07155,L055,Type_A,leakage_current,10.752,10.836,11.352,11.934,50.0,Healthy
C07156,L056,Type_B,leakage_current,9.908,9.968,10.284,10.595,50.0,Healthy
C07157,L057,Type_A,leakage_current,9.259,9.594,10.419,11.335,50.0,Healthy
C07158,L058,Type_B,leakage_current,11.002,11.15,11.858,12.558,50.0,Healthy
C07159,L059,Type_A,leakage_current,9.922,9.951,10.715,11.135,50.0,Healthy
C07160,L060,Type_A,leakage_current,10.257,10.257,10.709,11.285,50.0,Healthy
C07161,L061,Type_C,leakage_current,8.5,8.723,9.172,9.8,50.0,Healthy
C07162,L062,Type_C,leakage_current,9.958,10.317,10.983,11.688,50.0,Healthy
C07163,L063,Type_B,leakage_current,10.605,10.811,11.233,11.947,50.0,Healthy
C07164,L064,Type_A,leakage_current,10.127,10.367,11.053,11.697,50.0,Healthy
C07165,L065,Type_C,leakage_current,9.858,10.106,10.554,11.372,50.0,Healthy
C07166,L066,Type_A,leakage_current,9.458,9.517,10.126,10.738,50.0,Healthy
C07167,L067,Type_B,leakage_current,10.529,16.037,32.777,49.279,50.0,Obvious_Failure
C07168,L068,Type_A,leakage_current,10.383,10.443,11.055,11.632,50.0,Healthy
C07169,L069,Type_A,leakage_current,9.981,10.089,11.368,12.25,50.0,Healthy
C07170,L070,Type_C,leakage_current,9.16,9.41,9.776,9.966,50.0,Healthy
C07171,L071,Type_B,leakage_current,10.518,10.805,11.306,11.766,50.0,Healthy
C07172,L072,Type_B,leakage_current,11.124,11.46,12.213,12.977,50.0,Healthy
C07173,L073,Type_A,leakage_current,9.507,9.697,9.807,10.157,50.0,Healthy
C07174,L074,Type_A,leakage_current,10.251,10.511,10.803,11.161,50.0,Healthy
C07175,L075,Type_B,leakage_current,11.259,11.392,11.557,11.843,50.0,Healthy
C07176,L076,Type_A,leakage_current,10.984,11.132,11.804,12.368,50.0,Healthy
C07177,L077,Type_B,leakage_current,10.201,10.293,10.525,10.719,50.0,Healthy
C07178,L078,Type_A,leakage_current,10.065,10.348,11.091,11.396,50.0,Healthy
C07179,L079,Type_A,leakage_current,9.433,9.625,10.087,10.571,50.0,Healthy
C07180,L080,Type_A,leakage_current,10.324,10.615,11.093,12.058,50.0,Healthy
C07181,L081,Type_A,leakage_current,10.638,10.996,11.611,12.281,50.0,Healthy
C07182,L082,Type_B,leakage_current,10.629,10.852,11.26,12.022,50.0,Healthy
C07183,L083,Type_B,leakage_current,10.638,10.847,11.746,12.132,50.0,Healthy
C07184,L084,Type_B,leakage_current,11.103,14.195,36.723,59.225,50.0,Rapid_Drift
C07185,L085,Type_A,leakage_current,10.069,10.09,10.689,11.046,50.0,Healthy
C07186,L086,Type_A,leakage_current,9.925,10.016,10.717,11.151,50.0,Healthy
C07187,L087,Type_B,leakage_current,10.62,10.71,11.249,11.503,50.0,Healthy
C07188,L088,Type_A,leakage_current,10.095,10.292,10.754,10.907,50.0,Healthy
C07189,L089,Type_B,leakage_current,10.536,14.175,33.567,53.677,50.0,Rapid_Drift
C07190,L090,Type_A,leakage_current,10.335,10.516,11.035,11.614,50.0,Healthy
C07191,L091,Type_A,leakage_current,9.097,10.38,24.189,37.3,50.0,Latent_Defect
C07192,L092,Type_A,leakage_current,9.394,12.438,37.508,62.934,50.0,Rapid_Drift
C07193,L093,Type_C,leakage_current,10.885,14.254,37.428,60.362,50.0,Rapid_Drift
C07194,L094,Type_B,leakage_current,9.767,9.895,10.481,11.091,50.0,Healthy
C07195,L095,Type_C,leakage_current,8.233,8.282,8.945,9.432,50.0,Healthy
C07196,L096,Type_B,leakage_current,10.917,11.172,11.616,11.886,50.0,Healthy
C07197,L097,Type_A,leakage_current,10.836,11.018,11.784,12.049,50.0,Healthy
C07198,L098,Type_A,leakage_current,10.014,10.06,10.572,11.064,50.0,Healthy
C07199,L099,Type_B,leakage_current,11.113,11.372,11.882,12.45,50.0,Healthy
C07200,L100,Type_A,leakage_current,9.919,10.159,10.702,11.179,50.0,Healthy
C07201,L001,Type_A,leakage_current,9.574,9.648,10.15,10.2,50.0,Healthy
C07202,L002,Type_A,leakage_current,9.711,10.057,10.295,10.671,50.0,Healthy
C07203,L003,Type_A,leakage_current,10.693,11.053,11.989,12.932,50.0,Healthy
C07204,L004,Type_A,leakage_current,9.853,9.89,10.392,10.968,50.0,Healthy
C07205,L005,Type_A,leakage_current,9.459,9.537,9.96,10.666,50.0,Healthy
C07206,L006,Type_A,leakage_current,10.41,10.48,11.087,11.594,50.0,Healthy
C07207,L007,Type_B,leakage_current,10.505,10.993,11.85,12.867,50.0,Healthy
C07208,L008,Type_B,leakage_current,10.211,10.353,10.847,11.469,50.0,Healthy
C07209,L009,Type_A,leakage_current,9.124,9.321,9.788,10.358,50.0,Healthy
C07210,L010,Type_B,leakage_current,9.307,11.405,29.986,45.372,50.0,Latent_Defect
C07211,L011,Type_A,leakage_current,10.088,10.336,10.774,11.185,50.0,Healthy
C07212,L012,Type_A,leakage_current,11.339,11.601,12.7,13.356,50.0,Healthy
C07213,L013,Type_B,leakage_current,10.472,10.566,10.874,11.345,50.0,Healthy
C07214,L014,Type_B,leakage_current,11.233,11.285,12.118,12.877,50.0,Healthy
C07215,L015,Type_A,leakage_current,9.517,9.654,10.107,10.889,50.0,Healthy
C07216,L016,Type_B,leakage_current,11.555,11.806,11.94,11.941,50.0,Healthy
C07217,L017,Type_B,leakage_current,10.401,10.769,11.289,11.865,50.0,Healthy
C07218,L018,Type_C,leakage_current,9.849,10.028,10.546,10.898,50.0,Healthy
C07219,L019,Type_A,leakage_current,9.509,9.679,9.97,10.848,50.0,Healthy
C07220,L020,Type_B,leakage_current,10.92,11.246,11.723,12.086,50.0,Healthy
C07221,L021,Type_A,leakage_current,10.134,17.78,41.264,64.616,50.0,Obvious_Failure
C07222,L022,Type_A,leakage_current,9.993,10.257,10.74,11.278,50.0,Healthy
C07223,L023,Type_C,leakage_current,8.504,8.448,9.054,9.614,50.0,Healthy
C07224,L024,Type_A,leakage_current,10.175,10.336,11.022,11.423,50.0,Healthy
C07225,L025,Type_A,leakage_current,10.095,10.361,11.004,11.729,50.0,Healthy
C07226,L026,Type_B,leakage_current,11.547,11.64,11.801,12.167,50.0,Healthy
C07227,L027,Type_A,leakage_current,9.352,9.334,9.686,9.813,50.0,Healthy
C07228,L028,Type_C,leakage_current,9.342,9.226,9.729,10.29,50.0,Healthy
C07229,L029,Type_C,leakage_current,9.51,9.547,10.136,10.887,50.0,Healthy
C07230,L030,Type_B,leakage_current,11.632,11.799,12.284,12.703,50.0,Healthy
C07231,L031,Type_A,leakage_current,11.362,13.014,29.185,44.747,50.0,Latent_Defect
C07232,L032,Type_A,leakage_current,10.933,16.72,34.807,52.118,50.0,Obvious_Failure
C07233,L033,Type_A,leakage_current,9.817,9.893,10.177,10.766,50.0,Healthy
C07234,L034,Type_A,leakage_current,9.742,9.824,9.96,10.527,50.0,Healthy
C07235,L035,Type_B,leakage_current,10.158,10.246,10.498,11.02,50.0,Healthy
C07236,L036,Type_A,leakage_current,11.034,11.339,12.024,12.724,50.0,Healthy
C07237,L037,Type_A,leakage_current,10.383,10.845,11.533,12.423,50.0,Healthy
C07238,L038,Type_C,leakage_current,9.925,11.593,31.056,47.779,50.0,Latent_Defect
C07239,L039,Type_B,leakage_current,10.759,10.936,11.438,11.817,50.0,Healthy
C07240,L040,Type_A,leakage_current,10.218,10.28,10.843,11.712,50.0,Healthy
C07241,L041,Type_A,leakage_current,10.342,12.233,31.962,40.607,50.0,Latent_Defect
C07242,L042,Type_A,leakage_current,9.303,9.698,10.155,10.261,50.0,Healthy
C07243,L043,Type_C,leakage_current,9.353,9.551,10.214,11.252,50.0,Healthy
C07244,L044,Type_A,leakage_current,10.119,10.252,10.633,10.974,50.0,Healthy
C07245,L045,Type_A,leakage_current,10.133,10.286,10.647,11.196,50.0,Healthy
C07246,L046,Type_B,leakage_current,11.009,11.179,11.345,11.543,50.0,Healthy
C07247,L047,Type_A,leakage_current,9.32,9.723,10.618,11.408,50.0,Healthy
C07248,L048,Type_A,leakage_current,9.974,19.398,47.556,75.579,50.0,Obvious_Failure
C07249,L049,Type_A,leakage_current,9.732,9.796,10.121,10.411,50.0,Healthy
C07250,L050,Type_B,leakage_current,10.577,10.723,11.282,12.031,50.0,Healthy
C07251,L051,Type_A,leakage_current,9.424,9.631,10.22,10.854,50.0,Healthy
C07252,L052,Type_B,leakage_current,10.654,14.696,37.088,59.493,50.0,Rapid_Drift
C07253,L053,Type_B,leakage_current,10.636,10.94,11.75,12.597,50.0,Healthy
C07254,L054,Type_A,leakage_current,9.808,9.766,10.002,10.33,50.0,Healthy
C07255,L055,Type_A,leakage_current,8.968,9.1,9.801,10.55,50.0,Healthy
C07256,L056,Type_A,leakage_current,10.171,10.404,11.077,11.785,50.0,Healthy
C07257,L057,Type_A,leakage_current,10.381,10.748,11.487,11.75,50.0,Healthy
C07258,L058,Type_A,leakage_current,11.12,11.518,12.033,12.607,50.0,Healthy
C07259,L059,Type_A,leakage_current,9.702,9.911,10.943,11.866,50.0,Healthy
C07260,L060,Type_A,leakage_current,11.291,13.385,32.167,46.477,50.0,Latent_Defect
C07261,L061,Type_A,leakage_current,10.661,12.579,30.022,46.493,50.0,Latent_Defect
C07262,L062,Type_A,leakage_current,10.203,10.291,10.968,11.141,50.0,Healthy
C07263,L063,Type_A,leakage_current,10.645,10.815,11.346,11.853,50.0,Healthy
C07264,L064,Type_A,leakage_current,10.088,10.301,10.88,11.614,50.0,Healthy
C07265,L065,Type_C,leakage_current,11.226,11.367,11.951,12.493,50.0,Healthy
C07266,L066,Type_B,leakage_current,10.047,10.174,10.183,10.281,50.0,Healthy
C07267,L067,Type_B,leakage_current,9.209,9.612,10.006,10.821,50.0,Healthy
C07268,L068,Type_B,leakage_current,10.87,11.131,11.38,11.862,50.0,Healthy
C07269,L069,Type_C,leakage_current,9.505,11.399,23.739,36.819,50.0,Latent_Defect
C07270,L070,Type_B,leakage_current,10.656,10.882,11.405,12.111,50.0,Healthy
C07271,L071,Type_B,leakage_current,11.264,11.36,11.494,11.778,50.0,Healthy
C07272,L072,Type_B,leakage_current,11.88,18.337,36.644,55.584,50.0,Obvious_Failure
C07273,L073,Type_A,leakage_current,10.094,16.796,37.445,57.977,50.0,Obvious_Failure
C07274,L074,Type_A,leakage_current,9.9,10.329,10.842,11.946,50.0,Healthy
C07275,L075,Type_A,leakage_current,10.783,10.979,11.546,12.003,50.0,Healthy
C07276,L076,Type_C,leakage_current,9.465,9.752,10.393,10.944,50.0,Healthy
C07277,L077,Type_C,leakage_current,9.621,9.926,10.883,11.584,50.0,Healthy
C07278,L078,Type_A,leakage_current,10.421,10.609,11.167,11.689,50.0,Healthy
C07279,L079,Type_A,leakage_current,9.962,10.155,10.755,11.371,50.0,Healthy
C07280,L080,Type_A,leakage_current,10.234,10.181,10.248,10.49,50.0,Healthy
C07281,L081,Type_B,leakage_current,11.671,11.829,12.36,12.836,50.0,Healthy
C07282,L082,Type_C,leakage_current,9.141,11.626,31.822,40.43,50.0,Latent_Defect
C07283,L083,Type_C,leakage_current,8.607,8.442,9.02,9.054,50.0,Healthy
C07284,L084,Type_A,leakage_current,9.742,9.834,10.447,11.052,50.0,Healthy
C07285,L085,Type_A,leakage_current,11.061,11.28,12.086,12.878,50.0,Healthy
C07286,L086,Type_A,leakage_current,10.465,10.686,10.947,11.216,50.0,Healthy
C07287,L087,Type_A,leakage_current,9.472,9.966,10.962,11.972,50.0,Healthy
C07288,L088,Type_B,leakage_current,11.683,11.878,12.691,13.875,50.0,Healthy
C07289,L089,Type_A,leakage_current,10.196,10.193,10.605,11.371,50.0,Healthy
C07290,L090,Type_B,leakage_current,10.568,10.709,11.386,12.135,50.0,Healthy
C07291,L091,Type_A,leakage_current,10.38,10.776,11.972,12.932,50.0,Healthy
C07292,L092,Type_B,leakage_current,10.783,10.71,11.293,11.478,50.0,Healthy
C07293,L093,Type_A,leakage_current,9.832,10.185,11.183,12.093,50.0,Healthy
C07294,L094,Type_C,leakage_current,9.28,12.716,34.365,55.468,50.0,Rapid_Drift
C07295,L095,Type_A,leakage_current,9.541,9.675,9.963,10.689,50.0,Healthy
C07296,L096,Type_A,leakage_current,9.895,13.59,38.27,63.473,50.0,Rapid_Drift
C07297,L097,Type_A,leakage_current,10.148,11.415,25.074,37.692,50.0,Latent_Defect
C07298,L098,Type_C,leakage_current,9.528,9.759,10.692,11.618,50.0,Healthy
C07299,L099,Type_A,leakage_current,9.922,9.999,10.182,10.729,50.0,Healthy
C07300,L100,Type_A,leakage_current,10.863,11.249,12.464,13.486,50.0,Healthy
C07301,L001,Type_B,leakage_current,9.904,10.139,11.026,11.679,50.0,Healthy
C07302,L002,Type_A,leakage_current,9.45,9.826,10.284,11.043,50.0,Healthy
C07303,L003,Type_A,leakage_current,10.035,10.494,11.344,12.473,50.0,Healthy
C07304,L004,Type_C,leakage_current,10.057,13.101,36.795,60.82,50.0,Rapid_Drift
C07305,L005,Type_A,leakage_current,9.188,9.215,9.592,10.366,50.0,Healthy
C07306,L006,Type_A,leakage_current,9.678,10.987,26.745,42.605,50.0,Latent_Defect
C07307,L007,Type_A,leakage_current,9.949,10.116,10.232,10.552,50.0,Healthy
C07308,L008,Type_A,leakage_current,9.69,9.695,10.343,10.499,50.0,Healthy
C07309,L009,Type_B,leakage_current,10.799,12.076,28.28,40.233,50.0,Latent_Defect
C07310,L010,Type_A,leakage_current,9.796,11.552,32.156,46.109,50.0,Latent_Defect
C07311,L011,Type_A,leakage_current,10.838,11.035,11.604,11.913,50.0,Healthy
C07312,L012,Type_A,leakage_current,10.035,10.237,10.578,10.887,50.0,Healthy
C07313,L013,Type_A,leakage_current,9.267,9.652,10.323,11.145,50.0,Healthy
C07314,L014,Type_B,leakage_current,10.77,10.925,11.622,12.162,50.0,Healthy
C07315,L015,Type_B,leakage_current,11.773,11.957,12.768,13.273,50.0,Healthy
C07316,L016,Type_B,leakage_current,11.913,12.106,12.827,13.523,50.0,Healthy
C07317,L017,Type_A,leakage_current,10.656,10.807,11.249,11.8,50.0,Healthy
C07318,L018,Type_A,leakage_current,8.779,8.937,9.211,9.344,50.0,Healthy
C07319,L019,Type_A,leakage_current,9.947,10.304,10.664,11.411,50.0,Healthy
C07320,L020,Type_A,leakage_current,9.791,10.084,10.555,11.285,50.0,Healthy
C07321,L021,Type_A,leakage_current,9.796,10.097,10.748,11.313,50.0,Healthy
C07322,L022,Type_A,leakage_current,10.449,12.834,31.812,45.522,50.0,Latent_Defect
C07323,L023,Type_B,leakage_current,10.322,10.477,10.964,11.239,50.0,Healthy
C07324,L024,Type_B,leakage_current,11.294,11.583,12.018,12.543,50.0,Healthy
C07325,L025,Type_B,leakage_current,10.355,14.06,39.722,65.68,50.0,Rapid_Drift
C07326,L026,Type_A,leakage_current,10.061,10.434,11.322,11.879,50.0,Healthy
C07327,L027,Type_A,leakage_current,10.261,10.31,10.873,10.995,50.0,Healthy
C07328,L028,Type_A,leakage_current,10.706,11.011,11.344,11.672,50.0,Healthy
C07329,L029,Type_B,leakage_current,11.473,11.672,12.333,13.285,50.0,Healthy
C07330,L030,Type_A,leakage_current,10.449,12.065,30.759,44.737,50.0,Latent_Defect
C07331,L031,Type_A,leakage_current,9.186,9.347,9.983,10.638,50.0,Healthy
C07332,L032,Type_B,leakage_current,12.234,12.624,13.224,14.036,50.0,Healthy
C07333,L033,Type_B,leakage_current,10.688,10.841,11.451,12.014,50.0,Healthy
C07334,L034,Type_A,leakage_current,10.333,10.8,11.587,12.083,50.0,Healthy
C07335,L035,Type_A,leakage_current,10.217,10.519,10.615,11.021,50.0,Healthy
C07336,L036,Type_B,leakage_current,10.694,11.089,11.743,12.2,50.0,Healthy
C07337,L037,Type_C,leakage_current,9.674,9.746,10.104,10.442,50.0,Healthy
C07338,L038,Type_C,leakage_current,9.843,11.152,29.344,47.086,50.0,Latent_Defect
C07339,L039,Type_A,leakage_current,10.17,13.242,32.908,51.939,50.0,Rapid_Drift
C07340,L040,Type_A,leakage_current,10.173,10.441,11.122,11.596,50.0,Healthy
C07341,L041,Type_A,leakage_current,8.975,9.077,9.583,10.698,50.0,Healthy
C07342,L042,Type_A,leakage_current,9.89,11.964,25.233,38.545,50.0,Latent_Defect
C07343,L043,Type_A,leakage_current,10.736,10.866,11.596,12.341,50.0,Healthy
C07344,L044,Type_A,leakage_current,10.343,10.392,11.039,11.621,50.0,Healthy
C07345,L045,Type_A,leakage_current,10.268,10.815,11.775,12.962,50.0,Healthy
C07346,L046,Type_B,leakage_current,10.324,10.502,11.086,11.572,50.0,Healthy
C07347,L047,Type_B,leakage_current,9.965,10.097,10.878,11.308,50.0,Healthy
C07348,L048,Type_C,leakage_current,9.486,9.945,10.68,11.289,50.0,Healthy
C07349,L049,Type_B,leakage_current,10.484,10.807,11.638,12.441,50.0,Healthy
C07350,L050,Type_C,leakage_current,8.856,9.282,9.72,10.226,50.0,Healthy
C07351,L051,Type_B,leakage_current,9.997,10.127,10.088,10.31,50.0,Healthy
C07352,L052,Type_B,leakage_current,10.683,10.911,11.449,12.478,50.0,Healthy
C07353,L053,Type_B,leakage_current,9.296,9.686,10.761,11.473,50.0,Healthy
C07354,L054,Type_B,leakage_current,10.576,10.853,11.747,12.558,50.0,Healthy
C07355,L055,Type_A,leakage_current,10.289,10.178,10.482,10.888,50.0,Healthy
C07356,L056,Type_A,leakage_current,10.317,10.279,10.836,11.267,50.0,Healthy
C07357,L057,Type_A,leakage_current,10.017,10.162,10.688,10.725,50.0,Healthy
C07358,L058,Type_A,leakage_current,9.351,9.587,10.585,11.764,50.0,Healthy
C07359,L059,Type_B,leakage_current,11.976,12.265,13.06,13.952,50.0,Healthy
C07360,L060,Type_A,leakage_current,9.457,9.584,10.226,11.538,50.0,Healthy
C07361,L061,Type_A,leakage_current,10.577,10.948,11.744,12.802,50.0,Healthy
C07362,L062,Type_C,leakage_current,10.246,10.387,11.123,11.691,50.0,Healthy
C07363,L063,Type_A,leakage_current,10.003,10.162,11.064,12.066,50.0,Healthy
C07364,L064,Type_A,leakage_current,10.501,13.176,39.639,66.356,50.0,Rapid_Drift
C07365,L065,Type_B,leakage_current,11.103,11.324,11.681,12.428,50.0,Healthy
C07366,L066,Type_B,leakage_current,9.548,9.855,10.498,11.127,50.0,Healthy
C07367,L067,Type_B,leakage_current,10.072,10.188,10.666,11.317,50.0,Healthy
C07368,L068,Type_C,leakage_current,9.755,12.006,25.451,39.219,50.0,Latent_Defect
C07369,L069,Type_A,leakage_current,9.443,17.189,40.497,63.573,50.0,Obvious_Failure
C07370,L070,Type_A,leakage_current,10.255,12.852,34.723,56.606,50.0,Rapid_Drift
C07371,L071,Type_A,leakage_current,10.402,13.894,38.722,62.961,50.0,Rapid_Drift
C07372,L072,Type_A,leakage_current,11.769,11.844,12.612,13.659,50.0,Healthy
C07373,L073,Type_A,leakage_current,10.678,10.598,10.975,11.531,50.0,Healthy
C07374,L074,Type_A,leakage_current,10.414,10.623,11.383,11.832,50.0,Healthy
C07375,L075,Type_A,leakage_current,10.323,10.538,11.347,11.831,50.0,Healthy
C07376,L076,Type_A,leakage_current,10.721,10.811,11.758,12.594,50.0,Healthy
C07377,L077,Type_A,leakage_current,10.487,10.675,11.023,11.543,50.0,Healthy
C07378,L078,Type_A,leakage_current,10.065,10.448,11.025,11.727,50.0,Healthy
C07379,L079,Type_A,leakage_current,9.542,12.351,38.786,65.216,50.0,Rapid_Drift
C07380,L080,Type_B,leakage_current,11.046,11.072,11.624,12.235,50.0,Healthy
C07381,L081,Type_B,leakage_current,9.724,10.062,11.377,12.545,50.0,Healthy
C07382,L082,Type_C,leakage_current,11.02,11.187,11.917,12.525,50.0,Healthy
C07383,L083,Type_A,leakage_current,9.668,9.957,10.623,11.183,50.0,Healthy
C07384,L084,Type_C,leakage_current,9.3,9.445,10.076,10.693,50.0,Healthy
C07385,L085,Type_C,leakage_current,9.173,9.327,9.735,9.943,50.0,Healthy
C07386,L086,Type_A,leakage_current,8.573,14.771,33.388,51.58,50.0,Obvious_Failure
C07387,L087,Type_A,leakage_current,9.921,9.978,10.292,11.024,50.0,Healthy
C07388,L088,Type_B,leakage_current,11.41,11.602,12.304,12.85,50.0,Healthy
C07389,L089,Type_B,leakage_current,11.193,11.313,11.777,12.45,50.0,Healthy
C07390,L090,Type_A,leakage_current,10.277,10.473,11.099,11.628,50.0,Healthy
C07391,L091,Type_C,leakage_current,8.704,11.908,32.097,52.359,50.0,Rapid_Drift
C07392,L092,Type_B,leakage_current,11.693,11.882,12.668,13.441,50.0,Healthy
C07393,L093,Type_B,leakage_current,11.488,11.74,12.591,13.607,50.0,Healthy
C07394,L094,Type_B,leakage_current,11.023,11.43,12.429,13.272,50.0,Healthy
C07395,L095,Type_B,leakage_current,11.357,11.475,12.032,12.541,50.0,Healthy
C07396,L096,Type_A,leakage_current,10.095,12.568,34.62,56.327,50.0,Rapid_Drift
C07397,L097,Type_C,leakage_current,9.336,11.257,31.759,42.945,50.0,Latent_Defect
C07398,L098,Type_B,leakage_current,11.692,11.968,12.418,12.677,50.0,Healthy
C07399,L099,Type_C,leakage_current,9.965,10.476,11.84,12.876,50.0,Healthy
C07400,L100,Type_A,leakage_current,9.321,9.591,10.159,10.714,50.0,Healthy
C07401,L001,Type_B,leakage_current,10.654,14.466,32.405,50.167,50.0,Rapid_Drift
C07402,L002,Type_B,leakage_current,9.786,10.159,10.856,11.55,50.0,Healthy
C07403,L003,Type_A,leakage_current,10.587,10.652,11.06,11.113,50.0,Healthy
C07404,L004,Type_C,leakage_current,8.63,8.888,9.335,9.806,50.0,Healthy
C07405,L005,Type_A,leakage_current,10.527,10.973,11.468,12.0,50.0,Healthy
C07406,L006,Type_A,leakage_current,10.04,10.385,10.93,11.435,50.0,Healthy
C07407,L007,Type_A,leakage_current,10.274,10.269,10.492,11.14,50.0,Healthy
C07408,L008,Type_A,leakage_current,10.255,10.273,10.917,11.657,50.0,Healthy
C07409,L009,Type_A,leakage_current,9.728,9.743,10.393,10.59,50.0,Healthy
C07410,L010,Type_A,leakage_current,9.803,10.051,10.504,11.306,50.0,Healthy
C07411,L011,Type_A,leakage_current,10.008,10.362,10.87,11.45,50.0,Healthy
C07412,L012,Type_B,leakage_current,9.998,10.252,10.899,11.246,50.0,Healthy
C07413,L013,Type_A,leakage_current,10.555,10.913,11.589,12.134,50.0,Healthy
C07414,L014,Type_B,leakage_current,10.676,10.891,10.893,11.2,50.0,Healthy
C07415,L015,Type_A,leakage_current,10.844,11.001,11.458,12.489,50.0,Healthy
C07416,L016,Type_A,leakage_current,9.595,9.717,10.702,11.412,50.0,Healthy
C07417,L017,Type_A,leakage_current,11.058,11.3,11.929,12.601,50.0,Healthy
C07418,L018,Type_A,leakage_current,9.86,10.295,11.372,12.206,50.0,Healthy
C07419,L019,Type_B,leakage_current,10.403,10.438,11.12,11.312,50.0,Healthy
C07420,L020,Type_A,leakage_current,10.084,10.477,11.507,12.604,50.0,Healthy
C07421,L021,Type_A,leakage_current,10.248,10.479,11.21,11.798,50.0,Healthy
C07422,L022,Type_B,leakage_current,10.615,10.808,11.649,12.293,50.0,Healthy
C07423,L023,Type_A,leakage_current,11.18,11.36,12.161,12.845,50.0,Healthy
C07424,L024,Type_B,leakage_current,9.782,9.91,10.244,10.355,50.0,Healthy
C07425,L025,Type_B,leakage_current,11.817,11.853,12.374,12.729,50.0,Healthy
C07426,L026,Type_B,leakage_current,11.687,11.426,11.848,12.373,50.0,Healthy
C07427,L027,Type_C,leakage_current,8.78,8.978,9.131,9.53,50.0,Healthy
C07428,L028,Type_A,leakage_current,9.643,9.743,10.636,11.276,50.0,Healthy
C07429,L029,Type_A,leakage_current,11.142,11.451,11.785,12.189,50.0,Healthy
C07430,L030,Type_C,leakage_current,9.718,9.915,10.721,11.48,50.0,Healthy
C07431,L031,Type_A,leakage_current,10.611,10.824,11.445,11.977,50.0,Healthy
C07432,L032,Type_B,leakage_current,12.044,12.18,12.59,13.215,50.0,Healthy
C07433,L033,Type_B,leakage_current,11.533,11.663,12.123,12.407,50.0,Healthy
C07434,L034,Type_B,leakage_current,9.574,10.087,11.405,12.274,50.0,Healthy
C07435,L035,Type_C,leakage_current,9.843,9.954,10.677,11.458,50.0,Healthy
C07436,L036,Type_A,leakage_current,9.387,9.246,9.499,9.96,50.0,Healthy
C07437,L037,Type_C,leakage_current,9.28,9.617,10.406,11.161,50.0,Healthy
C07438,L038,Type_C,leakage_current,10.008,10.212,10.818,11.419,50.0,Healthy
C07439,L039,Type_B,leakage_current,10.542,10.869,11.504,12.117,50.0,Healthy
C07440,L040,Type_A,leakage_current,9.729,9.881,10.19,10.965,50.0,Healthy
C07441,L041,Type_B,leakage_current,11.495,11.765,12.707,13.472,50.0,Healthy
C07442,L042,Type_A,leakage_current,10.433,10.735,11.642,12.387,50.0,Healthy
C07443,L043,Type_A,leakage_current,10.167,10.252,11.125,11.647,50.0,Healthy
C07444,L044,Type_C,leakage_current,9.217,9.329,9.696,10.078,50.0,Healthy
C07445,L045,Type_A,leakage_current,10.651,10.779,11.31,11.879,50.0,Healthy
C07446,L046,Type_B,leakage_current,10.59,10.804,11.355,12.307,50.0,Healthy
C07447,L047,Type_B,leakage_current,10.153,10.325,11.057,11.937,50.0,Healthy
C07448,L048,Type_A,leakage_current,9.198,10.806,28.284,45.149,50.0,Latent_Defect
C07449,L049,Type_A,leakage_current,10.51,10.834,11.224,11.927,50.0,Healthy
C07450,L050,Type_A,leakage_current,9.97,10.031,10.726,11.818,50.0,Healthy
C07451,L051,Type_B,leakage_current,11.24,11.539,12.527,13.473,50.0,Healthy
C07452,L052,Type_B,leakage_current,10.408,10.64,11.88,12.791,50.0,Healthy
C07453,L053,Type_A,leakage_current,9.468,19.009,47.613,76.209,50.0,Obvious_Failure
C07454,L054,Type_C,leakage_current,9.906,10.078,10.475,10.92,50.0,Healthy
C07455,L055,Type_A,leakage_current,9.605,9.769,9.789,10.228,50.0,Healthy
C07456,L056,Type_A,leakage_current,9.837,9.936,10.11,10.265,50.0,Healthy
C07457,L057,Type_B,leakage_current,11.839,11.978,12.414,13.45,50.0,Healthy
C07458,L058,Type_A,leakage_current,9.761,9.882,10.194,10.277,50.0,Healthy
C07459,L059,Type_B,leakage_current,10.981,11.322,11.908,12.525,50.0,Healthy
C07460,L060,Type_A,leakage_current,10.153,10.271,10.699,11.529,50.0,Healthy
C07461,L061,Type_A,leakage_current,10.925,11.064,11.591,12.554,50.0,Healthy
C07462,L062,Type_A,leakage_current,10.396,10.608,11.306,11.57,50.0,Healthy
C07463,L063,Type_B,leakage_current,10.494,10.788,11.72,12.67,50.0,Healthy
C07464,L064,Type_C,leakage_current,10.181,10.561,11.298,12.048,50.0,Healthy
C07465,L065,Type_B,leakage_current,10.373,10.286,10.622,11.289,50.0,Healthy
C07466,L066,Type_A,leakage_current,9.88,10.018,10.159,10.513,50.0,Healthy
C07467,L067,Type_A,leakage_current,9.616,10.553,27.555,43.725,50.0,Latent_Defect
C07468,L068,Type_A,leakage_current,9.263,9.611,10.273,10.835,50.0,Healthy
C07469,L069,Type_A,leakage_current,9.123,9.038,9.096,9.295,50.0,Healthy
C07470,L070,Type_B,leakage_current,11.178,11.427,11.845,12.626,50.0,Healthy
C07471,L071,Type_A,leakage_current,9.862,9.913,10.303,10.702,50.0,Healthy
C07472,L072,Type_B,leakage_current,10.444,10.658,10.733,11.238,50.0,Healthy
C07473,L073,Type_A,leakage_current,10.734,10.844,11.434,12.006,50.0,Healthy
C07474,L074,Type_C,leakage_current,9.553,15.151,33.452,51.803,50.0,Obvious_Failure
C07475,L075,Type_A,leakage_current,9.838,12.066,26.732,41.616,50.0,Latent_Defect
C07476,L076,Type_A,leakage_current,9.838,13.042,30.576,47.431,50.0,Rapid_Drift
C07477,L077,Type_B,leakage_current,10.087,11.953,30.812,39.792,50.0,Latent_Defect
C07478,L078,Type_A,leakage_current,10.822,11.054,11.384,11.674,50.0,Healthy
C07479,L079,Type_A,leakage_current,9.804,9.998,10.254,10.596,50.0,Healthy
C07480,L080,Type_B,leakage_current,10.281,10.192,10.82,11.3,50.0,Healthy
C07481,L081,Type_A,leakage_current,9.29,9.327,9.523,9.846,50.0,Healthy
C07482,L082,Type_B,leakage_current,11.269,11.484,12.256,13.354,50.0,Healthy
C07483,L083,Type_A,leakage_current,11.111,17.416,36.924,55.895,50.0,Obvious_Failure
C07484,L084,Type_B,leakage_current,10.598,11.052,11.604,11.973,50.0,Healthy
C07485,L085,Type_B,leakage_current,10.592,10.869,11.468,11.979,50.0,Healthy
C07486,L086,Type_A,leakage_current,9.61,9.671,10.131,10.443,50.0,Healthy
C07487,L087,Type_A,leakage_current,9.964,10.353,11.032,11.944,50.0,Healthy
C07488,L088,Type_A,leakage_current,10.287,10.442,10.814,10.963,50.0,Healthy
C07489,L089,Type_C,leakage_current,10.426,10.387,10.695,11.121,50.0,Healthy
C07490,L090,Type_A,leakage_current,9.057,9.46,9.959,10.529,50.0,Healthy
C07491,L091,Type_A,leakage_current,9.742,10.025,10.939,11.674,50.0,Healthy
C07492,L092,Type_A,leakage_current,10.645,10.892,11.82,13.045,50.0,Healthy
C07493,L093,Type_A,leakage_current,10.011,10.455,10.997,11.658,50.0,Healthy
C07494,L094,Type_A,leakage_current,9.065,9.2,10.06,10.693,50.0,Healthy
C07495,L095,Type_A,leakage_current,10.474,10.741,11.454,12.366,50.0,Healthy
C07496,L096,Type_C,leakage_current,9.256,9.34,9.771,10.405,50.0,Healthy
C07497,L097,Type_A,leakage_current,10.063,10.353,10.917,11.309,50.0,Healthy
C07498,L098,Type_B,leakage_current,11.959,12.239,12.227,12.844,50.0,Healthy
C07499,L099,Type_B,leakage_current,10.798,10.978,11.643,12.244,50.0,Healthy
C07500,L100,Type_B,leakage_current,11.34,11.197,11.499,11.925,50.0,Healthy
C07501,L001,Type_A,leakage_current,9.694,12.965,30.858,49.051,50.0,Rapid_Drift
C07502,L002,Type_A,leakage_current,8.175,8.452,9.205,10.265,50.0,Healthy
C07503,L003,Type_A,leakage_current,9.96,13.455,40.382,67.071,50.0,Rapid_Drift
C07504,L004,Type_B,leakage_current,10.358,10.554,11.026,11.984,50.0,Healthy
C07505,L005,Type_A,leakage_current,10.262,10.281,10.6,10.906,50.0,Healthy
C07506,L006,Type_A,leakage_current,9.527,9.516,10.139,10.611,50.0,Healthy
C07507,L007,Type_A,leakage_current,10.982,11.234,12.058,12.691,50.0,Healthy
C07508,L008,Type_C,leakage_current,8.208,8.386,9.339,10.024,50.0,Healthy
C07509,L009,Type_A,leakage_current,10.674,17.188,36.909,57.481,50.0,Obvious_Failure
C07510,L010,Type_B,leakage_current,10.374,10.595,10.975,11.55,50.0,Healthy
C07511,L011,Type_A,leakage_current,10.102,10.55,10.811,11.424,50.0,Healthy
C07512,L012,Type_A,leakage_current,10.275,10.598,11.387,11.978,50.0,Healthy
C07513,L013,Type_A,leakage_current,9.838,10.096,10.848,11.113,50.0,Healthy
C07514,L014,Type_A,leakage_current,9.843,10.03,10.445,10.999,50.0,Healthy
C07515,L015,Type_A,leakage_current,10.025,9.863,10.164,10.421,50.0,Healthy
C07516,L016,Type_A,leakage_current,9.204,9.493,10.002,10.297,50.0,Healthy
C07517,L017,Type_B,leakage_current,11.3,11.539,12.303,13.097,50.0,Healthy
C07518,L018,Type_A,leakage_current,11.129,11.219,12.071,12.396,50.0,Healthy
C07519,L019,Type_C,leakage_current,9.344,9.537,9.884,10.487,50.0,Healthy
C07520,L020,Type_C,leakage_current,9.292,9.549,10.029,10.879,50.0,Healthy
C07521,L021,Type_C,leakage_current,8.592,8.868,9.688,10.096,50.0,Healthy
C07522,L022,Type_A,leakage_current,11.105,12.782,30.841,44.512,50.0,Latent_Defect
C07523,L023,Type_B,leakage_current,11.099,12.791,28.017,41.156,50.0,Latent_Defect
C07524,L024,Type_A,leakage_current,9.477,9.697,10.684,11.485,50.0,Healthy
C07525,L025,Type_A,leakage_current,9.835,9.927,10.591,11.26,50.0,Healthy
C07526,L026,Type_A,leakage_current,9.717,9.707,9.891,9.969,50.0,Healthy
C07527,L027,Type_A,leakage_current,10.07,10.126,10.469,11.505,50.0,Healthy
C07528,L028,Type_B,leakage_current,10.243,10.602,11.369,12.147,50.0,Healthy
C07529,L029,Type_B,leakage_current,10.237,11.683,31.896,45.098,50.0,Latent_Defect
C07530,L030,Type_A,leakage_current,9.652,9.775,10.242,10.842,50.0,Healthy
C07531,L031,Type_A,leakage_current,9.692,9.772,10.016,10.281,50.0,Healthy
C07532,L032,Type_A,leakage_current,9.314,9.725,10.735,12.091,50.0,Healthy
C07533,L033,Type_A,leakage_current,10.966,11.073,11.545,12.024,50.0,Healthy
C07534,L034,Type_A,leakage_current,9.608,9.826,10.009,10.518,50.0,Healthy
C07535,L035,Type_A,leakage_current,11.066,13.452,41.075,68.982,50.0,Rapid_Drift
C07536,L036,Type_A,leakage_current,9.93,10.047,10.569,11.018,50.0,Healthy
C07537,L037,Type_C,leakage_current,9.246,9.456,9.742,10.303,50.0,Healthy
C07538,L038,Type_B,leakage_current,11.583,11.705,12.324,12.889,50.0,Healthy
C07539,L039,Type_B,leakage_current,10.482,10.71,11.499,12.127,50.0,Healthy
C07540,L040,Type_C,leakage_current,9.441,9.66,10.687,11.705,50.0,Healthy
C07541,L041,Type_A,leakage_current,9.101,9.202,9.527,10.0,50.0,Healthy
C07542,L042,Type_C,leakage_current,9.188,9.316,9.656,10.05,50.0,Healthy
C07543,L043,Type_C,leakage_current,9.581,9.728,10.295,11.24,50.0,Healthy
C07544,L044,Type_C,leakage_current,10.849,11.095,11.702,12.659,50.0,Healthy
C07545,L045,Type_A,leakage_current,9.613,9.774,10.773,11.411,50.0,Healthy
C07546,L046,Type_A,leakage_current,10.322,19.651,47.587,75.43,50.0,Obvious_Failure
C07547,L047,Type_A,leakage_current,9.984,10.269,10.836,11.412,50.0,Healthy
C07548,L048,Type_A,leakage_current,9.489,9.862,10.034,10.208,50.0,Healthy
C07549,L049,Type_B,leakage_current,10.944,10.998,11.672,12.278,50.0,Healthy
C07550,L050,Type_A,leakage_current,10.285,10.382,10.874,11.282,50.0,Healthy
C07551,L051,Type_B,leakage_current,11.275,11.406,11.927,12.561,50.0,Healthy
C07552,L052,Type_C,leakage_current,8.332,8.726,9.484,10.378,50.0,Healthy
C07553,L053,Type_C,leakage_current,9.707,9.608,9.828,10.399,50.0,Healthy
C07554,L054,Type_C,leakage_current,9.64,9.919,10.54,10.865,50.0,Healthy
C07555,L055,Type_C,leakage_current,8.891,9.195,10.085,10.751,50.0,Healthy
C07556,L056,Type_A,leakage_current,9.396,9.421,9.889,10.052,50.0,Healthy
C07557,L057,Type_A,leakage_current,9.948,10.073,10.632,10.962,50.0,Healthy
C07558,L058,Type_A,leakage_current,7.932,11.225,38.596,66.333,50.0,Rapid_Drift
C07559,L059,Type_A,leakage_current,10.203,10.45,10.65,11.015,50.0,Healthy
C07560,L060,Type_C,leakage_current,9.915,9.975,10.55,11.251,50.0,Healthy
C07561,L061,Type_A,leakage_current,10.58,10.601,11.198,11.766,50.0,Healthy
C07562,L062,Type_A,leakage_current,11.02,11.361,12.121,12.736,50.0,Healthy
C07563,L063,Type_A,leakage_current,9.666,11.964,25.82,39.085,50.0,Latent_Defect
C07564,L064,Type_B,leakage_current,11.056,11.196,11.928,12.884,50.0,Healthy
C07565,L065,Type_A,leakage_current,9.682,11.553,24.482,37.604,50.0,Latent_Defect
C07566,L066,Type_A,leakage_current,9.723,9.953,10.989,11.84,50.0,Healthy
C07567,L067,Type_A,leakage_current,10.19,10.094,10.346,10.666,50.0,Healthy
C07568,L068,Type_A,leakage_current,11.138,11.173,11.121,11.135,50.0,Healthy
C07569,L069,Type_A,leakage_current,10.484,10.637,11.214,11.585,50.0,Healthy
C07570,L070,Type_A,leakage_current,10.4,12.029,24.084,36.198,50.0,Latent_Defect
C07571,L071,Type_A,leakage_current,10.567,10.969,11.747,12.528,50.0,Healthy
C07572,L072,Type_A,leakage_current,8.645,10.088,22.675,35.289,50.0,Latent_Defect
C07573,L073,Type_C,leakage_current,9.361,9.604,10.136,10.414,50.0,Healthy
C07574,L074,Type_C,leakage_current,9.653,9.789,10.372,11.31,50.0,Healthy
C07575,L075,Type_B,leakage_current,10.394,10.679,11.696,12.544,50.0,Healthy
C07576,L076,Type_B,leakage_current,10.921,11.028,11.675,12.039,50.0,Healthy
C07577,L077,Type_B,leakage_current,10.718,10.714,11.209,11.771,50.0,Healthy
C07578,L078,Type_A,leakage_current,10.313,10.316,11.419,12.001,50.0,Healthy
C07579,L079,Type_A,leakage_current,10.436,13.49,36.912,59.882,50.0,Rapid_Drift
C07580,L080,Type_B,leakage_current,11.322,11.432,12.018,12.669,50.0,Healthy
C07581,L081,Type_A,leakage_current,10.288,10.598,11.484,12.452,50.0,Healthy
C07582,L082,Type_B,leakage_current,12.004,12.183,13.066,13.929,50.0,Healthy
C07583,L083,Type_A,leakage_current,10.112,11.927,31.6,38.419,50.0,Latent_Defect
C07584,L084,Type_A,leakage_current,9.493,9.324,9.398,9.549,50.0,Healthy
C07585,L085,Type_A,leakage_current,10.85,18.926,43.65,66.976,50.0,Obvious_Failure
C07586,L086,Type_A,leakage_current,10.333,10.786,11.553,12.471,50.0,Healthy
C07587,L087,Type_B,leakage_current,11.607,11.812,12.31,12.74,50.0,Healthy
C07588,L088,Type_B,leakage_current,11.716,11.916,12.794,13.145,50.0,Healthy
C07589,L089,Type_A,leakage_current,10.644,10.792,11.162,11.358,50.0,Healthy
C07590,L090,Type_B,leakage_current,10.965,12.933,26.784,40.424,50.0,Latent_Defect
C07591,L091,Type_A,leakage_current,10.454,17.711,39.579,61.259,50.0,Obvious_Failure
C07592,L092,Type_B,leakage_current,10.894,11.211,12.049,12.841,50.0,Healthy
C07593,L093,Type_A,leakage_current,9.314,9.422,10.249,11.109,50.0,Healthy
C07594,L094,Type_C,leakage_current,9.12,9.051,9.379,9.889,50.0,Healthy
C07595,L095,Type_A,leakage_current,10.523,10.726,11.163,11.698,50.0,Healthy
C07596,L096,Type_C,leakage_current,9.367,9.604,10.358,10.996,50.0,Healthy
C07597,L097,Type_B,leakage_current,10.695,10.854,11.454,12.504,50.0,Healthy
C07598,L098,Type_B,leakage_current,12.174,15.574,37.792,60.691,50.0,Rapid_Drift
C07599,L099,Type_B,leakage_current,10.516,10.636,11.468,12.37,50.0,Healthy
C07600,L100,Type_B,leakage_current,10.584,10.696,11.127,11.723,50.0,Healthy
C07601,L001,Type_A,leakage_current,10.455,10.646,11.202,11.902,50.0,Healthy
C07602,L002,Type_B,leakage_current,11.185,13.446,28.431,41.446,50.0,Latent_Defect
C07603,L003,Type_A,leakage_current,9.171,9.169,9.879,10.579,50.0,Healthy
C07604,L004,Type_B,leakage_current,10.522,10.506,11.112,11.913,50.0,Healthy
C07605,L005,Type_C,leakage_current,8.545,8.768,9.317,9.978,50.0,Healthy
C07606,L006,Type_A,leakage_current,9.039,8.999,9.763,10.04,50.0,Healthy
C07607,L007,Type_C,leakage_current,9.422,9.57,10.252,11.166,50.0,Healthy
C07608,L008,Type_B,leakage_current,10.518,13.748,40.582,67.179,50.0,Rapid_Drift
C07609,L009,Type_B,leakage_current,11.296,14.898,33.45,52.277,50.0,Rapid_Drift
C07610,L010,Type_A,leakage_current,10.642,10.769,11.414,11.419,50.0,Healthy
C07611,L011,Type_B,leakage_current,12.058,12.272,12.722,13.419,50.0,Healthy
C07612,L012,Type_B,leakage_current,12.273,12.646,12.567,12.924,50.0,Healthy
C07613,L013,Type_A,leakage_current,10.517,10.839,11.415,12.337,50.0,Healthy
C07614,L014,Type_B,leakage_current,10.427,10.554,10.711,11.454,50.0,Healthy
C07615,L015,Type_A,leakage_current,10.088,11.71,31.829,39.635,50.0,Latent_Defect
C07616,L016,Type_A,leakage_current,8.82,8.86,9.339,9.727,50.0,Healthy
C07617,L017,Type_A,leakage_current,10.576,10.691,11.656,12.718,50.0,Healthy
C07618,L018,Type_C,leakage_current,9.642,10.06,10.585,11.04,50.0,Healthy
C07619,L019,Type_B,leakage_current,11.032,13.279,25.937,38.608,50.0,Latent_Defect
C07620,L020,Type_A,leakage_current,10.767,10.735,11.246,11.76,50.0,Healthy
C07621,L021,Type_A,leakage_current,9.48,9.615,10.222,10.861,50.0,Healthy
C07622,L022,Type_A,leakage_current,11.194,11.347,11.4,11.867,50.0,Healthy
C07623,L023,Type_A,leakage_current,9.742,9.972,10.373,11.056,50.0,Healthy
C07624,L024,Type_A,leakage_current,10.051,12.573,32.495,52.357,50.0,Rapid_Drift
C07625,L025,Type_A,leakage_current,8.266,8.334,8.706,8.706,50.0,Healthy
C07626,L026,Type_A,leakage_current,9.738,9.906,10.594,11.244,50.0,Healthy
C07627,L027,Type_A,leakage_current,9.854,10.023,10.549,11.339,50.0,Healthy
C07628,L028,Type_A,leakage_current,11.212,11.497,12.116,12.872,50.0,Healthy
C07629,L029,Type_A,leakage_current,9.828,12.862,39.115,65.792,50.0,Rapid_Drift
C07630,L030,Type_A,leakage_current,11.555,11.608,12.104,12.362,50.0,Healthy
C07631,L031,Type_A,leakage_current,10.201,10.364,11.432,11.797,50.0,Healthy
C07632,L032,Type_B,leakage_current,10.14,10.227,10.314,10.899,50.0,Healthy
C07633,L033,Type_A,leakage_current,10.978,12.176,29.349,41.982,50.0,Latent_Defect
C07634,L034,Type_B,leakage_current,9.63,12.322,31.661,51.33,50.0,Rapid_Drift
C07635,L035,Type_B,leakage_current,12.303,12.593,12.902,13.414,50.0,Healthy
C07636,L036,Type_A,leakage_current,10.048,17.202,39.539,61.79,50.0,Obvious_Failure
C07637,L037,Type_A,leakage_current,10.035,10.198,11.037,11.728,50.0,Healthy
C07638,L038,Type_A,leakage_current,9.623,9.862,10.429,11.186,50.0,Healthy
C07639,L039,Type_A,leakage_current,10.771,11.236,11.841,12.672,50.0,Healthy
C07640,L040,Type_A,leakage_current,10.518,10.829,11.645,12.407,50.0,Healthy
C07641,L041,Type_A,leakage_current,8.82,10.396,28.56,44.937,50.0,Latent_Defect
C07642,L042,Type_A,leakage_current,10.192,10.335,10.837,11.233,50.0,Healthy
C07643,L043,Type_B,leakage_current,10.444,10.488,11.277,11.696,50.0,Healthy
C07644,L044,Type_A,leakage_current,9.998,10.217,10.671,11.369,50.0,Healthy
C07645,L045,Type_A,leakage_current,9.163,9.431,9.771,10.235,50.0,Healthy
C07646,L046,Type_B,leakage_current,11.786,14.039,34.016,38.464,50.0,Latent_Defect
C07647,L047,Type_A,leakage_current,9.697,9.769,10.459,10.938,50.0,Healthy
C07648,L048,Type_C,leakage_current,8.818,10.669,27.563,43.953,50.0,Latent_Defect
C07649,L049,Type_C,leakage_current,9.957,11.277,32.175,40.016,50.0,Latent_Defect
C07650,L050,Type_A,leakage_current,9.834,10.951,30.521,39.984,50.0,Latent_Defect
C07651,L051,Type_A,leakage_current,9.511,9.57,9.908,9.754,50.0,Healthy
C07652,L052,Type_B,leakage_current,10.501,10.472,10.887,11.121,50.0,Healthy
C07653,L053,Type_B,leakage_current,11.159,11.296,11.729,12.143,50.0,Healthy
C07654,L054,Type_A,leakage_current,10.725,10.987,11.69,12.132,50.0,Healthy
C07655,L055,Type_C,leakage_current,9.037,9.088,9.673,9.587,50.0,Healthy
C07656,L056,Type_A,leakage_current,9.41,9.725,9.984,10.566,50.0,Healthy
C07657,L057,Type_A,leakage_current,10.819,11.282,11.781,12.124,50.0,Healthy
C07658,L058,Type_B,leakage_current,11.171,11.308,11.53,12.034,50.0,Healthy
C07659,L059,Type_B,leakage_current,10.47,10.845,11.3,12.023,50.0,Healthy
C07660,L060,Type_A,leakage_current,10.083,16.665,36.643,56.37,50.0,Obvious_Failure
C07661,L061,Type_C,leakage_current,9.898,13.531,34.881,55.974,50.0,Rapid_Drift
C07662,L062,Type_B,leakage_current,10.541,10.517,11.175,11.585,50.0,Healthy
C07663,L063,Type_A,leakage_current,10.243,10.611,11.471,11.852,50.0,Healthy
C07664,L064,Type_B,leakage_current,10.745,10.889,11.405,12.105,50.0,Healthy
C07665,L065,Type_C,leakage_current,10.013,12.612,36.139,60.135,50.0,Rapid_Drift
C07666,L066,Type_A,leakage_current,9.246,11.949,36.398,61.182,50.0,Rapid_Drift
C07667,L067,Type_C,leakage_current,8.835,9.19,9.589,10.365,50.0,Healthy
C07668,L068,Type_C,leakage_current,9.18,9.422,9.448,9.919,50.0,Healthy
C07669,L069,Type_A,leakage_current,9.274,9.314,9.978,10.775,50.0,Healthy
C07670,L070,Type_A,leakage_current,10.605,10.761,11.243,11.834,50.0,Healthy
C07671,L071,Type_A,leakage_current,10.368,17.322,39.014,60.485,50.0,Obvious_Failure
C07672,L072,Type_B,leakage_current,10.852,10.834,11.124,11.524,50.0,Healthy
C07673,L073,Type_A,leakage_current,10.775,10.745,11.12,11.479,50.0,Healthy
C07674,L074,Type_A,leakage_current,10.877,12.198,32.175,38.307,50.0,Latent_Defect
C07675,L075,Type_A,leakage_current,10.169,9.99,10.221,10.642,50.0,Healthy
C07676,L076,Type_A,leakage_current,8.932,8.94,9.208,9.653,50.0,Healthy
C07677,L077,Type_C,leakage_current,9.601,9.869,10.656,11.657,50.0,Healthy
C07678,L078,Type_C,leakage_current,8.606,8.697,9.386,9.662,50.0,Healthy
C07679,L079,Type_C,leakage_current,8.972,9.316,10.077,10.79,50.0,Healthy
C07680,L080,Type_C,leakage_current,8.64,8.559,8.973,9.7,50.0,Healthy
C07681,L081,Type_A,leakage_current,9.533,10.022,10.832,11.843,50.0,Healthy
C07682,L082,Type_B,leakage_current,11.002,12.443,30.779,46.212,50.0,Latent_Defect
C07683,L083,Type_B,leakage_current,9.752,12.036,26.203,40.297,50.0,Latent_Defect
C07684,L084,Type_A,leakage_current,10.55,10.48,10.902,11.007,50.0,Healthy
C07685,L085,Type_A,leakage_current,9.842,11.6,25.811,40.206,50.0,Latent_Defect
C07686,L086,Type_A,leakage_current,9.98,10.2,11.125,11.799,50.0,Healthy
C07687,L087,Type_C,leakage_current,9.647,9.901,10.674,11.557,50.0,Healthy
C07688,L088,Type_B,leakage_current,11.873,11.851,12.385,12.706,50.0,Healthy
C07689,L089,Type_A,leakage_current,8.752,9.095,9.918,10.794,50.0,Healthy
C07690,L090,Type_C,leakage_current,10.522,10.788,11.644,12.459,50.0,Healthy
C07691,L091,Type_A,leakage_current,9.137,11.043,31.522,41.174,50.0,Latent_Defect
C07692,L092,Type_A,leakage_current,9.32,9.619,10.294,10.925,50.0,Healthy
C07693,L093,Type_A,leakage_current,10.401,17.775,40.484,62.646,50.0,Obvious_Failure
C07694,L094,Type_A,leakage_current,9.652,9.791,10.131,10.586,50.0,Healthy
C07695,L095,Type_B,leakage_current,10.602,10.706,11.214,11.481,50.0,Healthy
C07696,L096,Type_A,leakage_current,9.218,10.888,23.698,36.2,50.0,Latent_Defect
C07697,L097,Type_A,leakage_current,9.467,9.777,10.524,10.859,50.0,Healthy
C07698,L098,Type_B,leakage_current,11.657,11.725,12.328,12.8,50.0,Healthy
C07699,L099,Type_A,leakage_current,9.875,11.493,24.415,37.584,50.0,Latent_Defect
C07700,L100,Type_A,leakage_current,9.056,8.93,9.837,10.461,50.0,Healthy
C07701,L001,Type_C,leakage_current,9.365,9.663,10.175,10.512,50.0,Healthy
C07702,L002,Type_B,leakage_current,9.739,11.885,26.406,38.151,50.0,Latent_Defect
C07703,L003,Type_B,leakage_current,11.209,11.374,11.758,12.109,50.0,Healthy
C07704,L004,Type_A,leakage_current,11.275,11.764,12.455,12.994,50.0,Healthy
C07705,L005,Type_A,leakage_current,10.82,11.105,11.712,12.281,50.0,Healthy
C07706,L006,Type_C,leakage_current,8.732,9.159,9.869,10.936,50.0,Healthy
C07707,L007,Type_B,leakage_current,12.057,12.495,13.344,13.959,50.0,Healthy
C07708,L008,Type_A,leakage_current,10.486,10.817,11.45,12.293,50.0,Healthy
C07709,L009,Type_A,leakage_current,9.809,10.013,10.391,10.481,50.0,Healthy
C07710,L010,Type_A,leakage_current,9.446,9.491,10.036,10.803,50.0,Healthy
C07711,L011,Type_A,leakage_current,8.783,8.708,9.555,10.078,50.0,Healthy
C07712,L012,Type_A,leakage_current,9.437,9.718,10.273,10.689,50.0,Healthy
C07713,L013,Type_B,leakage_current,11.6,11.77,12.003,12.28,50.0,Healthy
C07714,L014,Type_B,leakage_current,11.232,11.316,11.994,12.513,50.0,Healthy
C07715,L015,Type_A,leakage_current,10.498,10.859,11.964,12.567,50.0,Healthy
C07716,L016,Type_A,leakage_current,10.25,10.518,11.246,12.147,50.0,Healthy
C07717,L017,Type_C,leakage_current,9.336,9.378,9.491,9.922,50.0,Healthy
C07718,L018,Type_B,leakage_current,10.429,12.129,26.468,40.309,50.0,Latent_Defect
C07719,L019,Type_B,leakage_current,10.72,19.433,45.147,71.247,50.0,Obvious_Failure
C07720,L020,Type_B,leakage_current,10.727,10.778,11.535,12.337,50.0,Healthy
C07721,L021,Type_B,leakage_current,9.746,9.83,10.704,11.309,50.0,Healthy
C07722,L022,Type_A,leakage_current,9.497,9.777,10.448,10.882,50.0,Healthy
C07723,L023,Type_B,leakage_current,10.359,11.624,31.856,41.426,50.0,Latent_Defect
C07724,L024,Type_A,leakage_current,10.081,10.295,10.716,11.107,50.0,Healthy
C07725,L025,Type_A,leakage_current,8.921,9.138,9.788,10.251,50.0,Healthy
C07726,L026,Type_A,leakage_current,10.317,10.751,11.749,12.641,50.0,Healthy
C07727,L027,Type_A,leakage_current,10.655,10.848,11.525,11.989,50.0,Healthy
C07728,L028,Type_C,leakage_current,9.756,9.757,10.291,10.401,50.0,Healthy
C07729,L029,Type_A,leakage_current,9.696,15.922,33.857,52.138,50.0,Obvious_Failure
C07730,L030,Type_A,leakage_current,10.757,10.933,11.553,12.253,50.0,Healthy
C07731,L031,Type_B,leakage_current,11.469,11.788,11.941,12.173,50.0,Healthy
C07732,L032,Type_A,leakage_current,9.072,11.482,31.785,45.855,50.0,Latent_Defect
C07733,L033,Type_A,leakage_current,9.688,9.926,10.308,10.713,50.0,Healthy
C07734,L034,Type_A,leakage_current,10.993,11.293,12.168,12.981,50.0,Healthy
C07735,L035,Type_B,leakage_current,9.683,10.3,11.405,12.507,50.0,Healthy
C07736,L036,Type_A,leakage_current,9.675,10.261,10.748,10.963,50.0,Healthy
C07737,L037,Type_A,leakage_current,10.688,10.597,10.83,11.383,50.0,Healthy
C07738,L038,Type_A,leakage_current,10.206,13.471,35.796,57.627,50.0,Rapid_Drift
C07739,L039,Type_A,leakage_current,9.783,9.892,10.711,11.382,50.0,Healthy
C07740,L040,Type_A,leakage_current,9.939,10.165,11.262,11.994,50.0,Healthy
C07741,L041,Type_C,leakage_current,9.522,9.726,9.971,10.549,50.0,Healthy
C07742,L042,Type_A,leakage_current,9.798,12.359,36.452,60.866,50.0,Rapid_Drift
C07743,L043,Type_A,leakage_current,9.71,10.042,10.556,11.217,50.0,Healthy
C07744,L044,Type_A,leakage_current,10.358,10.527,11.129,11.864,50.0,Healthy
C07745,L045,Type_B,leakage_current,10.656,10.967,11.778,12.303,50.0,Healthy
C07746,L046,Type_B,leakage_current,10.652,10.602,11.058,11.12,50.0,Healthy
C07747,L047,Type_A,leakage_current,9.73,10.038,10.993,11.944,50.0,Healthy
C07748,L048,Type_A,leakage_current,10.502,10.736,11.602,12.44,50.0,Healthy
C07749,L049,Type_B,leakage_current,10.572,10.875,11.407,12.003,50.0,Healthy
C07750,L050,Type_A,leakage_current,10.012,10.073,10.655,11.309,50.0,Healthy
C07751,L051,Type_A,leakage_current,11.499,14.493,31.866,48.779,50.0,Rapid_Drift
C07752,L052,Type_B,leakage_current,11.356,11.556,12.597,12.917,50.0,Healthy
C07753,L053,Type_A,leakage_current,9.803,10.103,11.053,11.988,50.0,Healthy
C07754,L054,Type_A,leakage_current,10.443,10.546,11.006,11.682,50.0,Healthy
C07755,L055,Type_A,leakage_current,10.491,12.497,29.903,44.747,50.0,Latent_Defect
C07756,L056,Type_A,leakage_current,9.203,9.578,9.74,10.071,50.0,Healthy
C07757,L057,Type_C,leakage_current,8.921,9.359,9.983,10.482,50.0,Healthy
C07758,L058,Type_C,leakage_current,9.463,9.601,10.168,10.367,50.0,Healthy
C07759,L059,Type_A,leakage_current,10.722,12.928,31.089,42.311,50.0,Latent_Defect
C07760,L060,Type_A,leakage_current,9.091,9.149,9.445,9.807,50.0,Healthy
C07761,L061,Type_A,leakage_current,10.724,10.886,11.3,11.57,50.0,Healthy
C07762,L062,Type_A,leakage_current,9.588,9.71,10.371,10.985,50.0,Healthy
C07763,L063,Type_C,leakage_current,9.714,10.043,11.048,11.733,50.0,Healthy
C07764,L064,Type_C,leakage_current,9.002,9.009,9.477,9.777,50.0,Healthy
C07765,L065,Type_C,leakage_current,8.581,8.892,9.429,10.303,50.0,Healthy
C07766,L066,Type_A,leakage_current,9.748,9.978,10.577,11.071,50.0,Healthy
C07767,L067,Type_A,leakage_current,10.007,11.364,26.719,41.227,50.0,Latent_Defect
C07768,L068,Type_A,leakage_current,9.603,9.449,9.753,9.831,50.0,Healthy
C07769,L069,Type_A,leakage_current,9.191,9.344,9.882,10.778,50.0,Healthy
C07770,L070,Type_B,leakage_current,10.427,10.562,11.064,11.842,50.0,Healthy
C07771,L071,Type_A,leakage_current,10.486,10.908,11.658,12.669,50.0,Healthy
C07772,L072,Type_B,leakage_current,11.248,11.544,12.074,12.772,50.0,Healthy
C07773,L073,Type_A,leakage_current,9.571,9.567,10.095,11.11,50.0,Healthy
C07774,L074,Type_A,leakage_current,9.396,9.719,10.395,10.977,50.0,Healthy
C07775,L075,Type_A,leakage_current,10.528,10.881,11.538,12.332,50.0,Healthy
C07776,L076,Type_A,leakage_current,9.7,10.216,11.168,12.152,50.0,Healthy
C07777,L077,Type_B,leakage_current,10.791,10.928,11.313,12.097,50.0,Healthy
C07778,L078,Type_C,leakage_current,9.872,12.366,40.936,69.267,50.0,Rapid_Drift
C07779,L079,Type_B,leakage_current,11.164,11.588,12.537,13.333,50.0,Healthy
C07780,L080,Type_C,leakage_current,9.493,9.586,10.307,10.68,50.0,Healthy
C07781,L081,Type_C,leakage_current,9.098,9.439,10.31,10.836,50.0,Healthy
C07782,L082,Type_C,leakage_current,9.076,11.193,24.572,37.688,50.0,Latent_Defect
C07783,L083,Type_B,leakage_current,11.38,11.732,12.455,12.983,50.0,Healthy
C07784,L084,Type_A,leakage_current,10.481,10.679,11.527,12.022,50.0,Healthy
C07785,L085,Type_B,leakage_current,9.994,10.315,10.939,11.768,50.0,Healthy
C07786,L086,Type_B,leakage_current,11.185,11.319,11.585,12.069,50.0,Healthy
C07787,L087,Type_B,leakage_current,11.72,11.799,12.212,12.9,50.0,Healthy
C07788,L088,Type_C,leakage_current,9.432,9.462,9.788,10.606,50.0,Healthy
C07789,L089,Type_A,leakage_current,10.175,10.213,10.791,11.315,50.0,Healthy
C07790,L090,Type_A,leakage_current,10.016,10.198,10.649,11.282,50.0,Healthy
C07791,L091,Type_C,leakage_current,10.095,15.602,31.594,48.266,50.0,Obvious_Failure
C07792,L092,Type_A,leakage_current,10.07,10.207,10.61,11.068,50.0,Healthy
C07793,L093,Type_A,leakage_current,10.129,10.272,10.742,11.213,50.0,Healthy
C07794,L094,Type_A,leakage_current,10.095,10.226,10.987,11.692,50.0,Healthy
C07795,L095,Type_B,leakage_current,9.349,9.497,10.129,10.68,50.0,Healthy
C07796,L096,Type_B,leakage_current,10.821,10.788,11.186,11.583,50.0,Healthy
C07797,L097,Type_A,leakage_current,8.841,8.802,8.889,9.078,50.0,Healthy
C07798,L098,Type_A,leakage_current,10.441,10.378,10.654,11.314,50.0,Healthy
C07799,L099,Type_C,leakage_current,10.367,10.54,10.849,11.302,50.0,Healthy
C07800,L100,Type_C,leakage_current,9.039,9.42,10.081,10.83,50.0,Healthy
C07801,L001,Type_C,leakage_current,8.53,8.747,8.758,9.037,50.0,Healthy
C07802,L002,Type_A,leakage_current,10.541,17.427,39.17,60.7,50.0,Obvious_Failure
C07803,L003,Type_B,leakage_current,11.441,11.321,11.726,12.052,50.0,Healthy
C07804,L004,Type_A,leakage_current,11.182,11.195,11.789,12.137,50.0,Healthy
C07805,L005,Type_A,leakage_current,10.734,13.234,27.525,41.469,50.0,Latent_Defect
C07806,L006,Type_A,leakage_current,9.139,9.243,9.595,10.275,50.0,Healthy
C07807,L007,Type_C,leakage_current,9.69,12.448,38.17,63.266,50.0,Rapid_Drift
C07808,L008,Type_A,leakage_current,10.628,10.764,11.401,12.395,50.0,Healthy
C07809,L009,Type_A,leakage_current,9.731,9.848,10.361,10.578,50.0,Healthy
C07810,L010,Type_B,leakage_current,11.786,12.29,12.969,13.954,50.0,Healthy
C07811,L011,Type_C,leakage_current,9.717,9.749,10.417,11.01,50.0,Healthy
C07812,L012,Type_B,leakage_current,10.845,11.108,11.805,12.54,50.0,Healthy
C07813,L013,Type_A,leakage_current,8.849,8.866,9.271,9.962,50.0,Healthy
C07814,L014,Type_B,leakage_current,11.186,11.43,12.18,12.868,50.0,Healthy
C07815,L015,Type_C,leakage_current,10.762,11.007,11.557,11.907,50.0,Healthy
C07816,L016,Type_B,leakage_current,10.781,12.216,30.8,47.398,50.0,Latent_Defect
C07817,L017,Type_B,leakage_current,10.036,10.307,10.572,11.303,50.0,Healthy
C07818,L018,Type_B,leakage_current,9.866,9.874,10.422,10.652,50.0,Healthy
C07819,L019,Type_B,leakage_current,10.672,10.733,11.306,11.863,50.0,Healthy
C07820,L020,Type_B,leakage_current,10.963,14.267,37.147,60.223,50.0,Rapid_Drift
C07821,L021,Type_A,leakage_current,10.085,10.379,11.11,11.9,50.0,Healthy
C07822,L022,Type_C,leakage_current,8.947,9.298,10.006,10.638,50.0,Healthy
C07823,L023,Type_B,leakage_current,11.529,11.774,12.541,13.328,50.0,Healthy
C07824,L024,Type_C,leakage_current,9.086,9.456,10.077,10.552,50.0,Healthy
C07825,L025,Type_A,leakage_current,10.123,10.538,11.157,11.822,50.0,Healthy
C07826,L026,Type_A,leakage_current,9.883,9.903,10.258,10.694,50.0,Healthy
C07827,L027,Type_C,leakage_current,9.351,9.606,10.466,11.294,50.0,Healthy
C07828,L028,Type_A,leakage_current,10.814,11.134,11.783,12.425,50.0,Healthy
C07829,L029,Type_A,leakage_current,10.506,10.826,11.59,12.262,50.0,Healthy
C07830,L030,Type_B,leakage_current,9.741,9.781,10.4,10.955,50.0,Healthy
C07831,L031,Type_B,leakage_current,9.902,10.064,10.412,10.624,50.0,Healthy
C07832,L032,Type_A,leakage_current,10.717,10.747,11.436,12.086,50.0,Healthy
C07833,L033,Type_B,leakage_current,10.486,10.545,10.804,11.699,50.0,Healthy
C07834,L034,Type_A,leakage_current,8.845,9.051,9.456,9.698,50.0,Healthy
C07835,L035,Type_A,leakage_current,9.279,9.333,10.074,10.46,50.0,Healthy
C07836,L036,Type_C,leakage_current,8.996,10.008,24.392,38.579,50.0,Latent_Defect
C07837,L037,Type_A,leakage_current,10.258,10.408,11.087,11.855,50.0,Healthy
C07838,L038,Type_A,leakage_current,8.916,10.44,28.223,45.571,50.0,Latent_Defect
C07839,L039,Type_B,leakage_current,10.299,10.427,11.072,11.885,50.0,Healthy
C07840,L040,Type_A,leakage_current,10.104,10.387,11.247,11.819,50.0,Healthy
C07841,L041,Type_A,leakage_current,11.145,11.457,12.265,12.962,50.0,Healthy
C07842,L042,Type_A,leakage_current,9.754,11.604,30.02,45.216,50.0,Latent_Defect
C07843,L043,Type_A,leakage_current,9.65,9.699,10.319,10.342,50.0,Healthy
C07844,L044,Type_B,leakage_current,10.534,10.854,11.224,11.723,50.0,Healthy
C07845,L045,Type_B,leakage_current,10.311,10.397,11.094,11.519,50.0,Healthy
C07846,L046,Type_C,leakage_current,9.757,9.818,10.799,12.018,50.0,Healthy
C07847,L047,Type_B,leakage_current,9.464,12.91,40.545,67.739,50.0,Rapid_Drift
C07848,L048,Type_A,leakage_current,8.792,8.96,9.079,9.333,50.0,Healthy
C07849,L049,Type_C,leakage_current,9.146,17.369,42.455,67.212,50.0,Obvious_Failure
C07850,L050,Type_B,leakage_current,10.802,10.979,11.531,12.327,50.0,Healthy
C07851,L051,Type_B,leakage_current,11.406,11.737,12.297,12.903,50.0,Healthy
C07852,L052,Type_A,leakage_current,10.181,10.303,10.871,11.396,50.0,Healthy
C07853,L053,Type_A,leakage_current,9.693,9.826,10.07,10.328,50.0,Healthy
C07854,L054,Type_B,leakage_current,9.972,10.171,10.702,11.308,50.0,Healthy
C07855,L055,Type_A,leakage_current,9.571,9.822,10.251,10.736,50.0,Healthy
C07856,L056,Type_B,leakage_current,10.612,10.857,11.543,11.962,50.0,Healthy
C07857,L057,Type_A,leakage_current,10.139,10.008,10.31,10.923,50.0,Healthy
C07858,L058,Type_A,leakage_current,9.909,9.901,10.233,10.519,50.0,Healthy
C07859,L059,Type_B,leakage_current,11.672,11.705,12.318,12.729,50.0,Healthy
C07860,L060,Type_A,leakage_current,10.414,10.63,11.076,11.47,50.0,Healthy
C07861,L061,Type_A,leakage_current,10.63,10.946,11.729,12.622,50.0,Healthy
C07862,L062,Type_A,leakage_current,9.265,10.837,25.633,40.62,50.0,Latent_Defect
C07863,L063,Type_A,leakage_current,10.593,10.632,11.335,12.057,50.0,Healthy
C07864,L064,Type_A,leakage_current,9.92,11.487,27.618,43.077,50.0,Latent_Defect
C07865,L065,Type_A,leakage_current,11.324,11.761,12.649,13.513,50.0,Healthy
C07866,L066,Type_A,leakage_current,9.287,9.429,9.764,10.169,50.0,Healthy
C07867,L067,Type_A,leakage_current,9.642,9.833,10.909,11.774,50.0,Healthy
C07868,L068,Type_B,leakage_current,10.368,10.46,10.786,11.265,50.0,Healthy
C07869,L069,Type_A,leakage_current,9.471,9.871,10.678,11.293,50.0,Healthy
C07870,L070,Type_A,leakage_current,10.385,10.674,11.101,11.69,50.0,Healthy
C07871,L071,Type_A,leakage_current,10.567,12.322,31.642,42.323,50.0,Latent_Defect
C07872,L072,Type_A,leakage_current,8.743,8.692,9.251,9.942,50.0,Healthy
C07873,L073,Type_A,leakage_current,9.906,11.986,24.05,36.51,50.0,Latent_Defect
C07874,L074,Type_B,leakage_current,10.539,10.919,11.309,11.722,50.0,Healthy
C07875,L075,Type_A,leakage_current,9.271,9.614,10.478,11.299,50.0,Healthy
C07876,L076,Type_C,leakage_current,10.053,10.284,11.061,11.638,50.0,Healthy
C07877,L077,Type_A,leakage_current,10.841,14.346,42.374,70.453,50.0,Rapid_Drift
C07878,L078,Type_A,leakage_current,9.689,11.571,31.948,42.259,50.0,Latent_Defect
C07879,L079,Type_A,leakage_current,10.161,11.688,26.553,38.253,50.0,Latent_Defect
C07880,L080,Type_B,leakage_current,10.933,11.428,12.025,12.975,50.0,Healthy
C07881,L081,Type_B,leakage_current,11.256,11.328,11.694,12.507,50.0,Healthy
C07882,L082,Type_A,leakage_current,10.114,10.638,10.981,11.748,50.0,Healthy
C07883,L083,Type_C,leakage_current,9.389,9.462,10.113,10.705,50.0,Healthy
C07884,L084,Type_A,leakage_current,9.731,9.643,9.956,10.342,50.0,Healthy
C07885,L085,Type_B,leakage_current,10.378,11.794,27.719,41.848,50.0,Latent_Defect
C07886,L086,Type_C,leakage_current,9.61,9.893,10.748,11.133,50.0,Healthy
C07887,L087,Type_B,leakage_current,10.51,13.4,40.298,66.959,50.0,Rapid_Drift
C07888,L088,Type_C,leakage_current,9.728,9.904,10.478,11.489,50.0,Healthy
C07889,L089,Type_A,leakage_current,10.391,10.575,11.292,12.018,50.0,Healthy
C07890,L090,Type_A,leakage_current,10.275,10.604,10.908,11.144,50.0,Healthy
C07891,L091,Type_A,leakage_current,9.423,9.916,10.708,11.35,50.0,Healthy
C07892,L092,Type_B,leakage_current,10.615,10.643,11.282,11.962,50.0,Healthy
C07893,L093,Type_A,leakage_current,8.744,9.029,9.447,9.697,50.0,Healthy
C07894,L094,Type_C,leakage_current,8.904,9.23,10.232,11.056,50.0,Healthy
C07895,L095,Type_A,leakage_current,10.077,10.242,10.843,11.09,50.0,Healthy
C07896,L096,Type_B,leakage_current,10.291,10.51,11.087,11.672,50.0,Healthy
C07897,L097,Type_B,leakage_current,9.312,9.383,10.056,10.72,50.0,Healthy
C07898,L098,Type_A,leakage_current,8.974,9.106,9.566,9.888,50.0,Healthy
C07899,L099,Type_A,leakage_current,10.682,10.941,11.65,12.325,50.0,Healthy
C07900,L100,Type_A,leakage_current,10.102,17.649,39.649,61.838,50.0,Obvious_Failure
C07901,L001,Type_A,leakage_current,10.927,11.153,11.308,11.402,50.0,Healthy
C07902,L002,Type_B,leakage_current,11.304,12.671,26.007,39.514,50.0,Latent_Defect
C07903,L003,Type_A,leakage_current,10.66,12.451,25.888,38.601,50.0,Latent_Defect
C07904,L004,Type_B,leakage_current,10.876,11.191,11.952,12.442,50.0,Healthy
C07905,L005,Type_B,leakage_current,11.566,11.705,12.257,13.068,50.0,Healthy
C07906,L006,Type_A,leakage_current,9.91,10.255,10.981,11.838,50.0,Healthy
C07907,L007,Type_A,leakage_current,8.113,8.258,8.797,9.567,50.0,Healthy
C07908,L008,Type_B,leakage_current,11.235,12.525,29.855,39.438,50.0,Latent_Defect
C07909,L009,Type_A,leakage_current,10.812,10.839,11.456,12.241,50.0,Healthy
C07910,L010,Type_A,leakage_current,10.102,10.351,10.841,11.379,50.0,Healthy
C07911,L011,Type_B,leakage_current,9.645,9.906,10.584,11.224,50.0,Healthy
C07912,L012,Type_A,leakage_current,10.409,10.865,11.328,11.919,50.0,Healthy
C07913,L013,Type_B,leakage_current,10.647,10.963,11.234,11.514,50.0,Healthy
C07914,L014,Type_A,leakage_current,9.311,9.664,10.163,10.717,50.0,Healthy
C07915,L015,Type_A,leakage_current,10.263,10.523,11.416,12.266,50.0,Healthy
C07916,L016,Type_C,leakage_current,9.527,9.508,10.292,10.999,50.0,Healthy
C07917,L017,Type_A,leakage_current,10.883,12.107,27.643,38.078,50.0,Latent_Defect
C07918,L018,Type_A,leakage_current,10.674,14.263,39.883,65.535,50.0,Rapid_Drift
C07919,L019,Type_A,leakage_current,8.937,9.003,10.004,11.044,50.0,Healthy
C07920,L020,Type_A,leakage_current,10.403,10.547,10.963,11.367,50.0,Healthy
C07921,L021,Type_B,leakage_current,11.308,13.506,28.51,41.372,50.0,Latent_Defect
C07922,L022,Type_B,leakage_current,10.82,10.942,11.451,11.876,50.0,Healthy
C07923,L023,Type_B,leakage_current,11.909,13.146,32.821,42.574,50.0,Latent_Defect
C07924,L024,Type_C,leakage_current,9.991,10.117,10.283,10.6,50.0,Healthy
C07925,L025,Type_A,leakage_current,10.124,10.229,10.371,10.516,50.0,Healthy
C07926,L026,Type_B,leakage_current,10.496,10.829,11.496,12.276,50.0,Healthy
C07927,L027,Type_C,leakage_current,9.824,10.0,10.094,10.687,50.0,Healthy
C07928,L028,Type_A,leakage_current,11.005,11.285,11.978,12.798,50.0,Healthy
C07929,L029,Type_A,leakage_current,11.681,20.114,45.453,71.296,50.0,Obvious_Failure
C07930,L030,Type_B,leakage_current,10.189,10.285,10.81,11.152,50.0,Healthy
C07931,L031,Type_B,leakage_current,10.064,10.31,10.71,11.129,50.0,Healthy
C07932,L032,Type_A,leakage_current,10.696,13.889,37.03,60.081,50.0,Rapid_Drift
C07933,L033,Type_A,leakage_current,10.097,15.196,29.634,44.645,50.0,Obvious_Failure
C07934,L034,Type_B,leakage_current,10.836,10.974,11.231,11.623,50.0,Healthy
C07935,L035,Type_B,leakage_current,11.277,11.376,11.864,12.571,50.0,Healthy
C07936,L036,Type_C,leakage_current,9.32,9.458,10.223,10.601,50.0,Healthy
C07937,L037,Type_A,leakage_current,10.64,10.984,11.847,12.546,50.0,Healthy
C07938,L038,Type_B,leakage_current,10.416,10.606,10.839,11.186,50.0,Healthy
C07939,L039,Type_A,leakage_current,10.412,10.496,11.055,11.992,50.0,Healthy
C07940,L040,Type_A,leakage_current,8.948,9.149,9.589,9.978,50.0,Healthy
C07941,L041,Type_A,leakage_current,10.617,10.724,11.041,11.367,50.0,Healthy
C07942,L042,Type_A,leakage_current,9.934,12.696,31.714,50.986,50.0,Rapid_Drift
C07943,L043,Type_A,leakage_current,9.354,9.511,10.21,10.711,50.0,Healthy
C07944,L044,Type_B,leakage_current,11.691,11.807,11.991,12.424,50.0,Healthy
C07945,L045,Type_A,leakage_current,10.735,10.932,11.575,12.369,50.0,Healthy
C07946,L046,Type_A,leakage_current,9.702,9.686,10.477,11.108,50.0,Healthy
C07947,L047,Type_A,leakage_current,9.395,13.014,38.318,64.283,50.0,Rapid_Drift
C07948,L048,Type_A,leakage_current,10.555,10.909,11.372,12.052,50.0,Healthy
C07949,L049,Type_A,leakage_current,10.693,10.909,11.605,12.199,50.0,Healthy
C07950,L050,Type_A,leakage_current,10.064,10.318,10.738,11.381,50.0,Healthy
C07951,L051,Type_A,leakage_current,9.726,10.041,10.887,11.523,50.0,Healthy
C07952,L052,Type_A,leakage_current,10.825,11.18,12.385,13.115,50.0,Healthy
C07953,L053,Type_A,leakage_current,9.263,9.37,9.668,9.858,50.0,Healthy
C07954,L054,Type_A,leakage_current,9.664,9.912,10.018,10.227,50.0,Healthy
C07955,L055,Type_B,leakage_current,10.775,10.799,11.457,12.011,50.0,Healthy
C07956,L056,Type_A,leakage_current,10.156,10.54,11.615,12.299,50.0,Healthy
C07957,L057,Type_A,leakage_current,8.698,9.015,9.536,10.554,50.0,Healthy
C07958,L058,Type_A,leakage_current,10.24,11.259,28.698,41.873,50.0,Latent_Defect
C07959,L059,Type_A,leakage_current,9.988,15.398,31.761,47.87,50.0,Obvious_Failure
C07960,L060,Type_A,leakage_current,9.505,9.783,10.374,10.771,50.0,Healthy
C07961,L061,Type_C,leakage_current,8.877,9.232,9.722,10.356,50.0,Healthy
C07962,L062,Type_A,leakage_current,9.758,9.837,10.149,10.7,50.0,Healthy
C07963,L063,Type_A,leakage_current,9.322,9.553,10.477,11.256,50.0,Healthy
C07964,L064,Type_C,leakage_current,9.903,9.968,10.696,11.06,50.0,Healthy
C07965,L065,Type_A,leakage_current,9.457,9.779,10.044,10.26,50.0,Healthy
C07966,L066,Type_A,leakage_current,9.111,9.037,9.774,10.53,50.0,Healthy
C07967,L067,Type_A,leakage_current,9.489,9.728,10.439,11.02,50.0,Healthy
C07968,L068,Type_A,leakage_current,10.459,10.613,11.424,11.587,50.0,Healthy
C07969,L069,Type_A,leakage_current,9.729,12.928,34.792,56.621,50.0,Rapid_Drift
C07970,L070,Type_A,leakage_current,9.56,9.957,10.672,11.483,50.0,Healthy
C07971,L071,Type_A,leakage_current,9.705,9.94,10.125,10.59,50.0,Healthy
C07972,L072,Type_B,leakage_current,10.642,10.969,11.769,12.631,50.0,Healthy
C07973,L073,Type_C,leakage_current,8.884,9.135,9.687,10.324,50.0,Healthy
C07974,L074,Type_A,leakage_current,10.646,12.137,26.437,41.028,50.0,Latent_Defect
C07975,L075,Type_A,leakage_current,9.246,9.565,9.762,9.878,50.0,Healthy
C07976,L076,Type_A,leakage_current,10.329,10.619,10.968,11.587,50.0,Healthy
C07977,L077,Type_A,leakage_current,9.599,9.591,10.049,10.318,50.0,Healthy
C07978,L078,Type_A,leakage_current,9.472,9.705,10.551,11.467,50.0,Healthy
C07979,L079,Type_A,leakage_current,10.128,10.001,10.154,10.416,50.0,Healthy
C07980,L080,Type_A,leakage_current,10.591,10.647,11.046,11.089,50.0,Healthy
C07981,L081,Type_A,leakage_current,9.845,10.279,10.815,11.553,50.0,Healthy
C07982,L082,Type_B,leakage_current,10.58,10.63,11.194,11.527,50.0,Healthy
C07983,L083,Type_A,leakage_current,10.098,10.292,10.925,11.622,50.0,Healthy
C07984,L084,Type_C,leakage_current,9.288,9.437,10.014,10.336,50.0,Healthy
C07985,L085,Type_C,leakage_current,9.449,9.868,10.09,10.509,50.0,Healthy
C07986,L086,Type_B,leakage_current,10.421,10.59,11.331,12.069,50.0,Healthy
C07987,L087,Type_A,leakage_current,11.478,11.622,12.279,13.0,50.0,Healthy
C07988,L088,Type_B,leakage_current,11.044,11.117,11.556,12.091,50.0,Healthy
C07989,L089,Type_B,leakage_current,9.685,9.943,10.629,11.49,50.0,Healthy
C07990,L090,Type_B,leakage_current,10.455,10.559,11.379,12.389,50.0,Healthy
C07991,L091,Type_A,leakage_current,9.923,10.13,10.813,11.826,50.0,Healthy
C07992,L092,Type_C,leakage_current,10.122,10.14,10.366,10.898,50.0,Healthy
C07993,L093,Type_B,leakage_current,11.778,13.737,33.871,47.465,50.0,Latent_Defect
C07994,L094,Type_A,leakage_current,9.589,9.973,10.72,11.503,50.0,Healthy
C07995,L095,Type_B,leakage_current,10.83,11.068,11.659,12.681,50.0,Healthy
C07996,L096,Type_A,leakage_current,9.775,10.152,10.404,11.336,50.0,Healthy
C07997,L097,Type_A,leakage_current,9.945,10.144,10.905,11.39,50.0,Healthy
C07998,L098,Type_A,leakage_current,11.303,11.694,12.454,12.866,50.0,Healthy
C07999,L099,Type_A,leakage_current,10.303,10.394,10.329,10.426,50.0,Healthy
C08000,L100,Type_A,leakage_current,10.499,13.127,33.744,55.031,50.0,Rapid_Drift
C08001,L001,Type_C,leakage_current,9.219,10.613,26.49,39.611,50.0,Latent_Defect
C08002,L002,Type_A,leakage_current,10.236,10.366,10.975,11.753,50.0,Healthy
C08003,L003,Type_A,leakage_current,8.709,11.278,38.519,66.299,50.0,Rapid_Drift
C08004,L004,Type_B,leakage_current,11.224,11.422,11.89,12.214,50.0,Healthy
C08005,L005,Type_A,leakage_current,10.741,12.457,28.218,38.202,50.0,Latent_Defect
C08006,L006,Type_A,leakage_current,10.593,12.583,32.474,46.081,50.0,Latent_Defect
C08007,L007,Type_A,leakage_current,10.208,10.351,10.966,11.946,50.0,Healthy
C08008,L008,Type_A,leakage_current,9.868,9.846,10.126,10.097,50.0,Healthy
C08009,L009,Type_C,leakage_current,10.113,10.233,10.581,11.28,50.0,Healthy
C08010,L010,Type_A,leakage_current,9.767,9.676,9.584,9.708,50.0,Healthy
C08011,L011,Type_A,leakage_current,9.169,9.324,9.716,10.25,50.0,Healthy
C08012,L012,Type_C,leakage_current,9.171,9.356,9.666,9.857,50.0,Healthy
C08013,L013,Type_A,leakage_current,10.175,11.421,29.375,47.295,50.0,Latent_Defect
C08014,L014,Type_A,leakage_current,10.011,13.304,31.399,49.897,50.0,Rapid_Drift
C08015,L015,Type_A,leakage_current,10.469,10.812,10.947,11.088,50.0,Healthy
C08016,L016,Type_C,leakage_current,9.524,9.76,10.195,10.937,50.0,Healthy
C08017,L017,Type_B,leakage_current,10.158,10.521,11.521,12.802,50.0,Healthy
C08018,L018,Type_C,leakage_current,9.245,12.143,35.659,59.316,50.0,Rapid_Drift
C08019,L019,Type_A,leakage_current,10.758,10.865,11.652,12.264,50.0,Healthy
C08020,L020,Type_A,leakage_current,9.423,9.598,10.042,10.856,50.0,Healthy
C08021,L021,Type_B,leakage_current,10.183,10.364,10.656,10.82,50.0,Healthy
C08022,L022,Type_B,leakage_current,10.185,10.371,11.191,11.982,50.0,Healthy
C08023,L023,Type_A,leakage_current,9.324,9.622,10.683,11.949,50.0,Healthy
C08024,L024,Type_A,leakage_current,10.666,10.776,11.283,11.96,50.0,Healthy
C08025,L025,Type_A,leakage_current,9.836,17.884,42.799,67.216,50.0,Obvious_Failure
C08026,L026,Type_A,leakage_current,10.18,12.915,32.306,51.559,50.0,Rapid_Drift
C08027,L027,Type_B,leakage_current,9.99,10.289,10.974,11.418,50.0,Healthy
C08028,L028,Type_A,leakage_current,9.766,10.029,10.961,11.572,50.0,Healthy
C08029,L029,Type_A,leakage_current,9.618,9.743,10.528,11.073,50.0,Healthy
C08030,L030,Type_B,leakage_current,11.942,12.126,12.595,12.927,50.0,Healthy
C08031,L031,Type_A,leakage_current,9.53,9.67,10.657,12.055,50.0,Healthy
C08032,L032,Type_A,leakage_current,9.587,9.546,9.98,10.504,50.0,Healthy
C08033,L033,Type_A,leakage_current,9.5,9.5,9.955,10.512,50.0,Healthy
C08034,L034,Type_A,leakage_current,10.196,10.45,11.011,11.526,50.0,Healthy
C08035,L035,Type_A,leakage_current,9.689,11.989,39.595,66.856,50.0,Rapid_Drift
C08036,L036,Type_C,leakage_current,8.681,10.631,30.424,45.271,50.0,Latent_Defect
C08037,L037,Type_A,leakage_current,10.385,10.554,10.858,11.103,50.0,Healthy
C08038,L038,Type_A,leakage_current,9.45,9.502,9.935,10.319,50.0,Healthy
C08039,L039,Type_A,leakage_current,8.547,8.685,9.381,10.049,50.0,Healthy
C08040,L040,Type_B,leakage_current,11.143,11.559,12.331,13.144,50.0,Healthy
C08041,L041,Type_B,leakage_current,10.651,10.818,11.389,12.386,50.0,Healthy
C08042,L042,Type_A,leakage_current,9.811,9.959,10.44,10.683,50.0,Healthy
C08043,L043,Type_A,leakage_current,10.431,13.097,30.168,47.368,50.0,Rapid_Drift
C08044,L044,Type_A,leakage_current,8.382,8.287,8.654,8.757,50.0,Healthy
C08045,L045,Type_C,leakage_current,8.814,11.093,29.413,38.927,50.0,Latent_Defect
C08046,L046,Type_A,leakage_current,10.464,10.582,10.853,11.617,50.0,Healthy
C08047,L047,Type_B,leakage_current,9.766,11.954,31.935,40.497,50.0,Latent_Defect
C08048,L048,Type_A,leakage_current,10.171,12.413,30.03,41.236,50.0,Latent_Defect
C08049,L049,Type_B,leakage_current,9.633,9.944,10.565,10.775,50.0,Healthy
C08050,L050,Type_A,leakage_current,10.065,10.249,10.808,11.406,50.0,Healthy
C08051,L051,Type_B,leakage_current,10.802,13.162,32.787,45.801,50.0,Latent_Defect
C08052,L052,Type_A,leakage_current,10.039,10.159,10.98,10.949,50.0,Healthy
C08053,L053,Type_B,leakage_current,11.287,11.323,12.179,13.229,50.0,Healthy
C08054,L054,Type_A,leakage_current,9.681,9.935,10.447,10.863,50.0,Healthy
C08055,L055,Type_B,leakage_current,10.451,10.844,11.611,12.501,50.0,Healthy
C08056,L056,Type_B,leakage_current,11.395,11.672,12.224,12.937,50.0,Healthy
C08057,L057,Type_A,leakage_current,8.547,8.655,8.91,9.252,50.0,Healthy
C08058,L058,Type_A,leakage_current,10.011,10.066,10.443,10.737,50.0,Healthy
C08059,L059,Type_C,leakage_current,8.955,9.217,9.797,10.199,50.0,Healthy
C08060,L060,Type_A,leakage_current,11.117,11.348,11.947,12.521,50.0,Healthy
C08061,L061,Type_A,leakage_current,10.271,10.305,10.915,11.234,50.0,Healthy
C08062,L062,Type_A,leakage_current,9.365,9.517,10.179,11.06,50.0,Healthy
C08063,L063,Type_A,leakage_current,10.109,10.144,10.988,11.465,50.0,Healthy
C08064,L064,Type_A,leakage_current,9.053,9.389,10.248,10.68,50.0,Healthy
C08065,L065,Type_A,leakage_current,9.504,9.918,10.49,10.534,50.0,Healthy
C08066,L066,Type_A,leakage_current,10.42,10.68,11.247,11.459,50.0,Healthy
C08067,L067,Type_A,leakage_current,9.392,9.382,9.888,10.006,50.0,Healthy
C08068,L068,Type_C,leakage_current,9.106,9.422,10.028,10.808,50.0,Healthy
C08069,L069,Type_A,leakage_current,10.562,10.678,10.946,11.156,50.0,Healthy
C08070,L070,Type_B,leakage_current,11.842,11.948,12.465,12.879,50.0,Healthy
C08071,L071,Type_C,leakage_current,9.964,10.141,10.438,11.017,50.0,Healthy
C08072,L072,Type_A,leakage_current,10.754,10.941,11.188,11.312,50.0,Healthy
C08073,L073,Type_B,leakage_current,10.107,10.346,11.014,11.354,50.0,Healthy
C08074,L074,Type_A,leakage_current,11.245,11.589,11.879,12.501,50.0,Healthy
C08075,L075,Type_A,leakage_current,10.261,10.438,11.151,11.865,50.0,Healthy
C08076,L076,Type_A,leakage_current,11.268,11.439,11.745,12.415,50.0,Healthy
C08077,L077,Type_B,leakage_current,11.649,11.967,12.447,12.758,50.0,Healthy
C08078,L078,Type_A,leakage_current,9.448,11.779,27.062,40.833,50.0,Latent_Defect
C08079,L079,Type_B,leakage_current,10.822,11.083,11.762,12.574,50.0,Healthy
C08080,L080,Type_A,leakage_current,9.176,9.443,10.195,10.588,50.0,Healthy
C08081,L081,Type_B,leakage_current,11.051,11.202,11.756,12.389,50.0,Healthy
C08082,L082,Type_A,leakage_current,10.972,11.233,12.034,12.56,50.0,Healthy
C08083,L083,Type_B,leakage_current,10.423,10.676,11.136,11.452,50.0,Healthy
C08084,L084,Type_A,leakage_current,10.195,13.784,32.803,52.335,50.0,Rapid_Drift
C08085,L085,Type_A,leakage_current,9.091,9.091,9.942,11.045,50.0,Healthy
C08086,L086,Type_A,leakage_current,10.036,13.435,31.943,50.711,50.0,Rapid_Drift
C08087,L087,Type_A,leakage_current,11.048,11.335,11.663,12.117,50.0,Healthy
C08088,L088,Type_A,leakage_current,9.479,11.522,26.971,41.915,50.0,Latent_Defect
C08089,L089,Type_A,leakage_current,9.581,11.282,24.7,37.359,50.0,Latent_Defect
C08090,L090,Type_A,leakage_current,9.995,10.2,10.932,11.672,50.0,Healthy
C08091,L091,Type_C,leakage_current,8.13,8.367,9.053,9.822,50.0,Healthy
C08092,L092,Type_B,leakage_current,10.487,10.653,11.3,11.835,50.0,Healthy
C08093,L093,Type_A,leakage_current,9.945,13.525,31.437,49.667,50.0,Rapid_Drift
C08094,L094,Type_B,leakage_current,9.992,9.99,10.228,10.568,50.0,Healthy
C08095,L095,Type_B,leakage_current,10.259,10.362,10.977,11.575,50.0,Healthy
C08096,L096,Type_B,leakage_current,11.268,19.465,44.18,68.455,50.0,Obvious_Failure
C08097,L097,Type_B,leakage_current,10.892,11.116,11.357,11.627,50.0,Healthy
C08098,L098,Type_B,leakage_current,11.088,11.192,11.691,12.741,50.0,Healthy
C08099,L099,Type_B,leakage_current,10.409,10.805,11.455,11.963,50.0,Healthy
C08100,L100,Type_A,leakage_current,11.011,11.015,11.24,11.546,50.0,Healthy
C08101,L001,Type_A,leakage_current,10.349,10.631,11.194,11.645,50.0,Healthy
C08102,L002,Type_C,leakage_current,8.864,9.071,9.611,10.32,50.0,Healthy
C08103,L003,Type_A,leakage_current,9.194,9.312,9.942,10.715,50.0,Healthy
C08104,L004,Type_A,leakage_current,9.877,10.27,10.923,11.79,50.0,Healthy
C08105,L005,Type_B,leakage_current,11.494,11.746,12.72,13.742,50.0,Healthy
C08106,L006,Type_B,leakage_current,10.518,10.41,11.103,11.932,50.0,Healthy
C08107,L007,Type_C,leakage_current,9.162,9.426,9.981,10.603,50.0,Healthy
C08108,L008,Type_A,leakage_current,10.489,10.814,11.424,12.297,50.0,Healthy
C08109,L009,Type_A,leakage_current,9.572,11.146,26.126,41.088,50.0,Latent_Defect
C08110,L010,Type_B,leakage_current,10.78,10.973,11.437,11.977,50.0,Healthy
C08111,L011,Type_B,leakage_current,11.136,11.253,11.765,12.214,50.0,Healthy
C08112,L012,Type_B,leakage_current,10.713,12.338,24.808,36.955,50.0,Latent_Defect
C08113,L013,Type_B,leakage_current,9.072,16.926,40.259,63.969,50.0,Obvious_Failure
C08114,L014,Type_A,leakage_current,9.83,10.066,10.509,11.387,50.0,Healthy
C08115,L015,Type_A,leakage_current,10.734,12.039,26.183,40.222,50.0,Latent_Defect
C08116,L016,Type_C,leakage_current,9.592,9.709,9.932,10.175,50.0,Healthy
C08117,L017,Type_C,leakage_current,8.422,8.678,9.373,10.445,50.0,Healthy
C08118,L018,Type_A,leakage_current,9.593,9.764,10.289,10.862,50.0,Healthy
C08119,L019,Type_C,leakage_current,9.349,11.553,31.481,44.551,50.0,Latent_Defect
C08120,L020,Type_B,leakage_current,11.111,13.221,27.012,38.15,50.0,Latent_Defect
C08121,L021,Type_B,leakage_current,10.303,10.727,11.414,12.246,50.0,Healthy
C08122,L022,Type_B,leakage_current,11.378,18.707,40.329,62.529,50.0,Obvious_Failure
C08123,L023,Type_A,leakage_current,9.914,10.324,11.018,11.565,50.0,Healthy
C08124,L024,Type_C,leakage_current,9.803,9.958,10.431,10.753,50.0,Healthy
C08125,L025,Type_A,leakage_current,10.16,10.287,10.745,11.438,50.0,Healthy
C08126,L026,Type_B,leakage_current,10.666,10.895,11.53,11.988,50.0,Healthy
C08127,L027,Type_B,leakage_current,10.514,10.642,11.43,12.142,50.0,Healthy
C08128,L028,Type_A,leakage_current,10.346,10.532,11.111,11.553,50.0,Healthy
C08129,L029,Type_B,leakage_current,12.559,15.958,44.617,72.831,50.0,Rapid_Drift
C08130,L030,Type_A,leakage_current,9.477,9.543,10.503,11.119,50.0,Healthy
C08131,L031,Type_B,leakage_current,10.361,12.34,25.702,38.863,50.0,Latent_Defect
C08132,L032,Type_A,leakage_current,9.482,9.718,9.954,10.378,50.0,Healthy
C08133,L033,Type_A,leakage_current,9.429,9.593,10.172,10.923,50.0,Healthy
C08134,L034,Type_A,leakage_current,10.393,10.461,10.771,11.219,50.0,Healthy
C08135,L035,Type_C,leakage_current,8.586,8.785,9.731,10.368,50.0,Healthy
C08136,L036,Type_A,leakage_current,9.515,9.747,10.004,10.416,50.0,Healthy
C08137,L037,Type_A,leakage_current,11.057,11.064,11.747,12.261,50.0,Healthy
C08138,L038,Type_B,leakage_current,10.743,10.929,11.277,12.071,50.0,Healthy
C08139,L039,Type_A,leakage_current,10.876,12.776,25.097,38.145,50.0,Latent_Defect
C08140,L040,Type_A,leakage_current,9.461,9.476,10.195,10.627,50.0,Healthy
C08141,L041,Type_A,leakage_current,9.87,10.219,10.756,11.049,50.0,Healthy
C08142,L042,Type_B,leakage_current,9.649,9.757,9.952,10.14,50.0,Healthy
C08143,L043,Type_A,leakage_current,9.266,9.35,9.822,9.876,50.0,Healthy
C08144,L044,Type_A,leakage_current,10.379,10.509,10.989,11.609,50.0,Healthy
C08145,L045,Type_B,leakage_current,10.409,10.632,11.427,12.061,50.0,Healthy
C08146,L046,Type_A,leakage_current,9.964,10.106,10.547,10.763,50.0,Healthy
C08147,L047,Type_C,leakage_current,8.432,8.589,9.071,9.835,50.0,Healthy
C08148,L048,Type_B,leakage_current,10.491,13.326,35.95,58.72,50.0,Rapid_Drift
C08149,L049,Type_B,leakage_current,11.259,13.638,27.532,38.986,50.0,Latent_Defect
C08150,L050,Type_B,leakage_current,10.909,12.439,30.057,47.497,50.0,Latent_Defect
C08151,L051,Type_B,leakage_current,11.294,17.188,34.922,52.753,50.0,Obvious_Failure
C08152,L052,Type_A,leakage_current,9.85,10.197,10.349,10.403,50.0,Healthy
C08153,L053,Type_A,leakage_current,10.475,10.672,11.137,11.692,50.0,Healthy
C08154,L054,Type_A,leakage_current,11.098,11.377,12.163,13.006,50.0,Healthy
C08155,L055,Type_A,leakage_current,8.835,8.954,9.737,10.282,50.0,Healthy
C08156,L056,Type_A,leakage_current,9.432,10.727,28.329,44.428,50.0,Latent_Defect
C08157,L057,Type_C,leakage_current,8.135,8.226,8.572,8.769,50.0,Healthy
C08158,L058,Type_B,leakage_current,10.758,11.042,11.31,11.789,50.0,Healthy
C08159,L059,Type_A,leakage_current,10.992,11.093,11.322,11.879,50.0,Healthy
C08160,L060,Type_B,leakage_current,11.482,11.829,12.479,12.823,50.0,Healthy
C08161,L061,Type_B,leakage_current,9.944,10.058,10.534,11.088,50.0,Healthy
C08162,L062,Type_B,leakage_current,10.556,10.511,10.776,11.072,50.0,Healthy
C08163,L063,Type_B,leakage_current,9.894,12.417,32.389,52.44,50.0,Rapid_Drift
C08164,L064,Type_A,leakage_current,9.712,9.645,9.902,10.103,50.0,Healthy
C08165,L065,Type_A,leakage_current,9.998,10.224,10.645,11.084,50.0,Healthy
C08166,L066,Type_B,leakage_current,11.495,11.751,12.504,13.294,50.0,Healthy
C08167,L067,Type_B,leakage_current,11.373,11.7,12.247,12.884,50.0,Healthy
C08168,L068,Type_B,leakage_current,9.664,10.884,27.232,43.595,50.0,Latent_Defect
C08169,L069,Type_B,leakage_current,11.092,11.236,11.686,11.984,50.0,Healthy
C08170,L070,Type_A,leakage_current,10.475,10.872,11.392,12.153,50.0,Healthy
C08171,L071,Type_C,leakage_current,9.919,10.178,10.895,11.733,50.0,Healthy
C08172,L072,Type_B,leakage_current,11.038,11.098,11.961,12.66,50.0,Healthy
C08173,L073,Type_A,leakage_current,9.856,9.902,10.365,10.671,50.0,Healthy
C08174,L074,Type_A,leakage_current,10.147,10.504,11.199,11.453,50.0,Healthy
C08175,L075,Type_B,leakage_current,11.261,11.451,12.538,13.319,50.0,Healthy
C08176,L076,Type_A,leakage_current,8.366,8.686,9.585,10.268,50.0,Healthy
C08177,L077,Type_B,leakage_current,11.351,11.655,11.987,12.873,50.0,Healthy
C08178,L078,Type_B,leakage_current,11.423,11.499,12.215,12.774,50.0,Healthy
C08179,L079,Type_A,leakage_current,9.746,9.854,10.603,11.091,50.0,Healthy
C08180,L080,Type_A,leakage_current,10.053,10.364,10.878,11.379,50.0,Healthy
C08181,L081,Type_A,leakage_current,9.859,10.09,10.574,11.354,50.0,Healthy
C08182,L082,Type_C,leakage_current,8.983,9.293,9.644,9.957,50.0,Healthy
C08183,L083,Type_B,leakage_current,10.484,10.836,11.764,12.512,50.0,Healthy
C08184,L084,Type_A,leakage_current,10.073,10.299,10.726,11.262,50.0,Healthy
C08185,L085,Type_C,leakage_current,9.422,9.87,10.527,11.155,50.0,Healthy
C08186,L086,Type_C,leakage_current,9.991,10.104,10.945,11.605,50.0,Healthy
C08187,L087,Type_A,leakage_current,9.546,9.771,10.776,11.584,50.0,Healthy
C08188,L088,Type_A,leakage_current,10.246,10.208,10.678,11.362,50.0,Healthy
C08189,L089,Type_A,leakage_current,10.359,10.447,10.678,11.253,50.0,Healthy
C08190,L090,Type_A,leakage_current,10.899,10.928,11.845,12.36,50.0,Healthy
C08191,L091,Type_B,leakage_current,10.374,10.531,10.877,11.598,50.0,Healthy
C08192,L092,Type_B,leakage_current,11.551,11.421,11.866,12.334,50.0,Healthy
C08193,L093,Type_C,leakage_current,9.491,9.605,10.494,10.655,50.0,Healthy
C08194,L094,Type_A,leakage_current,10.011,10.235,10.544,10.647,50.0,Healthy
C08195,L095,Type_A,leakage_current,8.969,9.195,9.716,10.199,50.0,Healthy
C08196,L096,Type_B,leakage_current,11.968,12.12,12.45,12.561,50.0,Healthy
C08197,L097,Type_B,leakage_current,11.123,11.301,11.614,11.899,50.0,Healthy
C08198,L098,Type_A,leakage_current,9.9,10.299,11.332,12.39,50.0,Healthy
C08199,L099,Type_A,leakage_current,9.733,10.035,10.341,10.741,50.0,Healthy
C08200,L100,Type_A,leakage_current,9.914,10.277,10.691,10.866,50.0,Healthy
C08201,L001,Type_A,leakage_current,10.758,10.832,11.339,11.561,50.0,Healthy
C08202,L002,Type_B,leakage_current,10.057,10.386,11.125,11.458,50.0,Healthy
C08203,L003,Type_A,leakage_current,10.881,11.069,11.393,11.582,50.0,Healthy
C08204,L004,Type_B,leakage_current,9.664,11.785,31.297,39.974,50.0,Latent_Defect
C08205,L005,Type_A,leakage_current,11.038,11.329,11.561,11.997,50.0,Healthy
C08206,L006,Type_B,leakage_current,11.159,11.267,11.623,12.197,50.0,Healthy
C08207,L007,Type_B,leakage_current,10.665,10.806,11.012,11.474,50.0,Healthy
C08208,L008,Type_A,leakage_current,9.958,19.156,46.569,74.004,50.0,Obvious_Failure
C08209,L009,Type_B,leakage_current,11.241,11.472,12.014,12.83,50.0,Healthy
C08210,L010,Type_B,leakage_current,10.833,11.007,11.837,12.504,50.0,Healthy
C08211,L011,Type_B,leakage_current,10.954,11.087,11.379,11.69,50.0,Healthy
C08212,L012,Type_B,leakage_current,11.74,11.748,12.222,12.767,50.0,Healthy
C08213,L013,Type_A,leakage_current,9.883,10.265,11.088,11.857,50.0,Healthy
C08214,L014,Type_B,leakage_current,11.734,11.742,12.033,12.376,50.0,Healthy
C08215,L015,Type_A,leakage_current,10.663,10.928,11.576,12.198,50.0,Healthy
C08216,L016,Type_A,leakage_current,10.927,11.125,11.717,12.516,50.0,Healthy
C08217,L017,Type_A,leakage_current,9.528,12.822,36.768,60.633,50.0,Rapid_Drift
C08218,L018,Type_A,leakage_current,9.716,12.052,31.115,43.065,50.0,Latent_Defect
C08219,L019,Type_A,leakage_current,10.54,12.66,28.474,41.903,50.0,Latent_Defect
C08220,L020,Type_A,leakage_current,9.886,9.964,10.403,11.004,50.0,Healthy
C08221,L021,Type_A,leakage_current,8.795,9.101,9.891,10.889,50.0,Healthy
C08222,L022,Type_B,leakage_current,10.812,11.042,11.698,12.572,50.0,Healthy
C08223,L023,Type_B,leakage_current,9.991,15.845,34.24,51.319,50.0,Obvious_Failure
C08224,L024,Type_A,leakage_current,10.503,10.808,11.368,11.801,50.0,Healthy
C08225,L025,Type_C,leakage_current,9.72,9.755,10.375,10.814,50.0,Healthy
C08226,L026,Type_A,leakage_current,9.58,9.957,10.601,11.47,50.0,Healthy
C08227,L027,Type_C,leakage_current,8.807,9.096,9.722,10.656,50.0,Healthy
C08228,L028,Type_B,leakage_current,11.38,11.956,12.874,13.868,50.0,Healthy
C08229,L029,Type_B,leakage_current,10.203,15.975,31.474,47.385,50.0,Obvious_Failure
C08230,L030,Type_A,leakage_current,9.658,9.818,10.266,10.826,50.0,Healthy
C08231,L031,Type_C,leakage_current,9.744,12.684,32.532,51.799,50.0,Rapid_Drift
C08232,L032,Type_A,leakage_current,9.513,9.561,10.136,10.536,50.0,Healthy
C08233,L033,Type_A,leakage_current,9.63,11.67,27.266,43.303,50.0,Latent_Defect
C08234,L034,Type_A,leakage_current,9.771,9.928,10.592,11.263,50.0,Healthy
C08235,L035,Type_A,leakage_current,10.596,10.734,11.509,12.235,50.0,Healthy
C08236,L036,Type_A,leakage_current,11.313,16.573,32.927,49.407,50.0,Obvious_Failure
C08237,L037,Type_C,leakage_current,10.147,10.374,10.814,11.521,50.0,Healthy
C08238,L038,Type_A,leakage_current,9.386,9.418,9.987,10.336,50.0,Healthy
C08239,L039,Type_B,leakage_current,10.356,10.688,11.715,12.779,50.0,Healthy
C08240,L040,Type_A,leakage_current,8.845,8.89,9.549,10.02,50.0,Healthy
C08241,L041,Type_B,leakage_current,10.72,11.066,11.552,12.048,50.0,Healthy
C08242,L042,Type_A,leakage_current,10.474,10.814,11.645,12.498,50.0,Healthy
C08243,L043,Type_A,leakage_current,9.874,10.275,11.321,12.219,50.0,Healthy
C08244,L044,Type_A,leakage_current,10.161,10.316,11.006,11.242,50.0,Healthy
C08245,L045,Type_C,leakage_current,8.97,8.976,9.679,10.085,50.0,Healthy
C08246,L046,Type_B,leakage_current,10.446,10.406,10.55,10.769,50.0,Healthy
C08247,L047,Type_A,leakage_current,10.749,14.426,43.121,71.471,50.0,Rapid_Drift
C08248,L048,Type_A,leakage_current,10.094,17.299,38.406,59.145,50.0,Obvious_Failure
C08249,L049,Type_A,leakage_current,10.334,10.858,11.662,12.902,50.0,Healthy
C08250,L050,Type_A,leakage_current,11.037,11.387,12.073,12.669,50.0,Healthy
C08251,L051,Type_C,leakage_current,9.483,9.788,10.078,10.197,50.0,Healthy
C08252,L052,Type_B,leakage_current,10.306,10.389,10.836,11.465,50.0,Healthy
C08253,L053,Type_C,leakage_current,9.852,10.127,10.448,10.869,50.0,Healthy
C08254,L054,Type_A,leakage_current,9.288,9.647,10.082,10.571,50.0,Healthy
C08255,L055,Type_B,leakage_current,10.918,11.021,11.495,11.985,50.0,Healthy
C08256,L056,Type_A,leakage_current,9.606,11.941,28.659,45.709,50.0,Latent_Defect
C08257,L057,Type_C,leakage_current,9.654,18.593,46.287,73.726,50.0,Obvious_Failure
C08258,L058,Type_A,leakage_current,10.189,10.391,11.459,12.33,50.0,Healthy
C08259,L059,Type_A,leakage_current,9.694,9.867,10.449,11.035,50.0,Healthy
C08260,L060,Type_A,leakage_current,10.408,10.135,10.298,10.728,50.0,Healthy
C08261,L061,Type_B,leakage_current,10.202,10.332,10.695,11.051,50.0,Healthy
C08262,L062,Type_C,leakage_current,9.613,9.675,10.754,11.77,50.0,Healthy
C08263,L063,Type_B,leakage_current,11.025,11.111,11.137,11.103,50.0,Healthy
C08264,L064,Type_C,leakage_current,7.915,8.165,8.476,9.337,50.0,Healthy
C08265,L065,Type_B,leakage_current,10.747,12.025,25.813,39.306,50.0,Latent_Defect
C08266,L066,Type_A,leakage_current,9.995,13.617,39.951,66.191,50.0,Rapid_Drift
C08267,L067,Type_B,leakage_current,10.685,10.751,11.203,11.685,50.0,Healthy
C08268,L068,Type_A,leakage_current,8.727,10.477,28.063,38.421,50.0,Latent_Defect
C08269,L069,Type_A,leakage_current,10.9,11.137,11.39,11.607,50.0,Healthy
C08270,L070,Type_A,leakage_current,9.667,9.738,10.159,11.076,50.0,Healthy
C08271,L071,Type_C,leakage_current,9.183,9.486,10.061,10.883,50.0,Healthy
C08272,L072,Type_A,leakage_current,9.907,11.911,31.551,43.597,50.0,Latent_Defect
C08273,L073,Type_A,leakage_current,9.791,10.126,10.779,11.606,50.0,Healthy
C08274,L074,Type_C,leakage_current,8.628,8.933,9.757,11.006,50.0,Healthy
C08275,L075,Type_B,leakage_current,11.508,11.924,12.626,13.314,50.0,Healthy
C08276,L076,Type_A,leakage_current,9.574,10.617,23.418,36.026,50.0,Latent_Defect
C08277,L077,Type_A,leakage_current,9.335,9.534,10.218,11.057,50.0,Healthy
C08278,L078,Type_B,leakage_current,10.961,11.163,11.736,12.318,50.0,Healthy
C08279,L079,Type_A,leakage_current,9.989,10.099,10.423,10.461,50.0,Healthy
C08280,L080,Type_A,leakage_current,9.86,9.914,10.308,10.687,50.0,Healthy
C08281,L081,Type_C,leakage_current,10.362,10.549,10.875,11.633,50.0,Healthy
C08282,L082,Type_B,leakage_current,11.148,11.317,12.24,13.015,50.0,Healthy
C08283,L083,Type_A,leakage_current,11.229,11.375,11.784,12.17,50.0,Healthy
C08284,L084,Type_A,leakage_current,8.7,8.979,9.605,10.293,50.0,Healthy
C08285,L085,Type_A,leakage_current,11.036,11.122,11.671,12.323,50.0,Healthy
C08286,L086,Type_B,leakage_current,10.564,10.77,11.703,12.315,50.0,Healthy
C08287,L087,Type_B,leakage_current,10.8,11.026,11.685,12.49,50.0,Healthy
C08288,L088,Type_A,leakage_current,9.339,9.38,9.746,10.262,50.0,Healthy
C08289,L089,Type_B,leakage_current,11.093,11.285,12.147,13.279,50.0,Healthy
C08290,L090,Type_B,leakage_current,10.817,10.778,11.273,11.71,50.0,Healthy
C08291,L091,Type_A,leakage_current,10.149,10.418,10.88,11.495,50.0,Healthy
C08292,L092,Type_A,leakage_current,9.984,10.05,10.654,11.483,50.0,Healthy
C08293,L093,Type_A,leakage_current,9.614,9.669,10.272,10.54,50.0,Healthy
C08294,L094,Type_B,leakage_current,11.009,14.263,38.406,62.361,50.0,Rapid_Drift
C08295,L095,Type_A,leakage_current,9.497,9.692,10.36,10.999,50.0,Healthy
C08296,L096,Type_A,leakage_current,9.936,13.234,38.512,63.71,50.0,Rapid_Drift
C08297,L097,Type_B,leakage_current,12.008,12.165,12.9,13.398,50.0,Healthy
C08298,L098,Type_A,leakage_current,8.133,8.52,9.142,9.549,50.0,Healthy
C08299,L099,Type_B,leakage_current,10.328,12.248,28.187,44.075,50.0,Latent_Defect
C08300,L100,Type_A,leakage_current,10.346,10.752,11.929,12.342,50.0,Healthy
C08301,L001,Type_A,leakage_current,9.784,10.153,10.643,10.84,50.0,Healthy
C08302,L002,Type_B,leakage_current,11.021,10.935,11.175,11.632,50.0,Healthy
C08303,L003,Type_A,leakage_current,11.023,11.302,11.506,12.074,50.0,Healthy
C08304,L004,Type_A,leakage_current,10.705,10.978,11.244,11.402,50.0,Healthy
C08305,L005,Type_B,leakage_current,10.638,10.701,11.32,11.96,50.0,Healthy
C08306,L006,Type_C,leakage_current,10.182,10.257,11.159,11.6,50.0,Healthy
C08307,L007,Type_A,leakage_current,9.345,9.636,9.948,10.488,50.0,Healthy
C08308,L008,Type_A,leakage_current,10.561,10.68,11.092,11.523,50.0,Healthy
C08309,L009,Type_A,leakage_current,10.053,10.201,11.073,12.197,50.0,Healthy
C08310,L010,Type_A,leakage_current,9.567,9.69,10.101,10.691,50.0,Healthy
C08311,L011,Type_B,leakage_current,11.369,11.375,11.658,11.879,50.0,Healthy
C08312,L012,Type_A,leakage_current,9.973,10.506,11.54,12.682,50.0,Healthy
C08313,L013,Type_B,leakage_current,11.338,11.617,12.418,13.265,50.0,Healthy
C08314,L014,Type_A,leakage_current,10.333,10.773,11.433,12.168,50.0,Healthy
C08315,L015,Type_A,leakage_current,10.108,10.158,10.615,11.31,50.0,Healthy
C08316,L016,Type_A,leakage_current,10.981,12.496,30.52,46.952,50.0,Latent_Defect
C08317,L017,Type_A,leakage_current,10.649,10.778,11.368,12.016,50.0,Healthy
C08318,L018,Type_B,leakage_current,11.404,11.766,12.343,12.812,50.0,Healthy
C08319,L019,Type_A,leakage_current,10.354,10.315,10.926,11.293,50.0,Healthy
C08320,L020,Type_A,leakage_current,9.991,11.523,30.169,44.0,50.0,Latent_Defect
C08321,L021,Type_B,leakage_current,12.014,12.262,13.011,13.891,50.0,Healthy
C08322,L022,Type_A,leakage_current,11.548,12.878,30.493,38.839,50.0,Latent_Defect
C08323,L023,Type_A,leakage_current,11.47,11.63,12.383,13.135,50.0,Healthy
C08324,L024,Type_A,leakage_current,9.774,10.027,10.412,10.653,50.0,Healthy
C08325,L025,Type_A,leakage_current,10.218,10.495,11.424,12.281,50.0,Healthy
C08326,L026,Type_A,leakage_current,9.295,13.135,39.353,65.05,50.0,Rapid_Drift
C08327,L027,Type_A,leakage_current,8.906,9.423,10.307,11.155,50.0,Healthy
C08328,L028,Type_A,leakage_current,9.739,9.838,10.745,11.351,50.0,Healthy
C08329,L029,Type_C,leakage_current,10.037,10.314,11.264,12.157,50.0,Healthy
C08330,L030,Type_B,leakage_current,11.428,13.459,30.494,41.167,50.0,Latent_Defect
C08331,L031,Type_B,leakage_current,10.892,11.116,11.577,11.99,50.0,Healthy
C08332,L032,Type_A,leakage_current,8.589,8.632,9.275,9.793,50.0,Healthy
C08333,L033,Type_B,leakage_current,10.862,12.555,30.284,44.0,50.0,Latent_Defect
C08334,L034,Type_A,leakage_current,9.838,10.073,10.933,11.442,50.0,Healthy
C08335,L035,Type_A,leakage_current,10.253,12.064,29.865,40.162,50.0,Latent_Defect
C08336,L036,Type_A,leakage_current,10.606,10.69,11.387,11.755,50.0,Healthy
C08337,L037,Type_B,leakage_current,8.967,9.206,9.652,10.616,50.0,Healthy
C08338,L038,Type_A,leakage_current,10.378,10.616,11.084,11.716,50.0,Healthy
C08339,L039,Type_A,leakage_current,9.268,9.742,10.157,10.638,50.0,Healthy
C08340,L040,Type_A,leakage_current,10.718,10.729,11.345,11.952,50.0,Healthy
C08341,L041,Type_A,leakage_current,10.879,10.998,11.518,12.025,50.0,Healthy
C08342,L042,Type_A,leakage_current,9.626,17.38,40.535,63.447,50.0,Obvious_Failure
C08343,L043,Type_A,leakage_current,9.416,9.557,9.676,9.953,50.0,Healthy
C08344,L044,Type_B,leakage_current,11.506,12.633,32.439,38.89,50.0,Latent_Defect
C08345,L045,Type_B,leakage_current,10.896,12.239,28.047,43.073,50.0,Latent_Defect
C08346,L046,Type_A,leakage_current,8.815,9.115,10.103,10.992,50.0,Healthy
C08347,L047,Type_B,leakage_current,10.647,11.003,11.65,12.599,50.0,Healthy
C08348,L048,Type_B,leakage_current,11.073,11.281,12.043,12.811,50.0,Healthy
C08349,L049,Type_A,leakage_current,9.019,8.967,9.389,9.564,50.0,Healthy
C08350,L050,Type_A,leakage_current,8.977,9.194,10.381,11.318,50.0,Healthy
C08351,L051,Type_A,leakage_current,11.207,11.393,12.034,12.506,50.0,Healthy
C08352,L052,Type_A,leakage_current,9.4,9.835,10.999,12.134,50.0,Healthy
C08353,L053,Type_A,leakage_current,10.412,10.671,11.375,11.586,50.0,Healthy
C08354,L054,Type_A,leakage_current,9.46,9.471,10.425,11.068,50.0,Healthy
C08355,L055,Type_C,leakage_current,9.533,9.6,10.363,11.276,50.0,Healthy
C08356,L056,Type_A,leakage_current,10.306,10.31,10.58,10.771,50.0,Healthy
C08357,L057,Type_C,leakage_current,8.965,9.169,9.618,10.354,50.0,Healthy
C08358,L058,Type_A,leakage_current,10.145,10.243,10.688,11.109,50.0,Healthy
C08359,L059,Type_A,leakage_current,10.412,10.573,11.173,11.719,50.0,Healthy
C08360,L060,Type_A,leakage_current,10.306,12.955,40.726,68.213,50.0,Rapid_Drift
C08361,L061,Type_C,leakage_current,9.737,13.017,38.947,64.76,50.0,Rapid_Drift
C08362,L062,Type_A,leakage_current,10.69,10.94,11.514,11.988,50.0,Healthy
C08363,L063,Type_C,leakage_current,8.572,8.497,8.971,9.376,50.0,Healthy
C08364,L064,Type_A,leakage_current,10.266,10.402,10.692,11.223,50.0,Healthy
C08365,L065,Type_A,leakage_current,10.341,10.319,10.995,11.428,50.0,Healthy
C08366,L066,Type_B,leakage_current,10.819,11.185,11.986,12.478,50.0,Healthy
C08367,L067,Type_A,leakage_current,8.986,9.407,9.937,10.746,50.0,Healthy
C08368,L068,Type_A,leakage_current,11.33,11.415,11.502,11.839,50.0,Healthy
C08369,L069,Type_C,leakage_current,9.032,11.463,30.093,41.299,50.0,Latent_Defect
C08370,L070,Type_A,leakage_current,9.837,10.255,10.93,11.655,50.0,Healthy
C08371,L071,Type_A,leakage_current,9.6,9.957,10.75,11.91,50.0,Healthy
C08372,L072,Type_C,leakage_current,10.528,10.722,10.968,11.347,50.0,Healthy
C08373,L073,Type_A,leakage_current,10.464,10.447,10.817,11.135,50.0,Healthy
C08374,L074,Type_A,leakage_current,9.711,9.895,10.175,10.861,50.0,Healthy
C08375,L075,Type_A,leakage_current,10.172,10.372,11.264,11.79,50.0,Healthy
C08376,L076,Type_B,leakage_current,11.003,11.181,11.925,12.384,50.0,Healthy
C08377,L077,Type_A,leakage_current,9.326,9.43,10.216,11.118,50.0,Healthy
C08378,L078,Type_A,leakage_current,10.265,10.256,10.488,10.665,50.0,Healthy
C08379,L079,Type_C,leakage_current,9.393,15.078,32.22,49.087,50.0,Obvious_Failure
C08380,L080,Type_B,leakage_current,11.443,11.477,11.835,12.472,50.0,Healthy
C08381,L081,Type_B,leakage_current,10.079,9.984,10.758,11.442,50.0,Healthy
C08382,L082,Type_A,leakage_current,10.142,10.387,10.857,11.13,50.0,Healthy
C08383,L083,Type_A,leakage_current,9.814,9.7,10.142,10.675,50.0,Healthy
C08384,L084,Type_A,leakage_current,11.287,11.411,11.888,12.631,50.0,Healthy
C08385,L085,Type_A,leakage_current,10.176,10.312,10.93,11.711,50.0,Healthy
C08386,L086,Type_B,leakage_current,9.92,10.251,11.051,11.04,50.0,Healthy
C08387,L087,Type_A,leakage_current,9.366,9.512,9.819,9.981,50.0,Healthy
C08388,L088,Type_B,leakage_current,11.167,11.596,12.15,12.457,50.0,Healthy
C08389,L089,Type_A,leakage_current,9.958,10.148,10.496,10.798,50.0,Healthy
C08390,L090,Type_B,leakage_current,9.907,10.144,11.013,11.779,50.0,Healthy
C08391,L091,Type_B,leakage_current,11.051,11.031,11.328,11.726,50.0,Healthy
C08392,L092,Type_C,leakage_current,10.24,10.292,10.63,10.952,50.0,Healthy
C08393,L093,Type_B,leakage_current,10.639,10.936,11.862,12.795,50.0,Healthy
C08394,L094,Type_B,leakage_current,10.667,12.006,29.072,46.319,50.0,Latent_Defect
C08395,L095,Type_A,leakage_current,10.721,10.691,11.221,11.469,50.0,Healthy
C08396,L096,Type_A,leakage_current,9.753,10.052,10.58,10.934,50.0,Healthy
C08397,L097,Type_B,leakage_current,11.273,13.467,27.77,42.251,50.0,Latent_Defect
C08398,L098,Type_A,leakage_current,10.254,10.346,10.975,11.613,50.0,Healthy
C08399,L099,Type_A,leakage_current,9.79,10.014,10.352,11.048,50.0,Healthy
C08400,L100,Type_C,leakage_current,8.196,8.303,9.216,9.989,50.0,Healthy
C08401,L001,Type_B,leakage_current,11.553,11.812,12.324,12.622,50.0,Healthy
C08402,L002,Type_C,leakage_current,9.75,9.941,10.261,10.594,50.0,Healthy
C08403,L003,Type_A,leakage_current,11.167,11.658,12.462,13.555,50.0,Healthy
C08404,L004,Type_B,leakage_current,11.621,11.958,12.634,13.365,50.0,Healthy
C08405,L005,Type_C,leakage_current,9.221,9.384,10.364,11.181,50.0,Healthy
C08406,L006,Type_A,leakage_current,10.546,10.615,11.166,11.745,50.0,Healthy
C08407,L007,Type_B,leakage_current,11.417,11.403,11.718,12.329,50.0,Healthy
C08408,L008,Type_A,leakage_current,10.05,10.329,10.873,11.577,50.0,Healthy
C08409,L009,Type_C,leakage_current,9.41,11.168,27.654,38.591,50.0,Latent_Defect
C08410,L010,Type_A,leakage_current,8.049,8.225,9.077,9.843,50.0,Healthy
C08411,L011,Type_A,leakage_current,10.988,11.152,11.632,12.142,50.0,Healthy
C08412,L012,Type_A,leakage_current,9.243,9.303,9.838,10.32,50.0,Healthy
C08413,L013,Type_A,leakage_current,9.733,10.15,10.996,11.779,50.0,Healthy
C08414,L014,Type_C,leakage_current,10.018,10.278,10.972,11.2,50.0,Healthy
C08415,L015,Type_A,leakage_current,10.587,10.645,10.98,11.347,50.0,Healthy
C08416,L016,Type_C,leakage_current,9.913,10.043,10.721,11.413,50.0,Healthy
C08417,L017,Type_A,leakage_current,10.225,10.693,11.755,12.604,50.0,Healthy
C08418,L018,Type_A,leakage_current,8.488,8.654,9.543,10.037,50.0,Healthy
C08419,L019,Type_B,leakage_current,11.576,11.57,12.085,12.358,50.0,Healthy
C08420,L020,Type_A,leakage_current,10.227,10.398,11.059,11.378,50.0,Healthy
C08421,L021,Type_A,leakage_current,9.389,11.152,26.729,38.872,50.0,Latent_Defect
C08422,L022,Type_A,leakage_current,11.017,11.172,11.664,12.249,50.0,Healthy
C08423,L023,Type_A,leakage_current,9.535,9.745,10.642,11.12,50.0,Healthy
C08424,L024,Type_A,leakage_current,9.439,9.87,10.353,11.194,50.0,Healthy
C08425,L025,Type_B,leakage_current,10.885,10.852,11.459,11.934,50.0,Healthy
C08426,L026,Type_B,leakage_current,12.398,13.754,28.53,43.427,50.0,Latent_Defect
C08427,L027,Type_B,leakage_current,10.732,10.906,11.319,11.475,50.0,Healthy
C08428,L028,Type_B,leakage_current,11.563,11.592,11.89,11.534,50.0,Healthy
C08429,L029,Type_B,leakage_current,10.659,13.223,32.747,42.873,50.0,Latent_Defect
C08430,L030,Type_A,leakage_current,9.649,9.766,10.235,10.847,50.0,Healthy
C08431,L031,Type_B,leakage_current,11.511,17.206,35.769,53.53,50.0,Obvious_Failure
C08432,L032,Type_A,leakage_current,8.639,8.727,9.018,9.429,50.0,Healthy
C08433,L033,Type_A,leakage_current,9.484,9.601,10.18,10.901,50.0,Healthy
C08434,L034,Type_A,leakage_current,9.767,9.934,10.58,11.18,50.0,Healthy
C08435,L035,Type_A,leakage_current,10.672,11.001,11.602,12.519,50.0,Healthy
C08436,L036,Type_A,leakage_current,9.964,10.086,11.08,12.023,50.0,Healthy
C08437,L037,Type_B,leakage_current,11.723,13.437,30.235,45.714,50.0,Latent_Defect
C08438,L038,Type_B,leakage_current,10.549,10.728,11.329,12.288,50.0,Healthy
C08439,L039,Type_A,leakage_current,9.86,11.988,31.445,39.129,50.0,Latent_Defect
C08440,L040,Type_A,leakage_current,10.203,10.522,11.408,12.746,50.0,Healthy
C08441,L041,Type_A,leakage_current,10.431,10.829,11.459,12.58,50.0,Healthy
C08442,L042,Type_A,leakage_current,9.906,10.25,10.779,11.653,50.0,Healthy
C08443,L043,Type_A,leakage_current,10.318,10.53,11.071,11.55,50.0,Healthy
C08444,L044,Type_B,leakage_current,9.202,9.244,9.458,9.624,50.0,Healthy
C08445,L045,Type_A,leakage_current,10.838,10.834,11.141,11.673,50.0,Healthy
C08446,L046,Type_A,leakage_current,9.727,16.253,35.024,54.156,50.0,Obvious_Failure
C08447,L047,Type_C,leakage_current,8.974,9.08,9.208,9.592,50.0,Healthy
C08448,L048,Type_A,leakage_current,10.046,9.837,10.418,11.285,50.0,Healthy
C08449,L049,Type_A,leakage_current,10.664,10.873,11.748,12.551,50.0,Healthy
C08450,L050,Type_A,leakage_current,9.346,9.499,10.269,11.183,50.0,Healthy
C08451,L051,Type_A,leakage_current,9.552,9.689,10.449,11.421,50.0,Healthy
C08452,L052,Type_C,leakage_current,8.757,9.093,9.446,9.949,50.0,Healthy
C08453,L053,Type_B,leakage_current,10.748,11.005,11.608,12.55,50.0,Healthy
C08454,L054,Type_B,leakage_current,11.713,11.727,12.056,12.345,50.0,Healthy
C08455,L055,Type_B,leakage_current,11.178,11.192,11.462,11.77,50.0,Healthy
C08456,L056,Type_A,leakage_current,9.92,13.419,39.598,65.312,50.0,Rapid_Drift
C08457,L057,Type_A,leakage_current,9.435,9.598,10.187,10.496,50.0,Healthy
C08458,L058,Type_B,leakage_current,11.227,11.411,11.857,11.955,50.0,Healthy
C08459,L059,Type_A,leakage_current,9.865,9.8,10.043,10.343,50.0,Healthy
C08460,L060,Type_B,leakage_current,11.233,11.368,11.752,12.066,50.0,Healthy
C08461,L061,Type_A,leakage_current,10.484,16.557,34.848,52.699,50.0,Obvious_Failure
C08462,L062,Type_B,leakage_current,10.759,10.848,11.308,12.067,50.0,Healthy
C08463,L063,Type_C,leakage_current,9.56,11.537,28.193,41.683,50.0,Latent_Defect
C08464,L064,Type_A,leakage_current,8.83,8.984,9.482,9.809,50.0,Healthy
C08465,L065,Type_B,leakage_current,10.461,10.791,11.097,11.691,50.0,Healthy
C08466,L066,Type_A,leakage_current,9.711,9.869,10.334,10.936,50.0,Healthy
C08467,L067,Type_A,leakage_current,9.621,12.726,29.719,46.95,50.0,Rapid_Drift
C08468,L068,Type_B,leakage_current,9.727,10.04,10.685,11.424,50.0,Healthy
C08469,L069,Type_A,leakage_current,10.131,10.221,10.709,11.09,50.0,Healthy
C08470,L070,Type_B,leakage_current,11.306,11.488,11.797,12.185,50.0,Healthy
C08471,L071,Type_C,leakage_current,8.788,9.134,9.81,10.31,50.0,Healthy
C08472,L072,Type_A,leakage_current,10.408,10.72,11.313,11.44,50.0,Healthy
C08473,L073,Type_C,leakage_current,9.354,9.639,9.992,10.214,50.0,Healthy
C08474,L074,Type_A,leakage_current,10.492,12.229,31.687,47.997,50.0,Latent_Defect
C08475,L075,Type_C,leakage_current,10.354,10.659,11.409,12.022,50.0,Healthy
C08476,L076,Type_A,leakage_current,9.906,10.262,10.856,11.764,50.0,Healthy
C08477,L077,Type_A,leakage_current,9.896,10.115,10.902,11.629,50.0,Healthy
C08478,L078,Type_A,leakage_current,10.063,10.342,11.334,12.29,50.0,Healthy
C08479,L079,Type_B,leakage_current,11.362,11.613,12.225,12.704,50.0,Healthy
C08480,L080,Type_A,leakage_current,10.045,10.036,10.616,11.233,50.0,Healthy
C08481,L081,Type_B,leakage_current,11.562,19.066,42.276,64.568,50.0,Obvious_Failure
C08482,L082,Type_A,leakage_current,10.085,10.179,10.957,11.71,50.0,Healthy
C08483,L083,Type_A,leakage_current,10.361,12.137,24.87,37.613,50.0,Latent_Defect
C08484,L084,Type_A,leakage_current,10.376,16.107,33.09,49.865,50.0,Obvious_Failure
C08485,L085,Type_B,leakage_current,11.228,11.43,12.091,12.753,50.0,Healthy
C08486,L086,Type_A,leakage_current,9.376,9.61,10.206,11.145,50.0,Healthy
C08487,L087,Type_A,leakage_current,9.059,9.377,10.223,10.711,50.0,Healthy
C08488,L088,Type_B,leakage_current,11.008,11.312,12.376,13.213,50.0,Healthy
C08489,L089,Type_A,leakage_current,10.673,10.945,11.6,12.313,50.0,Healthy
C08490,L090,Type_A,leakage_current,10.8,11.054,11.308,12.193,50.0,Healthy
C08491,L091,Type_A,leakage_current,10.484,10.592,10.718,11.035,50.0,Healthy
C08492,L092,Type_A,leakage_current,10.227,10.722,11.462,12.485,50.0,Healthy
C08493,L093,Type_A,leakage_current,9.26,9.266,9.602,10.224,50.0,Healthy
C08494,L094,Type_B,leakage_current,10.506,12.164,27.574,41.306,50.0,Latent_Defect
C08495,L095,Type_C,leakage_current,9.237,9.292,9.68,10.428,50.0,Healthy
C08496,L096,Type_A,leakage_current,9.749,9.929,10.324,10.84,50.0,Healthy
C08497,L097,Type_A,leakage_current,10.661,11.078,11.536,12.031,50.0,Healthy
C08498,L098,Type_A,leakage_current,9.434,9.604,10.711,11.446,50.0,Healthy
C08499,L099,Type_A,leakage_current,10.021,12.826,27.607,41.734,50.0,Latent_Defect
C08500,L100,Type_A,leakage_current,10.806,10.756,11.104,11.188,50.0,Healthy
C08501,L001,Type_A,leakage_current,10.762,12.231,25.861,39.434,50.0,Latent_Defect
C08502,L002,Type_A,leakage_current,9.091,9.3,9.587,10.178,50.0,Healthy
C08503,L003,Type_B,leakage_current,11.395,11.583,12.5,13.439,50.0,Healthy
C08504,L004,Type_B,leakage_current,12.696,12.78,13.354,14.118,50.0,Healthy
C08505,L005,Type_B,leakage_current,10.569,10.824,11.412,12.262,50.0,Healthy
C08506,L006,Type_A,leakage_current,10.535,10.689,11.028,11.696,50.0,Healthy
C08507,L007,Type_A,leakage_current,9.97,9.91,10.722,11.361,50.0,Healthy
C08508,L008,Type_A,leakage_current,8.734,8.971,9.604,10.071,50.0,Healthy
C08509,L009,Type_B,leakage_current,10.735,12.858,29.319,45.076,50.0,Latent_Defect
C08510,L010,Type_A,leakage_current,9.548,12.619,38.563,64.5,50.0,Rapid_Drift
C08511,L011,Type_B,leakage_current,10.182,11.982,27.166,42.208,50.0,Latent_Defect
C08512,L012,Type_A,leakage_current,9.803,10.099,10.695,11.442,50.0,Healthy
C08513,L013,Type_A,leakage_current,9.902,13.34,40.343,66.989,50.0,Rapid_Drift
C08514,L014,Type_A,leakage_current,9.361,9.328,9.993,10.558,50.0,Healthy
C08515,L015,Type_A,leakage_current,10.453,10.483,11.378,11.931,50.0,Healthy
C08516,L016,Type_A,leakage_current,9.525,11.028,28.125,38.627,50.0,Latent_Defect
C08517,L017,Type_C,leakage_current,10.324,10.698,11.578,12.521,50.0,Healthy
C08518,L018,Type_B,leakage_current,10.163,11.836,29.989,48.171,50.0,Latent_Defect
C08519,L019,Type_C,leakage_current,9.336,9.496,9.672,10.257,50.0,Healthy
C08520,L020,Type_A,leakage_current,10.697,11.05,11.708,12.595,50.0,Healthy
C08521,L021,Type_A,leakage_current,10.603,10.922,11.417,12.083,50.0,Healthy
C08522,L022,Type_A,leakage_current,10.459,12.329,30.579,48.25,50.0,Latent_Defect
C08523,L023,Type_A,leakage_current,8.603,10.362,29.978,46.766,50.0,Latent_Defect
C08524,L024,Type_B,leakage_current,9.208,9.354,10.119,10.88,50.0,Healthy
C08525,L025,Type_A,leakage_current,10.815,10.768,11.218,11.745,50.0,Healthy
C08526,L026,Type_A,leakage_current,10.268,10.643,11.334,12.398,50.0,Healthy
C08527,L027,Type_B,leakage_current,11.338,11.592,12.36,12.836,50.0,Healthy
C08528,L028,Type_B,leakage_current,11.186,18.196,39.327,60.983,50.0,Obvious_Failure
C08529,L029,Type_A,leakage_current,10.199,10.327,11.044,11.803,50.0,Healthy
C08530,L030,Type_A,leakage_current,9.288,9.742,10.607,11.756,50.0,Healthy
C08531,L031,Type_B,leakage_current,10.452,13.578,31.096,48.843,50.0,Rapid_Drift
C08532,L032,Type_A,leakage_current,9.912,9.933,10.421,10.795,50.0,Healthy
C08533,L033,Type_A,leakage_current,10.531,10.832,11.376,12.055,50.0,Healthy
C08534,L034,Type_A,leakage_current,10.102,10.333,10.8,11.214,50.0,Healthy
C08535,L035,Type_C,leakage_current,9.68,9.768,10.165,11.024,50.0,Healthy
C08536,L036,Type_A,leakage_current,8.973,9.041,8.999,9.23,50.0,Healthy
C08537,L037,Type_A,leakage_current,11.353,18.854,41.434,63.798,50.0,Obvious_Failure
C08538,L038,Type_B,leakage_current,9.956,10.171,10.61,11.339,50.0,Healthy
C08539,L039,Type_B,leakage_current,12.028,12.018,12.757,13.48,50.0,Healthy
C08540,L040,Type_A,leakage_current,9.461,9.722,9.929,10.259,50.0,Healthy
C08541,L041,Type_A,leakage_current,9.477,9.66,9.656,10.169,50.0,Healthy
C08542,L042,Type_A,leakage_current,10.527,10.816,11.528,12.456,50.0,Healthy
C08543,L043,Type_A,leakage_current,8.675,8.975,9.702,10.659,50.0,Healthy
C08544,L044,Type_A,leakage_current,9.828,10.013,10.039,10.07,50.0,Healthy
C08545,L045,Type_A,leakage_current,10.25,10.224,10.801,11.617,50.0,Healthy
C08546,L046,Type_A,leakage_current,10.375,15.915,32.472,48.805,50.0,Obvious_Failure
C08547,L047,Type_A,leakage_current,10.612,10.57,10.986,11.123,50.0,Healthy
C08548,L048,Type_A,leakage_current,10.233,10.438,10.994,11.552,50.0,Healthy
C08549,L049,Type_A,leakage_current,9.592,11.012,23.291,36.126,50.0,Latent_Defect
C08550,L050,Type_B,leakage_current,10.178,10.21,10.726,11.057,50.0,Healthy
C08551,L051,Type_A,leakage_current,10.586,10.813,10.999,10.85,50.0,Healthy
C08552,L052,Type_A,leakage_current,9.538,9.743,10.514,11.159,50.0,Healthy
C08553,L053,Type_C,leakage_current,9.434,10.861,25.531,39.435,50.0,Latent_Defect
C08554,L054,Type_B,leakage_current,11.387,11.819,12.2,12.945,50.0,Healthy
C08555,L055,Type_C,leakage_current,9.863,12.312,31.104,50.009,50.0,Rapid_Drift
C08556,L056,Type_B,leakage_current,10.756,11.133,11.756,12.504,50.0,Healthy
C08557,L057,Type_C,leakage_current,8.839,14.605,31.911,48.832,50.0,Obvious_Failure
C08558,L058,Type_B,leakage_current,11.983,12.058,12.885,13.627,50.0,Healthy
C08559,L059,Type_B,leakage_current,12.029,12.547,13.014,13.525,50.0,Healthy
C08560,L060,Type_A,leakage_current,10.684,10.879,11.221,11.687,50.0,Healthy
C08561,L061,Type_A,leakage_current,10.618,10.901,11.69,12.336,50.0,Healthy
C08562,L062,Type_A,leakage_current,9.642,9.954,10.54,11.277,50.0,Healthy
C08563,L063,Type_C,leakage_current,8.457,8.835,9.455,10.04,50.0,Healthy
C08564,L064,Type_A,leakage_current,10.595,10.772,10.999,11.57,50.0,Healthy
C08565,L065,Type_A,leakage_current,9.106,9.244,9.485,10.465,50.0,Healthy
C08566,L066,Type_A,leakage_current,8.971,9.112,9.608,9.845,50.0,Healthy
C08567,L067,Type_A,leakage_current,9.273,16.561,38.309,59.082,50.0,Obvious_Failure
C08568,L068,Type_C,leakage_current,8.845,9.092,9.54,10.081,50.0,Healthy
C08569,L069,Type_B,leakage_current,10.583,10.847,11.317,12.002,50.0,Healthy
C08570,L070,Type_A,leakage_current,9.561,9.708,10.398,11.111,50.0,Healthy
C08571,L071,Type_A,leakage_current,10.589,10.752,11.009,11.272,50.0,Healthy
C08572,L072,Type_A,leakage_current,10.574,13.069,31.632,50.288,50.0,Rapid_Drift
C08573,L073,Type_A,leakage_current,10.088,10.466,11.103,11.899,50.0,Healthy
C08574,L074,Type_A,leakage_current,9.969,9.919,9.918,10.299,50.0,Healthy
C08575,L075,Type_A,leakage_current,8.581,12.081,40.177,68.366,50.0,Rapid_Drift
C08576,L076,Type_C,leakage_current,10.384,10.589,11.044,11.133,50.0,Healthy
C08577,L077,Type_A,leakage_current,11.186,11.442,12.237,12.85,50.0,Healthy
C08578,L078,Type_C,leakage_current,9.378,10.868,23.115,35.521,50.0,Latent_Defect
C08579,L079,Type_A,leakage_current,10.687,10.962,11.496,12.45,50.0,Healthy
C08580,L080,Type_C,leakage_current,8.408,8.714,9.089,9.542,50.0,Healthy
C08581,L081,Type_A,leakage_current,10.131,10.527,11.093,11.91,50.0,Healthy
C08582,L082,Type_A,leakage_current,9.691,9.956,10.046,10.972,50.0,Healthy
C08583,L083,Type_B,leakage_current,10.508,10.737,11.23,11.769,50.0,Healthy
C08584,L084,Type_B,leakage_current,9.951,10.191,10.92,11.672,50.0,Healthy
C08585,L085,Type_A,leakage_current,9.377,9.463,9.706,10.165,50.0,Healthy
C08586,L086,Type_B,leakage_current,9.576,9.583,10.334,10.956,50.0,Healthy
C08587,L087,Type_B,leakage_current,10.329,14.073,35.756,57.354,50.0,Rapid_Drift
C08588,L088,Type_A,leakage_current,11.448,13.781,33.137,46.455,50.0,Latent_Defect
C08589,L089,Type_B,leakage_current,10.944,11.117,11.926,12.755,50.0,Healthy
C08590,L090,Type_B,leakage_current,12.126,11.979,12.153,12.338,50.0,Healthy
C08591,L091,Type_A,leakage_current,10.945,11.055,11.598,12.245,50.0,Healthy
C08592,L092,Type_C,leakage_current,9.847,10.155,10.911,11.462,50.0,Healthy
C08593,L093,Type_A,leakage_current,9.873,9.965,10.725,11.487,50.0,Healthy
C08594,L094,Type_A,leakage_current,10.876,11.125,11.682,12.44,50.0,Healthy
C08595,L095,Type_C,leakage_current,10.32,10.382,10.815,10.944,50.0,Healthy
C08596,L096,Type_C,leakage_current,9.131,12.089,37.638,62.92,50.0,Rapid_Drift
C08597,L097,Type_A,leakage_current,10.224,10.373,10.904,11.137,50.0,Healthy
C08598,L098,Type_A,leakage_current,11.029,11.447,12.266,12.986,50.0,Healthy
C08599,L099,Type_B,leakage_current,10.278,12.409,27.641,40.111,50.0,Latent_Defect
C08600,L100,Type_B,leakage_current,10.741,10.896,11.376,11.631,50.0,Healthy
C08601,L001,Type_A,leakage_current,9.997,10.408,11.076,12.22,50.0,Healthy
C08602,L002,Type_A,leakage_current,10.194,10.414,10.878,11.537,50.0,Healthy
C08603,L003,Type_A,leakage_current,10.567,10.799,11.488,12.336,50.0,Healthy
C08604,L004,Type_A,leakage_current,10.427,10.362,10.693,11.574,50.0,Healthy
C08605,L005,Type_A,leakage_current,10.127,10.111,10.783,11.741,50.0,Healthy
C08606,L006,Type_A,leakage_current,8.942,10.886,28.957,46.978,50.0,Latent_Defect
C08607,L007,Type_A,leakage_current,9.585,9.845,10.507,11.64,50.0,Healthy
C08608,L008,Type_A,leakage_current,10.282,10.488,11.064,11.683,50.0,Healthy
C08609,L009,Type_C,leakage_current,9.959,10.169,10.547,10.942,50.0,Healthy
C08610,L010,Type_A,leakage_current,9.46,9.533,9.393,9.543,50.0,Healthy
C08611,L011,Type_C,leakage_current,9.383,9.654,10.671,11.924,50.0,Healthy
C08612,L012,Type_C,leakage_current,9.077,9.163,9.972,10.761,50.0,Healthy
C08613,L013,Type_B,leakage_current,10.815,11.079,11.647,12.125,50.0,Healthy
C08614,L014,Type_A,leakage_current,10.345,10.417,10.967,11.587,50.0,Healthy
C08615,L015,Type_A,leakage_current,9.838,11.706,31.221,46.516,50.0,Latent_Defect
C08616,L016,Type_C,leakage_current,9.349,9.467,9.594,10.244,50.0,Healthy
C08617,L017,Type_B,leakage_current,11.357,11.582,12.186,12.609,50.0,Healthy
C08618,L018,Type_B,leakage_current,10.413,10.602,10.859,11.175,50.0,Healthy
C08619,L019,Type_B,leakage_current,10.276,10.423,10.891,11.431,50.0,Healthy
C08620,L020,Type_B,leakage_current,11.472,11.463,11.752,12.201,50.0,Healthy
C08621,L021,Type_A,leakage_current,9.642,9.748,10.367,11.039,50.0,Healthy
C08622,L022,Type_A,leakage_current,10.848,13.121,29.58,40.051,50.0,Latent_Defect
C08623,L023,Type_A,leakage_current,9.511,9.715,10.445,11.407,50.0,Healthy
C08624,L024,Type_B,leakage_current,10.481,12.642,26.689,39.852,50.0,Latent_Defect
C08625,L025,Type_A,leakage_current,9.636,9.715,10.569,11.398,50.0,Healthy
C08626,L026,Type_B,leakage_current,10.165,12.24,24.745,36.965,50.0,Latent_Defect
C08627,L027,Type_A,leakage_current,11.072,12.659,26.786,40.382,50.0,Latent_Defect
C08628,L028,Type_A,leakage_current,10.464,10.511,11.078,11.475,50.0,Healthy
C08629,L029,Type_A,leakage_current,9.444,9.774,10.537,11.295,50.0,Healthy
C08630,L030,Type_A,leakage_current,8.747,10.847,27.668,40.118,50.0,Latent_Defect
C08631,L031,Type_C,leakage_current,8.761,8.99,9.407,9.776,50.0,Healthy
C08632,L032,Type_A,leakage_current,8.691,8.882,9.466,10.193,50.0,Healthy
C08633,L033,Type_B,leakage_current,10.589,10.8,11.493,11.902,50.0,Healthy
C08634,L034,Type_C,leakage_current,9.308,9.324,10.202,10.618,50.0,Healthy
C08635,L035,Type_C,leakage_current,8.424,8.822,9.512,10.184,50.0,Healthy
C08636,L036,Type_A,leakage_current,10.495,10.818,11.795,12.719,50.0,Healthy
C08637,L037,Type_A,leakage_current,9.35,13.167,40.637,67.972,50.0,Rapid_Drift
C08638,L038,Type_A,leakage_current,9.976,10.114,10.674,11.37,50.0,Healthy
C08639,L039,Type_A,leakage_current,9.087,9.087,9.648,10.139,50.0,Healthy
C08640,L040,Type_A,leakage_current,11.114,11.236,11.927,12.855,50.0,Healthy
C08641,L041,Type_A,leakage_current,10.01,11.902,25.547,39.461,50.0,Latent_Defect
C08642,L042,Type_A,leakage_current,10.389,10.241,10.871,11.834,50.0,Healthy
C08643,L043,Type_C,leakage_current,9.957,10.034,10.29,10.897,50.0,Healthy
C08644,L044,Type_A,leakage_current,10.622,10.637,11.342,11.787,50.0,Healthy
C08645,L045,Type_C,leakage_current,9.391,9.479,10.234,10.994,50.0,Healthy
C08646,L046,Type_A,leakage_current,8.755,9.02,9.782,10.37,50.0,Healthy
C08647,L047,Type_B,leakage_current,11.559,13.267,26.109,37.994,50.0,Latent_Defect
C08648,L048,Type_A,leakage_current,9.76,12.1,25.569,38.926,50.0,Latent_Defect
C08649,L049,Type_A,leakage_current,8.923,8.891,9.142,9.376,50.0,Healthy
C08650,L050,Type_B,leakage_current,10.485,10.527,10.836,11.384,50.0,Healthy
C08651,L051,Type_A,leakage_current,10.358,10.675,11.089,11.211,50.0,Healthy
C08652,L052,Type_B,leakage_current,12.09,12.419,12.934,13.378,50.0,Healthy
C08653,L053,Type_B,leakage_current,10.837,19.269,44.834,70.678,50.0,Obvious_Failure
C08654,L054,Type_A,leakage_current,9.95,10.11,11.084,11.673,50.0,Healthy
C08655,L055,Type_A,leakage_current,10.036,10.03,10.551,11.006,50.0,Healthy
C08656,L056,Type_A,leakage_current,10.268,10.653,11.149,11.962,50.0,Healthy
C08657,L057,Type_A,leakage_current,9.482,9.769,10.468,11.325,50.0,Healthy
C08658,L058,Type_B,leakage_current,10.123,10.185,10.294,10.971,50.0,Healthy
C08659,L059,Type_B,leakage_current,10.098,10.261,10.944,11.583,50.0,Healthy
C08660,L060,Type_B,leakage_current,11.369,13.935,31.222,49.094,50.0,Rapid_Drift
C08661,L061,Type_B,leakage_current,9.956,10.091,10.697,11.437,50.0,Healthy
C08662,L062,Type_A,leakage_current,9.776,9.843,10.47,10.926,50.0,Healthy
C08663,L063,Type_A,leakage_current,10.109,10.274,11.127,11.902,50.0,Healthy
C08664,L064,Type_B,leakage_current,9.849,10.069,10.601,11.065,50.0,Healthy
C08665,L065,Type_B,leakage_current,10.14,11.975,29.473,44.226,50.0,Latent_Defect
C08666,L066,Type_A,leakage_current,9.834,9.996,10.142,10.257,50.0,Healthy
C08667,L067,Type_C,leakage_current,9.563,9.87,10.929,11.718,50.0,Healthy
C08668,L068,Type_B,leakage_current,10.62,10.77,11.083,11.514,50.0,Healthy
C08669,L069,Type_B,leakage_current,10.603,13.235,27.454,41.321,50.0,Latent_Defect
C08670,L070,Type_B,leakage_current,9.932,9.766,10.049,10.736,50.0,Healthy
C08671,L071,Type_B,leakage_current,10.994,11.171,11.963,12.81,50.0,Healthy
C08672,L072,Type_A,leakage_current,10.174,10.357,10.688,11.106,50.0,Healthy
C08673,L073,Type_B,leakage_current,10.286,10.609,11.347,12.337,50.0,Healthy
C08674,L074,Type_A,leakage_current,10.148,10.313,11.061,12.026,50.0,Healthy
C08675,L075,Type_B,leakage_current,10.276,10.476,11.144,11.843,50.0,Healthy
C08676,L076,Type_C,leakage_current,9.822,15.566,33.325,51.851,50.0,Obvious_Failure
C08677,L077,Type_B,leakage_current,11.579,11.62,12.195,12.65,50.0,Healthy
C08678,L078,Type_C,leakage_current,9.836,10.13,10.268,10.54,50.0,Healthy
C08679,L079,Type_A,leakage_current,10.839,10.986,11.619,12.449,50.0,Healthy
C08680,L080,Type_A,leakage_current,10.907,11.179,11.639,12.55,50.0,Healthy
C08681,L081,Type_B,leakage_current,11.135,13.485,30.684,41.397,50.0,Latent_Defect
C08682,L082,Type_A,leakage_current,9.887,10.002,10.408,10.902,50.0,Healthy
C08683,L083,Type_B,leakage_current,10.455,13.115,38.227,63.283,50.0,Rapid_Drift
C08684,L084,Type_A,leakage_current,10.401,10.577,11.638,12.367,50.0,Healthy
C08685,L085,Type_B,leakage_current,10.325,10.578,11.04,12.176,50.0,Healthy
C08686,L086,Type_A,leakage_current,10.724,11.141,11.755,12.398,50.0,Healthy
C08687,L087,Type_C,leakage_current,8.122,9.397,28.46,47.491,50.0,Latent_Defect
C08688,L088,Type_A,leakage_current,9.651,9.84,10.436,10.956,50.0,Healthy
C08689,L089,Type_A,leakage_current,9.359,9.658,9.86,10.72,50.0,Healthy
C08690,L090,Type_A,leakage_current,10.072,10.243,10.81,11.777,50.0,Healthy
C08691,L091,Type_B,leakage_current,11.011,11.154,11.506,11.861,50.0,Healthy
C08692,L092,Type_B,leakage_current,9.522,9.723,10.082,10.723,50.0,Healthy
C08693,L093,Type_A,leakage_current,10.198,10.398,11.032,11.772,50.0,Healthy
C08694,L094,Type_A,leakage_current,9.98,10.062,10.798,11.51,50.0,Healthy
C08695,L095,Type_B,leakage_current,10.944,11.052,11.87,12.887,50.0,Healthy
C08696,L096,Type_A,leakage_current,10.285,10.365,10.844,11.579,50.0,Healthy
C08697,L097,Type_B,leakage_current,10.064,10.334,10.878,11.374,50.0,Healthy
C08698,L098,Type_B,leakage_current,10.398,10.275,10.723,11.221,50.0,Healthy
C08699,L099,Type_C,leakage_current,9.443,9.415,9.706,9.935,50.0,Healthy
C08700,L100,Type_A,leakage_current,9.894,10.252,11.146,11.638,50.0,Healthy
C08701,L001,Type_A,leakage_current,10.199,10.358,10.582,11.207,50.0,Healthy
C08702,L002,Type_A,leakage_current,9.723,9.905,10.948,11.746,50.0,Healthy
C08703,L003,Type_B,leakage_current,11.262,11.5,12.425,13.149,50.0,Healthy
C08704,L004,Type_B,leakage_current,10.469,10.542,10.743,11.228,50.0,Healthy
C08705,L005,Type_A,leakage_current,10.13,10.024,10.884,11.45,50.0,Healthy
C08706,L006,Type_C,leakage_current,10.973,11.073,11.763,12.371,50.0,Healthy
C08707,L007,Type_A,leakage_current,10.217,10.42,10.702,11.173,50.0,Healthy
C08708,L008,Type_B,leakage_current,11.313,11.46,12.222,12.824,50.0,Healthy
C08709,L009,Type_A,leakage_current,9.453,11.217,25.187,39.059,50.0,Latent_Defect
C08710,L010,Type_B,leakage_current,10.742,10.712,10.928,10.594,50.0,Healthy
C08711,L011,Type_A,leakage_current,10.345,10.462,10.972,11.149,50.0,Healthy
C08712,L012,Type_A,leakage_current,9.996,10.608,11.417,12.427,50.0,Healthy
C08713,L013,Type_A,leakage_current,10.063,10.311,10.778,11.288,50.0,Healthy
C08714,L014,Type_A,leakage_current,9.783,10.036,10.834,12.306,50.0,Healthy
C08715,L015,Type_C,leakage_current,9.07,9.291,10.218,10.938,50.0,Healthy
C08716,L016,Type_A,leakage_current,10.705,10.619,10.684,11.575,50.0,Healthy
C08717,L017,Type_A,leakage_current,10.112,10.521,11.378,11.709,50.0,Healthy
C08718,L018,Type_B,leakage_current,11.561,11.559,12.053,12.383,50.0,Healthy
C08719,L019,Type_A,leakage_current,9.73,12.041,27.177,42.668,50.0,Latent_Defect
C08720,L020,Type_C,leakage_current,9.204,9.541,10.347,11.01,50.0,Healthy
C08721,L021,Type_A,leakage_current,10.198,10.386,10.786,11.401,50.0,Healthy
C08722,L022,Type_A,leakage_current,9.826,9.75,9.712,9.87,50.0,Healthy
C08723,L023,Type_C,leakage_current,8.838,8.79,9.321,10.282,50.0,Healthy
C08724,L024,Type_A,leakage_current,9.419,9.889,10.882,11.853,50.0,Healthy
C08725,L025,Type_A,leakage_current,9.382,9.464,10.258,10.795,50.0,Healthy
C08726,L026,Type_A,leakage_current,9.617,9.883,10.328,11.025,50.0,Healthy
C08727,L027,Type_B,leakage_current,9.99,12.217,30.869,44.889,50.0,Latent_Defect
C08728,L028,Type_C,leakage_current,9.947,10.251,11.281,12.527,50.0,Healthy
C08729,L029,Type_A,leakage_current,10.088,10.172,10.453,10.898,50.0,Healthy
C08730,L030,Type_A,leakage_current,9.959,10.276,11.033,11.488,50.0,Healthy
C08731,L031,Type_B,leakage_current,11.121,11.273,11.898,12.608,50.0,Healthy
C08732,L032,Type_A,leakage_current,9.77,10.013,10.456,10.616,50.0,Healthy
C08733,L033,Type_A,leakage_current,10.178,12.591,29.601,46.638,50.0,Latent_Defect
C08734,L034,Type_C,leakage_current,9.131,9.252,9.692,9.662,50.0,Healthy
C08735,L035,Type_B,leakage_current,11.547,12.906,29.806,44.234,50.0,Latent_Defect
C08736,L036,Type_A,leakage_current,9.343,9.292,9.677,10.057,50.0,Healthy
C08737,L037,Type_C,leakage_current,9.136,10.962,24.957,38.06,50.0,Latent_Defect
C08738,L038,Type_B,leakage_current,9.695,12.715,37.871,63.259,50.0,Rapid_Drift
C08739,L039,Type_B,leakage_current,11.502,11.685,12.115,12.865,50.0,Healthy
C08740,L040,Type_B,leakage_current,9.946,10.102,11.03,12.007,50.0,Healthy
C08741,L041,Type_A,leakage_current,9.18,9.186,9.88,10.365,50.0,Healthy
C08742,L042,Type_A,leakage_current,11.168,11.31,11.439,11.905,50.0,Healthy
C08743,L043,Type_A,leakage_current,9.368,9.518,9.771,10.234,50.0,Healthy
C08744,L044,Type_A,leakage_current,11.008,11.324,11.845,12.391,50.0,Healthy
C08745,L045,Type_C,leakage_current,8.298,8.327,8.444,8.591,50.0,Healthy
C08746,L046,Type_A,leakage_current,9.164,9.385,9.953,10.442,50.0,Healthy
C08747,L047,Type_B,leakage_current,11.771,11.958,12.244,12.599,50.0,Healthy
C08748,L048,Type_C,leakage_current,10.23,10.211,10.34,10.553,50.0,Healthy
C08749,L049,Type_A,leakage_current,10.08,10.154,10.417,11.546,50.0,Healthy
C08750,L050,Type_A,leakage_current,8.86,9.077,9.725,10.449,50.0,Healthy
C08751,L051,Type_A,leakage_current,10.321,10.41,10.758,11.042,50.0,Healthy
C08752,L052,Type_A,leakage_current,10.565,10.648,11.124,11.738,50.0,Healthy
C08753,L053,Type_A,leakage_current,9.01,9.395,10.13,10.696,50.0,Healthy
C08754,L054,Type_B,leakage_current,10.94,10.915,11.561,12.019,50.0,Healthy
C08755,L055,Type_A,leakage_current,9.559,9.649,10.052,10.605,50.0,Healthy
C08756,L056,Type_A,leakage_current,9.325,10.822,25.767,39.786,50.0,Latent_Defect
C08757,L057,Type_B,leakage_current,10.201,10.532,11.446,12.318,50.0,Healthy
C08758,L058,Type_A,leakage_current,9.522,9.566,10.106,10.603,50.0,Healthy
C08759,L059,Type_A,leakage_current,10.164,10.26,10.275,10.644,50.0,Healthy
C08760,L060,Type_A,leakage_current,9.212,9.374,9.978,10.371,50.0,Healthy
C08761,L061,Type_A,leakage_current,10.113,10.351,10.891,11.649,50.0,Healthy
C08762,L062,Type_B,leakage_current,10.7,10.843,11.248,11.528,50.0,Healthy
C08763,L063,Type_B,leakage_current,11.128,12.717,29.275,42.602,50.0,Latent_Defect
C08764,L064,Type_A,leakage_current,8.208,8.321,8.691,9.183,50.0,Healthy
C08765,L065,Type_B,leakage_current,10.689,10.655,11.038,11.513,50.0,Healthy
C08766,L066,Type_C,leakage_current,9.989,10.138,10.794,10.953,50.0,Healthy
C08767,L067,Type_A,leakage_current,8.925,8.91,9.11,9.151,50.0,Healthy
C08768,L068,Type_B,leakage_current,11.185,16.622,32.598,48.709,50.0,Obvious_Failure
C08769,L069,Type_B,leakage_current,11.295,11.52,12.116,12.513,50.0,Healthy
C08770,L070,Type_B,leakage_current,10.591,10.641,10.956,11.376,50.0,Healthy
C08771,L071,Type_A,leakage_current,8.883,9.115,9.454,9.636,50.0,Healthy
C08772,L072,Type_A,leakage_current,9.162,8.985,9.432,10.005,50.0,Healthy
C08773,L073,Type_A,leakage_current,10.008,10.184,10.795,11.455,50.0,Healthy
C08774,L074,Type_B,leakage_current,11.287,17.114,35.063,51.776,50.0,Obvious_Failure
C08775,L075,Type_B,leakage_current,10.53,10.806,11.267,12.042,50.0,Healthy
C08776,L076,Type_C,leakage_current,9.398,11.267,31.523,45.665,50.0,Latent_Defect
C08777,L077,Type_B,leakage_current,11.216,11.47,12.27,13.059,50.0,Healthy
C08778,L078,Type_B,leakage_current,11.326,14.501,31.063,48.547,50.0,Rapid_Drift
C08779,L079,Type_A,leakage_current,9.72,10.094,10.637,11.511,50.0,Healthy
C08780,L080,Type_A,leakage_current,10.296,10.506,11.25,11.686,50.0,Healthy
C08781,L081,Type_A,leakage_current,11.011,11.252,11.841,12.449,50.0,Healthy
C08782,L082,Type_A,leakage_current,9.448,11.937,33.69,54.879,50.0,Rapid_Drift
C08783,L083,Type_B,leakage_current,11.984,12.198,12.878,13.335,50.0,Healthy
C08784,L084,Type_B,leakage_current,11.442,11.47,12.082,12.281,50.0,Healthy
C08785,L085,Type_A,leakage_current,10.867,11.175,11.574,12.572,50.0,Healthy
C08786,L086,Type_A,leakage_current,9.372,9.42,9.714,10.253,50.0,Healthy
C08787,L087,Type_A,leakage_current,10.506,10.684,11.221,12.064,50.0,Healthy
C08788,L088,Type_B,leakage_current,11.935,12.025,12.861,13.513,50.0,Healthy
C08789,L089,Type_C,leakage_current,9.766,10.132,10.695,11.669,50.0,Healthy
C08790,L090,Type_A,leakage_current,9.439,9.788,10.236,10.818,50.0,Healthy
C08791,L091,Type_A,leakage_current,9.048,9.19,9.946,10.877,50.0,Healthy
C08792,L092,Type_A,leakage_current,10.461,12.425,29.6,46.352,50.0,Latent_Defect
C08793,L093,Type_A,leakage_current,8.258,8.708,9.382,9.923,50.0,Healthy
C08794,L094,Type_C,leakage_current,8.345,8.609,9.564,10.347,50.0,Healthy
C08795,L095,Type_C,leakage_current,10.058,10.167,10.589,10.914,50.0,Healthy
C08796,L096,Type_A,leakage_current,9.652,9.722,9.947,10.11,50.0,Healthy
C08797,L097,Type_A,leakage_current,10.125,10.483,11.118,11.542,50.0,Healthy
C08798,L098,Type_C,leakage_current,9.181,9.638,10.292,10.746,50.0,Healthy
C08799,L099,Type_A,leakage_current,10.657,10.967,12.034,12.541,50.0,Healthy
C08800,L100,Type_A,leakage_current,10.071,10.328,11.544,12.207,50.0,Healthy
C08801,L001,Type_B,leakage_current,10.432,10.505,11.104,11.482,50.0,Healthy
C08802,L002,Type_A,leakage_current,10.474,10.75,11.628,12.59,50.0,Healthy
C08803,L003,Type_B,leakage_current,10.835,11.005,11.774,12.264,50.0,Healthy
C08804,L004,Type_A,leakage_current,9.162,9.232,9.329,9.873,50.0,Healthy
C08805,L005,Type_C,leakage_current,9.81,10.064,10.584,10.901,50.0,Healthy
C08806,L006,Type_A,leakage_current,10.613,13.933,38.825,63.395,50.0,Rapid_Drift
C08807,L007,Type_A,leakage_current,9.221,9.453,9.94,10.541,50.0,Healthy
C08808,L008,Type_B,leakage_current,10.778,10.722,11.498,12.264,50.0,Healthy
C08809,L009,Type_B,leakage_current,10.715,10.801,11.126,11.648,50.0,Healthy
C08810,L010,Type_A,leakage_current,9.601,9.466,9.746,9.853,50.0,Healthy
C08811,L011,Type_A,leakage_current,10.166,10.385,10.867,11.754,50.0,Healthy
C08812,L012,Type_A,leakage_current,9.891,9.921,10.748,11.098,50.0,Healthy
C08813,L013,Type_A,leakage_current,10.118,10.375,11.169,12.0,50.0,Healthy
C08814,L014,Type_A,leakage_current,10.007,11.64,28.001,42.914,50.0,Latent_Defect
C08815,L015,Type_A,leakage_current,8.734,8.877,9.599,10.213,50.0,Healthy
C08816,L016,Type_A,leakage_current,11.388,11.516,11.841,12.611,50.0,Healthy
C08817,L017,Type_B,leakage_current,9.784,10.099,10.785,11.546,50.0,Healthy
C08818,L018,Type_A,leakage_current,9.504,9.65,10.137,10.867,50.0,Healthy
C08819,L019,Type_A,leakage_current,10.802,11.169,11.993,12.409,50.0,Healthy
C08820,L020,Type_A,leakage_current,9.542,9.83,10.604,11.585,50.0,Healthy
C08821,L021,Type_A,leakage_current,10.685,10.95,11.453,12.085,50.0,Healthy
C08822,L022,Type_A,leakage_current,10.164,10.517,11.279,11.948,50.0,Healthy
C08823,L023,Type_A,leakage_current,9.057,9.074,9.595,9.581,50.0,Healthy
C08824,L024,Type_C,leakage_current,9.015,10.8,25.967,41.433,50.0,Latent_Defect
C08825,L025,Type_A,leakage_current,9.925,10.303,10.937,11.696,50.0,Healthy
C08826,L026,Type_A,leakage_current,9.724,9.895,10.391,10.96,50.0,Healthy
C08827,L027,Type_A,leakage_current,10.428,10.85,11.531,12.058,50.0,Healthy
C08828,L028,Type_A,leakage_current,9.095,9.069,9.433,9.593,50.0,Healthy
C08829,L029,Type_A,leakage_current,9.743,9.969,10.759,11.575,50.0,Healthy
C08830,L030,Type_C,leakage_current,9.555,9.836,11.167,12.174,50.0,Healthy
C08831,L031,Type_A,leakage_current,9.86,9.977,10.723,11.065,50.0,Healthy
C08832,L032,Type_A,leakage_current,10.843,10.979,11.342,11.93,50.0,Healthy
C08833,L033,Type_B,leakage_current,11.532,11.817,11.976,12.296,50.0,Healthy
C08834,L034,Type_B,leakage_current,11.525,11.643,12.183,13.007,50.0,Healthy
C08835,L035,Type_A,leakage_current,11.187,11.391,11.508,11.884,50.0,Healthy
C08836,L036,Type_A,leakage_current,9.591,9.552,9.964,10.137,50.0,Healthy
C08837,L037,Type_A,leakage_current,9.711,9.99,10.806,11.436,50.0,Healthy
C08838,L038,Type_A,leakage_current,10.631,10.872,11.407,11.743,50.0,Healthy
C08839,L039,Type_A,leakage_current,9.161,11.487,29.718,40.433,50.0,Latent_Defect
C08840,L040,Type_A,leakage_current,10.039,10.492,11.054,11.527,50.0,Healthy
C08841,L041,Type_A,leakage_current,9.607,9.761,10.77,11.849,50.0,Healthy
C08842,L042,Type_C,leakage_current,9.142,9.178,9.367,9.501,50.0,Healthy
C08843,L043,Type_C,leakage_current,9.272,9.474,9.975,10.553,50.0,Healthy
C08844,L044,Type_B,leakage_current,10.377,10.501,11.189,12.072,50.0,Healthy
C08845,L045,Type_A,leakage_current,9.141,9.351,9.87,10.722,50.0,Healthy
C08846,L046,Type_A,leakage_current,9.863,10.189,11.093,11.491,50.0,Healthy
C08847,L047,Type_A,leakage_current,9.041,9.128,9.592,10.073,50.0,Healthy
C08848,L048,Type_B,leakage_current,11.424,11.602,12.537,13.069,50.0,Healthy
C08849,L049,Type_A,leakage_current,9.542,9.637,10.438,11.037,50.0,Healthy
C08850,L050,Type_B,leakage_current,11.76,12.086,12.509,13.348,50.0,Healthy
C08851,L051,Type_A,leakage_current,9.244,9.563,10.258,11.185,50.0,Healthy
C08852,L052,Type_A,leakage_current,9.008,9.189,9.64,9.838,50.0,Healthy
C08853,L053,Type_A,leakage_current,10.102,10.26,11.009,11.795,50.0,Healthy
C08854,L054,Type_A,leakage_current,10.764,19.171,45.033,70.859,50.0,Obvious_Failure
C08855,L055,Type_A,leakage_current,10.239,10.341,10.861,11.089,50.0,Healthy
C08856,L056,Type_B,leakage_current,10.005,18.857,44.607,71.041,50.0,Obvious_Failure
C08857,L057,Type_B,leakage_current,10.472,10.96,11.255,11.976,50.0,Healthy
C08858,L058,Type_A,leakage_current,10.315,10.389,10.965,11.123,50.0,Healthy
C08859,L059,Type_B,leakage_current,10.345,10.438,10.596,11.406,50.0,Healthy
C08860,L060,Type_A,leakage_current,10.445,10.382,11.279,12.029,50.0,Healthy
C08861,L061,Type_A,leakage_current,9.954,10.097,10.783,11.292,50.0,Healthy
C08862,L062,Type_C,leakage_current,10.018,10.2,11.027,11.642,50.0,Healthy
C08863,L063,Type_C,leakage_current,9.983,10.298,10.9,11.347,50.0,Healthy
C08864,L064,Type_A,leakage_current,8.927,9.021,9.291,9.64,50.0,Healthy
C08865,L065,Type_A,leakage_current,10.631,10.833,11.259,11.637,50.0,Healthy
C08866,L066,Type_B,leakage_current,9.945,10.241,11.044,11.832,50.0,Healthy
C08867,L067,Type_A,leakage_current,10.836,13.705,37.552,61.62,50.0,Rapid_Drift
C08868,L068,Type_A,leakage_current,10.335,10.582,11.357,11.933,50.0,Healthy
C08869,L069,Type_B,leakage_current,11.48,11.833,12.65,13.31,50.0,Healthy
C08870,L070,Type_C,leakage_current,8.698,8.584,9.107,9.225,50.0,Healthy
C08871,L071,Type_C,leakage_current,8.714,9.026,9.576,10.267,50.0,Healthy
C08872,L072,Type_A,leakage_current,9.691,9.93,10.578,11.461,50.0,Healthy
C08873,L073,Type_A,leakage_current,10.489,10.949,11.423,12.233,50.0,Healthy
C08874,L074,Type_A,leakage_current,8.468,8.817,9.254,9.836,50.0,Healthy
C08875,L075,Type_C,leakage_current,9.402,9.543,9.714,9.659,50.0,Healthy
C08876,L076,Type_B,leakage_current,10.185,10.138,10.843,11.282,50.0,Healthy
C08877,L077,Type_C,leakage_current,9.236,9.383,9.588,9.853,50.0,Healthy
C08878,L078,Type_B,leakage_current,11.196,11.445,11.961,12.797,50.0,Healthy
C08879,L079,Type_A,leakage_current,10.198,10.376,10.802,10.757,50.0,Healthy
C08880,L080,Type_A,leakage_current,9.484,9.606,10.003,10.552,50.0,Healthy
C08881,L081,Type_A,leakage_current,9.629,9.705,9.941,10.146,50.0,Healthy
C08882,L082,Type_A,leakage_current,9.936,11.276,31.581,41.35,50.0,Latent_Defect
C08883,L083,Type_A,leakage_current,9.718,12.112,32.314,52.392,50.0,Rapid_Drift
C08884,L084,Type_A,leakage_current,10.069,10.321,10.438,10.723,50.0,Healthy
C08885,L085,Type_A,leakage_current,10.405,12.884,27.962,41.101,50.0,Latent_Defect
C08886,L086,Type_B,leakage_current,11.189,11.255,11.654,11.953,50.0,Healthy
C08887,L087,Type_C,leakage_current,9.309,9.698,10.323,10.925,50.0,Healthy
C08888,L088,Type_B,leakage_current,9.192,9.484,10.2,10.97,50.0,Healthy
C08889,L089,Type_C,leakage_current,9.631,9.813,9.959,10.513,50.0,Healthy
C08890,L090,Type_B,leakage_current,10.754,11.198,11.712,12.102,50.0,Healthy
C08891,L091,Type_B,leakage_current,9.309,9.446,10.282,10.947,50.0,Healthy
C08892,L092,Type_B,leakage_current,10.479,12.643,31.705,42.565,50.0,Latent_Defect
C08893,L093,Type_A,leakage_current,9.648,9.595,10.048,10.454,50.0,Healthy
C08894,L094,Type_B,leakage_current,11.012,11.33,12.007,12.772,50.0,Healthy
C08895,L095,Type_A,leakage_current,9.556,9.881,10.57,11.222,50.0,Healthy
C08896,L096,Type_A,leakage_current,10.502,10.76,11.247,12.03,50.0,Healthy
C08897,L097,Type_B,leakage_current,11.328,11.656,12.266,12.973,50.0,Healthy
C08898,L098,Type_C,leakage_current,8.733,9.052,10.245,11.165,50.0,Healthy
C08899,L099,Type_A,leakage_current,9.909,17.191,38.647,60.113,50.0,Obvious_Failure
C08900,L100,Type_A,leakage_current,9.546,9.834,10.819,11.694,50.0,Healthy
C08901,L001,Type_A,leakage_current,10.367,10.567,11.104,11.354,50.0,Healthy
C08902,L002,Type_A,leakage_current,9.929,13.372,30.135,46.672,50.0,Rapid_Drift
C08903,L003,Type_A,leakage_current,11.328,11.309,12.065,13.104,50.0,Healthy
C08904,L004,Type_A,leakage_current,10.986,11.329,12.012,13.073,50.0,Healthy
C08905,L005,Type_A,leakage_current,10.077,10.246,11.216,11.753,50.0,Healthy
C08906,L006,Type_C,leakage_current,8.361,15.798,38.998,60.95,50.0,Obvious_Failure
C08907,L007,Type_B,leakage_current,11.027,12.873,29.697,47.116,50.0,Latent_Defect
C08908,L008,Type_A,leakage_current,10.698,12.072,25.429,38.729,50.0,Latent_Defect
C08909,L009,Type_C,leakage_current,8.673,8.595,9.306,9.886,50.0,Healthy
C08910,L010,Type_A,leakage_current,10.068,10.164,11.034,11.804,50.0,Healthy
C08911,L011,Type_B,leakage_current,11.318,11.598,12.144,13.019,50.0,Healthy
C08912,L012,Type_A,leakage_current,10.112,10.471,11.26,11.59,50.0,Healthy
C08913,L013,Type_B,leakage_current,10.434,10.622,11.579,12.23,50.0,Healthy
C08914,L014,Type_B,leakage_current,11.313,11.647,12.147,12.63,50.0,Healthy
C08915,L015,Type_A,leakage_current,10.007,10.399,11.237,11.854,50.0,Healthy
C08916,L016,Type_A,leakage_current,10.384,15.958,31.977,48.219,50.0,Obvious_Failure
C08917,L017,Type_A,leakage_current,10.55,10.916,11.588,12.614,50.0,Healthy
C08918,L018,Type_C,leakage_current,9.218,9.476,9.991,10.301,50.0,Healthy
C08919,L019,Type_C,leakage_current,8.402,10.65,27.512,44.428,50.0,Latent_Defect
C08920,L020,Type_A,leakage_current,9.948,12.96,33.803,54.773,50.0,Rapid_Drift
C08921,L021,Type_A,leakage_current,10.74,10.831,11.161,11.742,50.0,Healthy
C08922,L022,Type_A,leakage_current,9.979,10.062,10.567,11.164,50.0,Healthy
C08923,L023,Type_A,leakage_current,9.908,10.119,10.33,10.624,50.0,Healthy
C08924,L024,Type_A,leakage_current,9.135,9.267,9.772,10.228,50.0,Healthy
C08925,L025,Type_C,leakage_current,10.13,10.324,10.8,11.032,50.0,Healthy
C08926,L026,Type_B,leakage_current,11.398,11.502,11.866,12.765,50.0,Healthy
C08927,L027,Type_C,leakage_current,8.485,10.688,30.84,46.052,50.0,Latent_Defect
C08928,L028,Type_A,leakage_current,10.032,10.192,10.534,10.78,50.0,Healthy
C08929,L029,Type_A,leakage_current,10.095,10.373,11.093,11.916,50.0,Healthy
C08930,L030,Type_A,leakage_current,9.856,10.087,10.895,11.697,50.0,Healthy
C08931,L031,Type_B,leakage_current,11.042,11.139,11.864,12.519,50.0,Healthy
C08932,L032,Type_A,leakage_current,8.958,9.298,10.261,11.058,50.0,Healthy
C08933,L033,Type_A,leakage_current,8.804,10.458,23.724,37.102,50.0,Latent_Defect
C08934,L034,Type_B,leakage_current,12.21,12.445,12.621,13.149,50.0,Healthy
C08935,L035,Type_A,leakage_current,9.678,9.81,10.727,11.222,50.0,Healthy
C08936,L036,Type_C,leakage_current,9.911,10.127,10.883,11.606,50.0,Healthy
C08937,L037,Type_C,leakage_current,9.282,9.483,10.145,10.519,50.0,Healthy
C08938,L038,Type_B,leakage_current,10.877,10.951,11.407,11.461,50.0,Healthy
C08939,L039,Type_A,leakage_current,10.687,10.99,11.472,11.924,50.0,Healthy
C08940,L040,Type_A,leakage_current,10.539,10.473,11.017,11.082,50.0,Healthy
C08941,L041,Type_A,leakage_current,9.557,9.631,9.98,10.212,50.0,Healthy
C08942,L042,Type_A,leakage_current,8.82,9.014,9.737,10.587,50.0,Healthy
C08943,L043,Type_A,leakage_current,10.691,10.684,10.762,10.687,50.0,Healthy
C08944,L044,Type_B,leakage_current,11.819,12.085,12.986,13.724,50.0,Healthy
C08945,L045,Type_A,leakage_current,9.54,9.613,9.972,10.369,50.0,Healthy
C08946,L046,Type_A,leakage_current,9.289,9.402,10.16,10.096,50.0,Healthy
C08947,L047,Type_C,leakage_current,11.043,11.321,12.072,13.045,50.0,Healthy
C08948,L048,Type_A,leakage_current,10.802,11.08,11.369,11.9,50.0,Healthy
C08949,L049,Type_A,leakage_current,10.705,10.844,11.124,11.282,50.0,Healthy
C08950,L050,Type_C,leakage_current,9.91,10.143,11.009,11.514,50.0,Healthy
C08951,L051,Type_B,leakage_current,10.952,19.405,44.803,70.427,50.0,Obvious_Failure
C08952,L052,Type_B,leakage_current,12.068,18.9,39.866,60.142,50.0,Obvious_Failure
C08953,L053,Type_A,leakage_current,10.027,10.314,11.071,12.065,50.0,Healthy
C08954,L054,Type_A,leakage_current,9.973,10.233,11.507,12.545,50.0,Healthy
C08955,L055,Type_A,leakage_current,9.737,9.856,9.998,10.561,50.0,Healthy
C08956,L056,Type_A,leakage_current,9.529,9.777,10.193,10.791,50.0,Healthy
C08957,L057,Type_C,leakage_current,9.434,11.158,26.041,41.238,50.0,Latent_Defect
C08958,L058,Type_A,leakage_current,9.018,9.443,9.773,10.249,50.0,Healthy
C08959,L059,Type_B,leakage_current,10.138,10.332,11.364,12.413,50.0,Healthy
C08960,L060,Type_B,leakage_current,10.878,11.109,12.111,13.034,50.0,Healthy
C08961,L061,Type_C,leakage_current,9.88,10.284,11.0,11.732,50.0,Healthy
C08962,L062,Type_B,leakage_current,10.616,10.836,11.546,12.242,50.0,Healthy
C08963,L063,Type_C,leakage_current,8.57,8.599,9.191,9.92,50.0,Healthy
C08964,L064,Type_C,leakage_current,9.588,12.264,40.939,69.229,50.0,Rapid_Drift
C08965,L065,Type_A,leakage_current,9.481,9.651,9.949,10.173,50.0,Healthy
C08966,L066,Type_A,leakage_current,9.534,11.141,25.507,38.217,50.0,Latent_Defect
C08967,L067,Type_A,leakage_current,9.847,10.009,10.671,11.141,50.0,Healthy
C08968,L068,Type_A,leakage_current,9.904,11.708,27.95,43.293,50.0,Latent_Defect
C08969,L069,Type_B,leakage_current,11.872,21.268,48.744,77.088,50.0,Obvious_Failure
C08970,L070,Type_A,leakage_current,9.478,9.714,10.552,11.612,50.0,Healthy
C08971,L071,Type_A,leakage_current,9.866,9.929,10.597,11.404,50.0,Healthy
C08972,L072,Type_A,leakage_current,9.391,9.552,10.414,11.328,50.0,Healthy
C08973,L073,Type_A,leakage_current,9.704,10.122,11.34,12.009,50.0,Healthy
C08974,L074,Type_B,leakage_current,11.311,11.276,11.512,11.547,50.0,Healthy
C08975,L075,Type_B,leakage_current,11.888,12.065,12.916,13.564,50.0,Healthy
C08976,L076,Type_B,leakage_current,11.082,11.228,11.706,12.203,50.0,Healthy
C08977,L077,Type_A,leakage_current,9.935,10.164,11.037,11.709,50.0,Healthy
C08978,L078,Type_A,leakage_current,9.715,10.112,10.893,11.504,50.0,Healthy
C08979,L079,Type_C,leakage_current,9.15,9.298,10.169,11.042,50.0,Healthy
C08980,L080,Type_A,leakage_current,10.023,10.378,10.731,11.689,50.0,Healthy
C08981,L081,Type_A,leakage_current,9.445,9.552,10.373,11.495,50.0,Healthy
C08982,L082,Type_A,leakage_current,9.837,9.96,10.309,10.635,50.0,Healthy
C08983,L083,Type_A,leakage_current,10.159,10.159,10.417,10.804,50.0,Healthy
C08984,L084,Type_B,leakage_current,10.021,10.267,10.529,10.757,50.0,Healthy
C08985,L085,Type_A,leakage_current,9.788,9.971,10.625,11.325,50.0,Healthy
C08986,L086,Type_A,leakage_current,10.348,10.487,10.905,11.411,50.0,Healthy
C08987,L087,Type_B,leakage_current,11.454,11.704,12.48,13.22,50.0,Healthy
C08988,L088,Type_A,leakage_current,8.326,14.791,33.506,52.063,50.0,Obvious_Failure
C08989,L089,Type_C,leakage_current,8.741,8.569,8.908,9.3,50.0,Healthy
C08990,L090,Type_A,leakage_current,8.98,9.03,9.756,10.215,50.0,Healthy
C08991,L091,Type_B,leakage_current,11.477,11.635,12.604,13.305,50.0,Healthy
C08992,L092,Type_B,leakage_current,9.12,9.469,10.209,10.934,50.0,Healthy
C08993,L093,Type_B,leakage_current,10.544,10.72,10.783,11.064,50.0,Healthy
C08994,L094,Type_A,leakage_current,9.709,9.796,10.271,10.948,50.0,Healthy
C08995,L095,Type_B,leakage_current,10.944,11.242,11.951,12.795,50.0,Healthy
C08996,L096,Type_B,leakage_current,10.681,10.901,11.5,11.93,50.0,Healthy
C08997,L097,Type_A,leakage_current,10.049,12.155,26.881,41.108,50.0,Latent_Defect
C08998,L098,Type_A,leakage_current,10.278,10.358,10.984,11.476,50.0,Healthy
C08999,L099,Type_A,leakage_current,10.027,10.123,11.265,12.09,50.0,Healthy
C09000,L100,Type_B,leakage_current,11.427,11.707,12.244,12.978,50.0,Healthy
C09001,L001,Type_A,leakage_current,10.366,10.507,10.986,11.221,50.0,Healthy
C09002,L002,Type_A,leakage_current,9.69,11.54,30.372,43.399,50.0,Latent_Defect
C09003,L003,Type_A,leakage_current,9.21,9.315,9.612,10.039,50.0,Healthy
C09004,L004,Type_C,leakage_current,8.794,10.432,22.986,35.127,50.0,Latent_Defect
C09005,L005,Type_A,leakage_current,9.091,11.315,30.49,39.086,50.0,Latent_Defect
C09006,L006,Type_B,leakage_current,11.044,12.404,24.877,37.013,50.0,Latent_Defect
C09007,L007,Type_A,leakage_current,10.18,10.463,11.209,11.99,50.0,Healthy
C09008,L008,Type_A,leakage_current,9.402,9.527,10.036,10.33,50.0,Healthy
C09009,L009,Type_A,leakage_current,9.806,10.086,10.688,11.292,50.0,Healthy
C09010,L010,Type_B,leakage_current,9.436,9.554,10.454,11.118,50.0,Healthy
C09011,L011,Type_C,leakage_current,8.539,8.569,8.626,9.213,50.0,Healthy
C09012,L012,Type_A,leakage_current,9.863,10.113,10.843,11.386,50.0,Healthy
C09013,L013,Type_A,leakage_current,10.401,10.721,11.461,12.234,50.0,Healthy
C09014,L014,Type_C,leakage_current,9.437,9.598,10.129,10.811,50.0,Healthy
C09015,L015,Type_B,leakage_current,11.443,11.672,12.446,13.03,50.0,Healthy
C09016,L016,Type_B,leakage_current,11.322,11.678,12.564,13.272,50.0,Healthy
C09017,L017,Type_B,leakage_current,11.307,14.36,38.623,63.209,50.0,Rapid_Drift
C09018,L018,Type_A,leakage_current,8.997,17.732,43.013,67.963,50.0,Obvious_Failure
C09019,L019,Type_A,leakage_current,9.179,9.445,9.966,10.229,50.0,Healthy
C09020,L020,Type_A,leakage_current,10.636,10.677,10.951,11.406,50.0,Healthy
C09021,L021,Type_A,leakage_current,10.378,10.714,11.7,12.473,50.0,Healthy
C09022,L022,Type_B,leakage_current,11.004,11.027,11.36,11.829,50.0,Healthy
C09023,L023,Type_B,leakage_current,10.814,11.061,11.86,12.392,50.0,Healthy
C09024,L024,Type_A,leakage_current,10.311,10.294,10.721,11.146,50.0,Healthy
C09025,L025,Type_A,leakage_current,10.222,10.446,11.146,12.17,50.0,Healthy
C09026,L026,Type_A,leakage_current,10.549,10.788,11.883,12.797,50.0,Healthy
C09027,L027,Type_B,leakage_current,9.701,9.785,10.461,11.174,50.0,Healthy
C09028,L028,Type_A,leakage_current,9.191,9.454,9.967,10.575,50.0,Healthy
C09029,L029,Type_A,leakage_current,10.8,11.106,11.794,12.252,50.0,Healthy
C09030,L030,Type_A,leakage_current,9.851,10.227,11.114,11.613,50.0,Healthy
C09031,L031,Type_C,leakage_current,8.332,8.474,9.446,10.035,50.0,Healthy
C09032,L032,Type_C,leakage_current,9.826,9.887,10.492,10.808,50.0,Healthy
C09033,L033,Type_A,leakage_current,10.353,10.352,11.042,11.435,50.0,Healthy
C09034,L034,Type_A,leakage_current,9.724,10.135,11.057,12.166,50.0,Healthy
C09035,L035,Type_A,leakage_current,10.912,13.137,28.509,41.902,50.0,Latent_Defect
C09036,L036,Type_C,leakage_current,9.997,11.395,31.894,46.421,50.0,Latent_Defect
C09037,L037,Type_B,leakage_current,11.532,11.742,12.45,12.783,50.0,Healthy
C09038,L038,Type_A,leakage_current,10.832,11.12,11.693,12.29,50.0,Healthy
C09039,L039,Type_B,leakage_current,9.79,9.838,10.46,10.999,50.0,Healthy
C09040,L040,Type_A,leakage_current,9.487,12.817,31.631,50.608,50.0,Rapid_Drift
C09041,L041,Type_A,leakage_current,9.379,18.727,47.218,76.016,50.0,Obvious_Failure
C09042,L042,Type_B,leakage_current,9.986,12.149,29.217,40.502,50.0,Latent_Defect
C09043,L043,Type_B,leakage_current,11.762,11.868,11.758,11.757,50.0,Healthy
C09044,L044,Type_B,leakage_current,10.476,10.74,11.475,12.175,50.0,Healthy
C09045,L045,Type_A,leakage_current,10.428,13.076,30.134,47.4,50.0,Rapid_Drift
C09046,L046,Type_A,leakage_current,9.508,13.197,30.802,47.711,50.0,Rapid_Drift
C09047,L047,Type_A,leakage_current,9.971,11.946,31.665,41.909,50.0,Latent_Defect
C09048,L048,Type_A,leakage_current,10.321,16.653,35.26,54.024,50.0,Obvious_Failure
C09049,L049,Type_A,leakage_current,10.043,11.78,27.161,42.593,50.0,Latent_Defect
C09050,L050,Type_A,leakage_current,10.731,12.677,29.398,44.526,50.0,Latent_Defect
C09051,L051,Type_A,leakage_current,9.776,9.921,10.656,11.201,50.0,Healthy
C09052,L052,Type_A,leakage_current,10.551,12.496,32.64,42.85,50.0,Latent_Defect
C09053,L053,Type_A,leakage_current,9.473,11.835,29.098,46.677,50.0,Latent_Defect
C09054,L054,Type_C,leakage_current,9.802,9.984,10.627,10.881,50.0,Healthy
C09055,L055,Type_C,leakage_current,10.136,10.515,11.534,12.147,50.0,Healthy
C09056,L056,Type_A,leakage_current,11.048,11.32,11.839,12.422,50.0,Healthy
C09057,L057,Type_B,leakage_current,11.343,11.637,12.292,12.805,50.0,Healthy
C09058,L058,Type_A,leakage_current,10.359,10.317,10.733,11.46,50.0,Healthy
C09059,L059,Type_A,leakage_current,10.707,10.804,11.471,12.507,50.0,Healthy
C09060,L060,Type_C,leakage_current,9.262,9.283,9.782,10.418,50.0,Healthy
C09061,L061,Type_A,leakage_current,10.445,12.949,31.511,47.601,50.0,Latent_Defect
C09062,L062,Type_C,leakage_current,9.4,9.712,10.617,11.503,50.0,Healthy
C09063,L063,Type_A,leakage_current,10.34,10.599,11.196,11.722,50.0,Healthy
C09064,L064,Type_A,leakage_current,10.597,14.575,33.064,51.698,50.0,Rapid_Drift
C09065,L065,Type_A,leakage_current,9.265,9.605,10.176,10.815,50.0,Healthy
C09066,L066,Type_B,leakage_current,10.956,11.041,11.319,11.923,50.0,Healthy
C09067,L067,Type_A,leakage_current,9.4,9.657,10.575,11.284,50.0,Healthy
C09068,L068,Type_B,leakage_current,9.326,9.514,10.08,10.602,50.0,Healthy
C09069,L069,Type_C,leakage_current,10.116,10.202,10.627,10.763,50.0,Healthy
C09070,L070,Type_B,leakage_current,10.86,11.061,11.848,12.285,50.0,Healthy
C09071,L071,Type_A,leakage_current,10.515,10.837,11.603,12.106,50.0,Healthy
C09072,L072,Type_B,leakage_current,11.537,11.594,11.994,12.445,50.0,Healthy
C09073,L073,Type_B,leakage_current,10.835,11.026,11.524,11.755,50.0,Healthy
C09074,L074,Type_B,leakage_current,10.799,11.134,11.896,12.579,50.0,Healthy
C09075,L075,Type_A,leakage_current,9.452,9.555,9.887,10.312,50.0,Healthy
C09076,L076,Type_B,leakage_current,10.241,11.914,29.081,44.73,50.0,Latent_Defect
C09077,L077,Type_B,leakage_current,9.987,10.219,10.422,10.584,50.0,Healthy
C09078,L078,Type_A,leakage_current,9.853,10.081,10.704,11.145,50.0,Healthy
C09079,L079,Type_B,leakage_current,10.953,11.073,11.332,11.832,50.0,Healthy
C09080,L080,Type_B,leakage_current,11.178,11.313,11.595,12.584,50.0,Healthy
C09081,L081,Type_A,leakage_current,10.76,10.965,11.827,12.414,50.0,Healthy
C09082,L082,Type_B,leakage_current,10.206,10.349,10.413,10.456,50.0,Healthy
C09083,L083,Type_B,leakage_current,11.258,11.531,12.054,12.678,50.0,Healthy
C09084,L084,Type_B,leakage_current,10.865,10.948,11.545,12.221,50.0,Healthy
C09085,L085,Type_A,leakage_current,10.922,10.931,11.518,12.398,50.0,Healthy
C09086,L086,Type_A,leakage_current,10.604,11.958,31.537,47.874,50.0,Latent_Defect
C09087,L087,Type_B,leakage_current,10.675,10.891,11.305,11.691,50.0,Healthy
C09088,L088,Type_A,leakage_current,9.402,9.563,10.165,10.933,50.0,Healthy
C09089,L089,Type_C,leakage_current,10.345,10.578,11.182,11.914,50.0,Healthy
C09090,L090,Type_A,leakage_current,10.086,10.479,10.67,11.206,50.0,Healthy
C09091,L091,Type_C,leakage_current,8.249,8.386,9.214,10.167,50.0,Healthy
C09092,L092,Type_A,leakage_current,10.713,10.739,11.042,11.635,50.0,Healthy
C09093,L093,Type_B,leakage_current,11.108,11.34,11.6,12.212,50.0,Healthy
C09094,L094,Type_A,leakage_current,10.438,10.619,11.054,11.415,50.0,Healthy
C09095,L095,Type_A,leakage_current,9.99,10.486,10.911,11.404,50.0,Healthy
C09096,L096,Type_B,leakage_current,11.306,11.424,12.308,13.177,50.0,Healthy
C09097,L097,Type_A,leakage_current,9.464,11.467,25.218,39.507,50.0,Latent_Defect
C09098,L098,Type_A,leakage_current,8.792,8.933,9.6,10.014,50.0,Healthy
C09099,L099,Type_A,leakage_current,10.246,19.269,47.24,75.108,50.0,Obvious_Failure
C09100,L100,Type_A,leakage_current,10.474,13.308,39.925,67.059,50.0,Rapid_Drift
C09101,L001,Type_A,leakage_current,10.196,18.294,41.888,65.023,50.0,Obvious_Failure
C09102,L002,Type_B,leakage_current,10.631,10.802,11.094,11.687,50.0,Healthy
C09103,L003,Type_B,leakage_current,10.075,10.123,10.844,11.299,50.0,Healthy
C09104,L004,Type_A,leakage_current,9.179,12.36,34.547,56.838,50.0,Rapid_Drift
C09105,L005,Type_A,leakage_current,10.32,12.644,38.225,63.45,50.0,Rapid_Drift
C09106,L006,Type_A,leakage_current,9.982,10.046,10.489,11.183,50.0,Healthy
C09107,L007,Type_A,leakage_current,10.35,10.492,11.18,11.311,50.0,Healthy
C09108,L008,Type_A,leakage_current,10.937,11.1,11.872,13.04,50.0,Healthy
C09109,L009,Type_A,leakage_current,11.088,11.376,11.94,12.856,50.0,Healthy
C09110,L010,Type_B,leakage_current,10.02,10.293,11.319,12.198,50.0,Healthy
C09111,L011,Type_A,leakage_current,10.654,10.462,10.585,10.786,50.0,Healthy
C09112,L012,Type_A,leakage_current,10.353,10.49,11.054,11.436,50.0,Healthy
C09113,L013,Type_B,leakage_current,11.96,12.183,13.021,13.437,50.0,Healthy
C09114,L014,Type_A,leakage_current,9.692,9.806,10.334,10.833,50.0,Healthy
C09115,L015,Type_B,leakage_current,9.908,9.98,10.208,10.502,50.0,Healthy
C09116,L016,Type_C,leakage_current,8.359,8.65,9.441,10.051,50.0,Healthy
C09117,L017,Type_A,leakage_current,10.445,10.558,11.14,11.59,50.0,Healthy
C09118,L018,Type_A,leakage_current,8.53,8.648,8.935,9.258,50.0,Healthy
C09119,L019,Type_A,leakage_current,10.168,15.205,31.074,48.223,50.0,Obvious_Failure
C09120,L020,Type_A,leakage_current,9.647,9.945,10.215,10.205,50.0,Healthy
C09121,L021,Type_B,leakage_current,10.276,11.887,28.81,40.668,50.0,Latent_Defect
C09122,L022,Type_B,leakage_current,10.337,10.818,11.631,12.342,50.0,Healthy
C09123,L023,Type_A,leakage_current,9.879,9.87,10.712,11.248,50.0,Healthy
C09124,L024,Type_A,leakage_current,9.4,9.585,10.52,11.302,50.0,Healthy
C09125,L025,Type_A,leakage_current,9.207,9.5,10.405,11.139,50.0,Healthy
C09126,L026,Type_A,leakage_current,9.333,9.335,9.652,9.78,50.0,Healthy
C09127,L027,Type_A,leakage_current,10.15,10.219,10.486,11.05,50.0,Healthy
C09128,L028,Type_A,leakage_current,10.699,10.87,11.256,11.57,50.0,Healthy
C09129,L029,Type_A,leakage_current,10.325,10.401,10.59,10.89,50.0,Healthy
C09130,L030,Type_A,leakage_current,9.815,10.224,10.872,11.666,50.0,Healthy
C09131,L031,Type_C,leakage_current,8.973,10.761,28.203,44.694,50.0,Latent_Defect
C09132,L032,Type_B,leakage_current,10.968,10.957,11.208,11.712,50.0,Healthy
C09133,L033,Type_A,leakage_current,10.648,10.74,11.521,11.904,50.0,Healthy
C09134,L034,Type_A,leakage_current,10.076,10.215,10.819,11.491,50.0,Healthy
C09135,L035,Type_A,leakage_current,10.517,10.743,11.45,11.959,50.0,Healthy
C09136,L036,Type_B,leakage_current,10.855,13.553,32.455,51.342,50.0,Rapid_Drift
C09137,L037,Type_A,leakage_current,10.42,10.702,11.389,11.89,50.0,Healthy
C09138,L038,Type_B,leakage_current,10.811,12.188,32.391,42.999,50.0,Latent_Defect
C09139,L039,Type_A,leakage_current,11.034,11.318,11.885,12.675,50.0,Healthy
C09140,L040,Type_A,leakage_current,10.29,10.7,11.607,12.476,50.0,Healthy
C09141,L041,Type_C,leakage_current,9.782,10.376,11.705,12.487,50.0,Healthy
C09142,L042,Type_A,leakage_current,9.577,9.524,9.882,10.187,50.0,Healthy
C09143,L043,Type_B,leakage_current,11.241,11.383,12.103,12.524,50.0,Healthy
C09144,L044,Type_C,leakage_current,9.734,9.862,10.0,10.593,50.0,Healthy
C09145,L045,Type_C,leakage_current,9.218,9.341,9.995,10.613,50.0,Healthy
C09146,L046,Type_A,leakage_current,9.506,9.873,10.586,10.87,50.0,Healthy
C09147,L047,Type_A,leakage_current,9.851,10.011,10.46,10.997,50.0,Healthy
C09148,L048,Type_B,leakage_current,10.588,10.951,11.774,12.754,50.0,Healthy
C09149,L049,Type_A,leakage_current,9.644,9.831,10.19,10.305,50.0,Healthy
C09150,L050,Type_A,leakage_current,10.072,10.16,10.594,10.944,50.0,Healthy
C09151,L051,Type_A,leakage_current,10.022,10.165,10.875,11.624,50.0,Healthy
C09152,L052,Type_A,leakage_current,10.25,10.392,11.003,11.482,50.0,Healthy
C09153,L053,Type_A,leakage_current,9.826,11.392,30.863,42.201,50.0,Latent_Defect
C09154,L054,Type_A,leakage_current,10.117,10.141,10.677,11.257,50.0,Healthy
C09155,L055,Type_C,leakage_current,9.843,10.237,10.908,11.384,50.0,Healthy
C09156,L056,Type_C,leakage_current,8.934,16.032,36.521,57.33,50.0,Obvious_Failure
C09157,L057,Type_B,leakage_current,10.366,10.952,11.921,12.758,50.0,Healthy
C09158,L058,Type_A,leakage_current,9.864,10.134,10.934,11.82,50.0,Healthy
C09159,L059,Type_A,leakage_current,9.345,11.532,24.618,37.93,50.0,Latent_Defect
C09160,L060,Type_B,leakage_current,10.561,10.669,11.13,11.305,50.0,Healthy
C09161,L061,Type_A,leakage_current,8.961,9.173,9.934,10.463,50.0,Healthy
C09162,L062,Type_A,leakage_current,10.605,10.938,11.459,11.588,50.0,Healthy
C09163,L063,Type_A,leakage_current,9.633,11.251,24.133,37.01,50.0,Latent_Defect
C09164,L064,Type_A,leakage_current,11.372,11.508,12.189,12.706,50.0,Healthy
C09165,L065,Type_A,leakage_current,10.599,10.767,11.609,12.783,50.0,Healthy
C09166,L066,Type_A,leakage_current,10.427,10.631,10.967,11.238,50.0,Healthy
C09167,L067,Type_A,leakage_current,9.937,10.162,10.476,11.284,50.0,Healthy
C09168,L068,Type_A,leakage_current,8.996,8.94,9.487,10.167,50.0,Healthy
C09169,L069,Type_B,leakage_current,11.634,11.421,11.395,11.36,50.0,Healthy
C09170,L070,Type_B,leakage_current,9.842,10.226,11.496,12.606,50.0,Healthy
C09171,L071,Type_A,leakage_current,10.07,10.466,11.072,11.702,50.0,Healthy
C09172,L072,Type_A,leakage_current,10.334,10.753,11.306,11.888,50.0,Healthy
C09173,L073,Type_B,leakage_current,10.004,10.057,10.513,11.315,50.0,Healthy
C09174,L074,Type_A,leakage_current,9.327,9.692,10.808,11.793,50.0,Healthy
C09175,L075,Type_B,leakage_current,10.063,10.161,10.529,10.699,50.0,Healthy
C09176,L076,Type_A,leakage_current,9.797,9.871,10.604,11.534,50.0,Healthy
C09177,L077,Type_A,leakage_current,8.806,8.932,9.451,10.075,50.0,Healthy
C09178,L078,Type_A,leakage_current,9.537,9.919,10.23,10.483,50.0,Healthy
C09179,L079,Type_A,leakage_current,10.827,10.812,11.099,11.47,50.0,Healthy
C09180,L080,Type_A,leakage_current,10.649,12.714,30.113,45.188,50.0,Latent_Defect
C09181,L081,Type_A,leakage_current,10.232,10.283,11.412,11.739,50.0,Healthy
C09182,L082,Type_A,leakage_current,9.752,9.92,10.538,11.183,50.0,Healthy
C09183,L083,Type_A,leakage_current,9.969,10.083,10.397,11.01,50.0,Healthy
C09184,L084,Type_B,leakage_current,11.594,11.754,12.329,13.195,50.0,Healthy
C09185,L085,Type_B,leakage_current,9.652,16.38,36.854,57.176,50.0,Obvious_Failure
C09186,L086,Type_C,leakage_current,9.868,12.071,28.203,42.218,50.0,Latent_Defect
C09187,L087,Type_C,leakage_current,9.742,10.11,10.672,11.435,50.0,Healthy
C09188,L088,Type_C,leakage_current,9.56,13.192,39.213,64.517,50.0,Rapid_Drift
C09189,L089,Type_A,leakage_current,9.795,11.631,28.403,41.92,50.0,Latent_Defect
C09190,L090,Type_A,leakage_current,9.466,9.466,9.404,9.501,50.0,Healthy
C09191,L091,Type_A,leakage_current,10.723,10.935,11.532,11.977,50.0,Healthy
C09192,L092,Type_A,leakage_current,10.348,10.428,10.791,11.465,50.0,Healthy
C09193,L093,Type_C,leakage_current,9.221,9.319,9.777,10.339,50.0,Healthy
C09194,L094,Type_B,leakage_current,11.311,11.473,12.063,12.45,50.0,Healthy
C09195,L095,Type_A,leakage_current,10.764,19.125,43.637,68.105,50.0,Obvious_Failure
C09196,L096,Type_B,leakage_current,10.787,10.831,11.515,12.34,50.0,Healthy
C09197,L097,Type_C,leakage_current,8.833,9.115,9.591,10.296,50.0,Healthy
C09198,L098,Type_B,leakage_current,10.906,11.183,11.232,11.509,50.0,Healthy
C09199,L099,Type_A,leakage_current,9.924,10.013,10.491,10.93,50.0,Healthy
C09200,L100,Type_A,leakage_current,10.561,10.962,11.762,12.416,50.0,Healthy
C09201,L001,Type_A,leakage_current,10.38,11.663,27.865,44.021,50.0,Latent_Defect
C09202,L002,Type_A,leakage_current,9.994,10.173,10.603,10.826,50.0,Healthy
C09203,L003,Type_A,leakage_current,10.291,10.61,11.129,11.913,50.0,Healthy
C09204,L004,Type_A,leakage_current,9.478,9.696,10.27,11.016,50.0,Healthy
C09205,L005,Type_A,leakage_current,9.465,9.585,10.236,10.848,50.0,Healthy
C09206,L006,Type_A,leakage_current,10.032,10.33,11.186,11.674,50.0,Healthy
C09207,L007,Type_A,leakage_current,9.516,9.85,10.488,10.984,50.0,Healthy
C09208,L008,Type_B,leakage_current,10.07,10.178,10.694,11.22,50.0,Healthy
C09209,L009,Type_C,leakage_current,8.91,9.218,10.046,10.772,50.0,Healthy
C09210,L010,Type_A,leakage_current,11.011,11.433,12.06,12.819,50.0,Healthy
C09211,L011,Type_A,leakage_current,10.064,12.74,39.344,65.12,50.0,Rapid_Drift
C09212,L012,Type_B,leakage_current,10.07,10.334,10.418,10.838,50.0,Healthy
C09213,L013,Type_A,leakage_current,9.895,10.282,10.792,11.177,50.0,Healthy
C09214,L014,Type_C,leakage_current,9.793,9.813,10.206,11.265,50.0,Healthy
C09215,L015,Type_B,leakage_current,11.045,13.667,39.42,65.248,50.0,Rapid_Drift
C09216,L016,Type_B,leakage_current,8.546,8.729,9.282,9.666,50.0,Healthy
C09217,L017,Type_A,leakage_current,10.261,10.552,11.239,11.946,50.0,Healthy
C09218,L018,Type_A,leakage_current,9.813,9.885,10.18,10.62,50.0,Healthy
C09219,L019,Type_A,leakage_current,10.295,10.628,11.397,12.136,50.0,Healthy
C09220,L020,Type_A,leakage_current,9.019,9.103,9.723,10.401,50.0,Healthy
C09221,L021,Type_B,leakage_current,11.012,11.259,11.639,12.01,50.0,Healthy
C09222,L022,Type_A,leakage_current,10.113,18.91,45.719,72.541,50.0,Obvious_Failure
C09223,L023,Type_B,leakage_current,10.466,10.703,11.298,11.863,50.0,Healthy
C09224,L024,Type_C,leakage_current,9.255,9.405,10.036,10.43,50.0,Healthy
C09225,L025,Type_A,leakage_current,10.348,10.493,11.072,11.465,50.0,Healthy
C09226,L026,Type_A,leakage_current,10.094,10.289,10.591,10.898,50.0,Healthy
C09227,L027,Type_A,leakage_current,9.845,9.95,10.368,11.208,50.0,Healthy
C09228,L028,Type_C,leakage_current,8.038,8.295,8.87,9.422,50.0,Healthy
C09229,L029,Type_B,leakage_current,10.366,10.445,10.875,11.343,50.0,Healthy
C09230,L030,Type_A,leakage_current,8.974,9.269,10.037,10.611,50.0,Healthy
C09231,L031,Type_B,leakage_current,10.875,16.677,34.651,52.224,50.0,Obvious_Failure
C09232,L032,Type_B,leakage_current,10.93,11.98,32.1,47.273,50.0,Latent_Defect
C09233,L033,Type_A,leakage_current,9.953,9.976,10.877,11.508,50.0,Healthy
C09234,L034,Type_C,leakage_current,9.486,9.74,10.467,11.405,50.0,Healthy
C09235,L035,Type_A,leakage_current,9.109,9.11,9.609,9.866,50.0,Healthy
C09236,L036,Type_C,leakage_current,9.739,10.022,10.868,11.602,50.0,Healthy
C09237,L037,Type_B,leakage_current,11.206,11.306,11.794,11.995,50.0,Healthy
C09238,L038,Type_A,leakage_current,9.963,10.194,10.763,11.221,50.0,Healthy
C09239,L039,Type_A,leakage_current,9.251,9.396,9.902,10.322,50.0,Healthy
C09240,L040,Type_B,leakage_current,10.778,11.079,11.331,11.764,50.0,Healthy
C09241,L041,Type_A,leakage_current,9.476,9.696,10.386,10.764,50.0,Healthy
C09242,L042,Type_B,leakage_current,11.168,11.154,11.623,12.18,50.0,Healthy
C09243,L043,Type_A,leakage_current,9.49,9.507,10.01,10.378,50.0,Healthy
C09244,L044,Type_A,leakage_current,9.482,12.458,30.952,50.006,50.0,Rapid_Drift
C09245,L045,Type_B,leakage_current,11.303,11.611,11.852,12.406,50.0,Healthy
C09246,L046,Type_C,leakage_current,9.312,9.683,10.4,11.065,50.0,Healthy
C09247,L047,Type_C,leakage_current,9.649,9.748,10.211,10.378,50.0,Healthy
C09248,L048,Type_B,leakage_current,11.682,11.783,12.595,13.066,50.0,Healthy
C09249,L049,Type_C,leakage_current,10.174,12.953,40.32,67.642,50.0,Rapid_Drift
C09250,L050,Type_A,leakage_current,9.714,9.892,10.443,10.998,50.0,Healthy
C09251,L051,Type_A,leakage_current,9.107,9.307,9.991,10.639,50.0,Healthy
C09252,L052,Type_A,leakage_current,10.78,11.017,12.121,12.761,50.0,Healthy
C09253,L053,Type_A,leakage_current,9.634,9.814,9.998,10.621,50.0,Healthy
C09254,L054,Type_C,leakage_current,9.648,9.999,10.693,11.257,50.0,Healthy
C09255,L055,Type_B,leakage_current,10.142,10.378,11.034,11.524,50.0,Healthy
C09256,L056,Type_A,leakage_current,9.445,14.189,30.039,45.458,50.0,Obvious_Failure
C09257,L057,Type_A,leakage_current,10.393,10.646,11.204,11.824,50.0,Healthy
C09258,L058,Type_B,leakage_current,10.527,11.91,30.756,44.93,50.0,Latent_Defect
C09259,L059,Type_A,leakage_current,9.792,10.119,10.651,11.145,50.0,Healthy
C09260,L060,Type_A,leakage_current,9.85,9.952,10.31,10.519,50.0,Healthy
C09261,L061,Type_A,leakage_current,10.526,10.759,10.775,11.284,50.0,Healthy
C09262,L062,Type_B,leakage_current,10.291,10.422,11.126,11.506,50.0,Healthy
C09263,L063,Type_A,leakage_current,8.824,10.614,23.944,36.959,50.0,Latent_Defect
C09264,L064,Type_B,leakage_current,9.812,9.897,10.17,10.576,50.0,Healthy
C09265,L065,Type_A,leakage_current,10.574,10.939,11.525,12.152,50.0,Healthy
C09266,L066,Type_B,leakage_current,11.142,11.079,11.443,11.65,50.0,Healthy
C09267,L067,Type_C,leakage_current,9.479,9.638,10.42,11.149,50.0,Healthy
C09268,L068,Type_A,leakage_current,10.938,11.363,11.916,12.627,50.0,Healthy
C09269,L069,Type_C,leakage_current,11.006,11.251,12.24,12.887,50.0,Healthy
C09270,L070,Type_A,leakage_current,9.689,9.879,10.684,11.169,50.0,Healthy
C09271,L071,Type_B,leakage_current,10.744,10.923,11.741,12.712,50.0,Healthy
C09272,L072,Type_B,leakage_current,11.267,11.436,12.064,12.454,50.0,Healthy
C09273,L073,Type_A,leakage_current,10.615,10.851,11.235,11.655,50.0,Healthy
C09274,L074,Type_B,leakage_current,10.827,11.173,11.829,12.525,50.0,Healthy
C09275,L075,Type_A,leakage_current,8.974,9.008,9.603,9.947,50.0,Healthy
C09276,L076,Type_B,leakage_current,10.161,10.312,10.767,11.057,50.0,Healthy
C09277,L077,Type_C,leakage_current,8.946,9.119,9.728,10.309,50.0,Healthy
C09278,L078,Type_A,leakage_current,9.306,18.352,45.529,72.914,50.0,Obvious_Failure
C09279,L079,Type_B,leakage_current,10.978,11.211,11.583,12.032,50.0,Healthy
C09280,L080,Type_A,leakage_current,9.654,11.849,27.411,42.472,50.0,Latent_Defect
C09281,L081,Type_A,leakage_current,9.933,10.085,10.379,11.157,50.0,Healthy
C09282,L082,Type_A,leakage_current,9.296,12.923,40.075,67.051,50.0,Rapid_Drift
C09283,L083,Type_A,leakage_current,9.686,10.09,10.493,11.332,50.0,Healthy
C09284,L084,Type_A,leakage_current,10.917,13.195,26.54,40.128,50.0,Latent_Defect
C09285,L085,Type_B,leakage_current,11.225,14.441,42.822,71.745,50.0,Rapid_Drift
C09286,L086,Type_C,leakage_current,9.511,17.022,40.474,64.203,50.0,Obvious_Failure
C09287,L087,Type_A,leakage_current,10.126,10.257,10.914,11.362,50.0,Healthy
C09288,L088,Type_B,leakage_current,11.054,11.06,11.52,11.768,50.0,Healthy
C09289,L089,Type_A,leakage_current,9.408,9.704,9.827,10.239,50.0,Healthy
C09290,L090,Type_A,leakage_current,10.098,13.761,38.996,63.747,50.0,Rapid_Drift
C09291,L091,Type_B,leakage_current,10.794,11.086,11.821,12.715,50.0,Healthy
C09292,L092,Type_A,leakage_current,10.144,10.524,11.411,12.485,50.0,Healthy
C09293,L093,Type_B,leakage_current,11.318,11.376,12.173,12.814,50.0,Healthy
C09294,L094,Type_A,leakage_current,9.744,10.243,11.177,11.975,50.0,Healthy
C09295,L095,Type_A,leakage_current,11.47,11.56,12.101,12.577,50.0,Healthy
C09296,L096,Type_A,leakage_current,9.763,11.931,29.96,40.66,50.0,Latent_Defect
C09297,L097,Type_A,leakage_current,9.616,18.056,42.408,67.493,50.0,Obvious_Failure
C09298,L098,Type_C,leakage_current,8.395,8.476,8.861,9.458,50.0,Healthy
C09299,L099,Type_A,leakage_current,10.014,13.538,37.415,61.754,50.0,Rapid_Drift
C09300,L100,Type_A,leakage_current,9.929,10.224,10.781,11.356,50.0,Healthy
C09301,L001,Type_B,leakage_current,10.333,10.623,11.048,11.543,50.0,Healthy
C09302,L002,Type_A,leakage_current,9.578,10.005,10.992,11.962,50.0,Healthy
C09303,L003,Type_A,leakage_current,10.523,10.882,11.597,12.218,50.0,Healthy
C09304,L004,Type_A,leakage_current,9.593,9.692,10.389,11.029,50.0,Healthy
C09305,L005,Type_A,leakage_current,9.721,10.019,10.319,10.394,50.0,Healthy
C09306,L006,Type_A,leakage_current,9.946,12.657,36.839,60.789,50.0,Rapid_Drift
C09307,L007,Type_B,leakage_current,11.74,11.945,12.701,13.444,50.0,Healthy
C09308,L008,Type_A,leakage_current,11.122,13.019,32.22,43.216,50.0,Latent_Defect
C09309,L009,Type_A,leakage_current,9.448,9.619,10.017,10.341,50.0,Healthy
C09310,L010,Type_A,leakage_current,10.18,17.385,40.045,62.48,50.0,Obvious_Failure
C09311,L011,Type_B,leakage_current,9.479,10.818,24.532,38.08,50.0,Latent_Defect
C09312,L012,Type_A,leakage_current,11.097,11.164,11.469,11.768,50.0,Healthy
C09313,L013,Type_C,leakage_current,10.062,13.728,38.741,64.063,50.0,Rapid_Drift
C09314,L014,Type_A,leakage_current,10.218,10.485,10.989,11.471,50.0,Healthy
C09315,L015,Type_B,leakage_current,9.914,9.926,9.835,9.79,50.0,Healthy
C09316,L016,Type_A,leakage_current,9.19,9.34,9.842,10.434,50.0,Healthy
C09317,L017,Type_A,leakage_current,10.201,10.526,10.931,11.405,50.0,Healthy
C09318,L018,Type_A,leakage_current,10.846,11.118,11.739,12.696,50.0,Healthy
C09319,L019,Type_A,leakage_current,10.928,11.088,11.836,12.338,50.0,Healthy
C09320,L020,Type_B,leakage_current,10.695,11.037,11.41,11.87,50.0,Healthy
C09321,L021,Type_A,leakage_current,9.82,10.068,10.7,11.272,50.0,Healthy
C09322,L022,Type_B,leakage_current,10.144,12.693,38.55,64.083,50.0,Rapid_Drift
C09323,L023,Type_C,leakage_current,9.884,9.916,10.342,10.851,50.0,Healthy
C09324,L024,Type_A,leakage_current,10.198,10.57,11.192,11.755,50.0,Healthy
C09325,L025,Type_A,leakage_current,9.939,10.142,10.628,11.149,50.0,Healthy
C09326,L026,Type_A,leakage_current,10.834,11.248,11.738,12.225,50.0,Healthy
C09327,L027,Type_B,leakage_current,11.041,11.132,11.785,11.794,50.0,Healthy
C09328,L028,Type_C,leakage_current,10.275,10.335,10.756,10.837,50.0,Healthy
C09329,L029,Type_A,leakage_current,10.311,10.271,10.667,10.969,50.0,Healthy
C09330,L030,Type_C,leakage_current,9.447,9.642,10.301,10.952,50.0,Healthy
C09331,L031,Type_B,leakage_current,10.779,10.86,11.377,12.099,50.0,Healthy
C09332,L032,Type_C,leakage_current,9.853,9.757,10.107,10.319,50.0,Healthy
C09333,L033,Type_B,leakage_current,10.924,11.084,11.567,12.038,50.0,Healthy
C09334,L034,Type_A,leakage_current,9.297,9.372,9.852,10.522,50.0,Healthy
C09335,L035,Type_A,leakage_current,11.846,12.129,12.924,13.519,50.0,Healthy
C09336,L036,Type_A,leakage_current,9.527,9.654,10.322,11.136,50.0,Healthy
C09337,L037,Type_B,leakage_current,10.817,10.861,11.373,11.692,50.0,Healthy
C09338,L038,Type_A,leakage_current,10.043,10.382,11.074,11.768,50.0,Healthy
C09339,L039,Type_A,leakage_current,9.119,9.426,10.025,10.773,50.0,Healthy
C09340,L040,Type_B,leakage_current,9.955,10.061,10.39,10.688,50.0,Healthy
C09341,L041,Type_A,leakage_current,11.129,11.392,11.575,11.884,50.0,Healthy
C09342,L042,Type_C,leakage_current,8.751,9.208,9.742,10.497,50.0,Healthy
C09343,L043,Type_A,leakage_current,10.169,10.674,11.306,11.864,50.0,Healthy
C09344,L044,Type_B,leakage_current,10.158,10.48,10.861,11.522,50.0,Healthy
C09345,L045,Type_A,leakage_current,9.561,9.756,10.151,10.513,50.0,Healthy
C09346,L046,Type_B,leakage_current,10.609,13.022,30.449,48.258,50.0,Rapid_Drift
C09347,L047,Type_A,leakage_current,10.641,10.965,11.345,12.009,50.0,Healthy
C09348,L048,Type_A,leakage_current,10.442,10.78,11.547,12.429,50.0,Healthy
C09349,L049,Type_B,leakage_current,10.488,10.761,11.361,12.309,50.0,Healthy
C09350,L050,Type_C,leakage_current,8.666,8.532,9.575,10.372,50.0,Healthy
C09351,L051,Type_C,leakage_current,8.855,8.976,9.477,9.956,50.0,Healthy
C09352,L052,Type_A,leakage_current,10.858,10.977,11.729,12.485,50.0,Healthy
C09353,L053,Type_C,leakage_current,9.248,9.312,9.599,10.225,50.0,Healthy
C09354,L054,Type_A,leakage_current,10.875,10.74,11.122,11.272,50.0,Healthy
C09355,L055,Type_B,leakage_current,10.528,10.676,10.954,11.432,50.0,Healthy
C09356,L056,Type_A,leakage_current,10.218,10.581,11.165,11.442,50.0,Healthy
C09357,L057,Type_A,leakage_current,10.446,12.496,29.9,46.918,50.0,Latent_Defect
C09358,L058,Type_A,leakage_current,9.754,12.923,34.272,56.391,50.0,Rapid_Drift
C09359,L059,Type_C,leakage_current,9.023,9.263,9.517,9.928,50.0,Healthy
C09360,L060,Type_A,leakage_current,9.649,10.042,10.703,11.452,50.0,Healthy
C09361,L061,Type_C,leakage_current,8.997,11.44,31.613,51.589,50.0,Rapid_Drift
C09362,L062,Type_B,leakage_current,10.812,11.002,11.544,12.214,50.0,Healthy
C09363,L063,Type_A,leakage_current,10.169,10.392,11.157,11.688,50.0,Healthy
C09364,L064,Type_A,leakage_current,11.391,11.588,12.015,12.289,50.0,Healthy
C09365,L065,Type_A,leakage_current,9.236,9.503,9.997,10.898,50.0,Healthy
C09366,L066,Type_A,leakage_current,10.272,10.422,11.046,11.61,50.0,Healthy
C09367,L067,Type_A,leakage_current,9.6,9.782,10.327,11.195,50.0,Healthy
C09368,L068,Type_C,leakage_current,10.065,10.142,10.675,11.276,50.0,Healthy
C09369,L069,Type_B,leakage_current,9.293,9.651,10.489,11.312,50.0,Healthy
C09370,L070,Type_B,leakage_current,11.066,12.41,28.538,41.604,50.0,Latent_Defect
C09371,L071,Type_B,leakage_current,9.727,11.725,31.851,45.976,50.0,Latent_Defect
C09372,L072,Type_A,leakage_current,10.094,12.634,36.244,59.804,50.0,Rapid_Drift
C09373,L073,Type_A,leakage_current,10.344,10.62,11.39,11.791,50.0,Healthy
C09374,L074,Type_C,leakage_current,9.456,9.798,10.155,10.966,50.0,Healthy
C09375,L075,Type_A,leakage_current,9.855,9.894,10.182,10.416,50.0,Healthy
C09376,L076,Type_C,leakage_current,9.539,9.515,10.225,10.156,50.0,Healthy
C09377,L077,Type_C,leakage_current,9.701,13.433,33.376,52.957,50.0,Rapid_Drift
C09378,L078,Type_A,leakage_current,10.294,10.539,11.257,11.864,50.0,Healthy
C09379,L079,Type_A,leakage_current,10.218,10.353,10.442,10.65,50.0,Healthy
C09380,L080,Type_A,leakage_current,10.022,13.034,38.075,63.299,50.0,Rapid_Drift
C09381,L081,Type_A,leakage_current,11.007,12.813,28.508,43.948,50.0,Latent_Defect
C09382,L082,Type_A,leakage_current,10.316,10.564,11.113,11.556,50.0,Healthy
C09383,L083,Type_A,leakage_current,10.773,10.988,11.93,13.078,50.0,Healthy
C09384,L084,Type_B,leakage_current,9.339,9.369,9.969,10.24,50.0,Healthy
C09385,L085,Type_A,leakage_current,10.26,12.218,27.107,41.651,50.0,Latent_Defect
C09386,L086,Type_A,leakage_current,10.124,12.081,32.011,39.301,50.0,Latent_Defect
C09387,L087,Type_A,leakage_current,10.33,10.539,11.231,11.722,50.0,Healthy
C09388,L088,Type_A,leakage_current,10.299,10.335,10.791,11.464,50.0,Healthy
C09389,L089,Type_B,leakage_current,10.136,10.203,10.61,10.932,50.0,Healthy
C09390,L090,Type_B,leakage_current,10.595,10.769,11.032,11.506,50.0,Healthy
C09391,L091,Type_C,leakage_current,9.431,9.564,10.124,10.777,50.0,Healthy
C09392,L092,Type_B,leakage_current,10.68,10.688,11.258,11.489,50.0,Healthy
C09393,L093,Type_A,leakage_current,9.77,12.313,30.659,42.92,50.0,Latent_Defect
C09394,L094,Type_A,leakage_current,9.442,9.568,10.285,10.929,50.0,Healthy
C09395,L095,Type_A,leakage_current,9.307,9.148,9.514,9.693,50.0,Healthy
C09396,L096,Type_B,leakage_current,11.113,11.476,11.851,12.044,50.0,Healthy
C09397,L097,Type_B,leakage_current,10.532,12.021,27.307,38.045,50.0,Latent_Defect
C09398,L098,Type_C,leakage_current,7.878,7.897,8.534,9.023,50.0,Healthy
C09399,L099,Type_A,leakage_current,10.064,10.18,10.615,11.193,50.0,Healthy
C09400,L100,Type_B,leakage_current,11.063,11.346,11.788,12.398,50.0,Healthy
C09401,L001,Type_B,leakage_current,10.478,10.854,11.52,12.465,50.0,Healthy
C09402,L002,Type_A,leakage_current,10.43,10.788,11.498,11.975,50.0,Healthy
C09403,L003,Type_A,leakage_current,10.208,16.1,33.899,52.353,50.0,Obvious_Failure
C09404,L004,Type_A,leakage_current,9.834,9.974,10.367,10.621,50.0,Healthy
C09405,L005,Type_B,leakage_current,9.853,10.098,10.66,11.413,50.0,Healthy
C09406,L006,Type_A,leakage_current,9.518,9.786,10.225,10.756,50.0,Healthy
C09407,L007,Type_A,leakage_current,9.463,11.836,28.644,45.232,50.0,Latent_Defect
C09408,L008,Type_C,leakage_current,10.131,10.421,10.936,11.346,50.0,Healthy
C09409,L009,Type_B,leakage_current,10.234,10.403,11.0,11.544,50.0,Healthy
C09410,L010,Type_C,leakage_current,10.166,10.294,11.138,11.932,50.0,Healthy
C09411,L011,Type_A,leakage_current,9.707,11.126,25.045,38.292,50.0,Latent_Defect
C09412,L012,Type_A,leakage_current,10.123,12.146,31.885,46.606,50.0,Latent_Defect
C09413,L013,Type_B,leakage_current,10.712,10.945,11.762,12.259,50.0,Healthy
C09414,L014,Type_A,leakage_current,10.784,11.032,11.553,12.206,50.0,Healthy
C09415,L015,Type_C,leakage_current,9.12,9.25,9.969,10.311,50.0,Healthy
C09416,L016,Type_A,leakage_current,10.079,10.275,10.986,11.937,50.0,Healthy
C09417,L017,Type_A,leakage_current,11.374,11.438,11.636,12.114,50.0,Healthy
C09418,L018,Type_A,leakage_current,10.169,10.325,10.78,11.715,50.0,Healthy
C09419,L019,Type_A,leakage_current,10.389,10.425,11.396,12.498,50.0,Healthy
C09420,L020,Type_A,leakage_current,9.385,18.153,44.517,70.543,50.0,Obvious_Failure
C09421,L021,Type_A,leakage_current,9.852,10.053,10.685,11.4,50.0,Healthy
C09422,L022,Type_A,leakage_current,9.745,10.232,11.104,11.775,50.0,Healthy
C09423,L023,Type_A,leakage_current,10.715,11.048,11.858,12.761,50.0,Healthy
C09424,L024,Type_B,leakage_current,10.369,10.673,11.353,12.131,50.0,Healthy
C09425,L025,Type_A,leakage_current,9.205,9.552,10.283,10.864,50.0,Healthy
C09426,L026,Type_A,leakage_current,11.273,11.379,11.79,12.204,50.0,Healthy
C09427,L027,Type_B,leakage_current,10.946,11.159,11.845,12.292,50.0,Healthy
C09428,L028,Type_A,leakage_current,9.583,15.72,34.537,53.187,50.0,Obvious_Failure
C09429,L029,Type_B,leakage_current,10.843,10.937,11.488,12.056,50.0,Healthy
C09430,L030,Type_B,leakage_current,10.262,10.443,10.939,11.45,50.0,Healthy
C09431,L031,Type_A,leakage_current,10.667,10.898,11.138,11.481,50.0,Healthy
C09432,L032,Type_B,leakage_current,10.696,10.937,11.716,12.202,50.0,Healthy
C09433,L033,Type_A,leakage_current,9.504,9.624,10.054,10.499,50.0,Healthy
C09434,L034,Type_A,leakage_current,9.894,11.05,28.518,43.829,50.0,Latent_Defect
C09435,L035,Type_A,leakage_current,9.932,10.205,10.697,11.146,50.0,Healthy
C09436,L036,Type_A,leakage_current,10.755,11.039,11.707,12.305,50.0,Healthy
C09437,L037,Type_A,leakage_current,9.628,9.746,10.004,10.595,50.0,Healthy
C09438,L038,Type_A,leakage_current,10.153,10.408,10.742,11.402,50.0,Healthy
C09439,L039,Type_C,leakage_current,9.405,12.075,35.18,58.611,50.0,Rapid_Drift
C09440,L040,Type_B,leakage_current,10.687,13.298,40.212,66.887,50.0,Rapid_Drift
C09441,L041,Type_B,leakage_current,10.171,10.347,10.595,10.74,50.0,Healthy
C09442,L042,Type_A,leakage_current,9.403,9.573,10.294,10.638,50.0,Healthy
C09443,L043,Type_A,leakage_current,9.26,11.886,29.403,46.836,50.0,Rapid_Drift
C09444,L044,Type_B,leakage_current,11.074,11.357,12.026,12.543,50.0,Healthy
C09445,L045,Type_A,leakage_current,12.074,12.375,13.052,13.424,50.0,Healthy
C09446,L046,Type_C,leakage_current,9.806,10.411,11.322,12.255,50.0,Healthy
C09447,L047,Type_A,leakage_current,9.965,12.191,35.833,59.128,50.0,Rapid_Drift
C09448,L048,Type_C,leakage_current,9.867,10.079,10.555,11.112,50.0,Healthy
C09449,L049,Type_A,leakage_current,9.704,9.862,10.366,10.825,50.0,Healthy
C09450,L050,Type_B,leakage_current,11.304,11.458,12.046,12.66,50.0,Healthy
C09451,L051,Type_A,leakage_current,10.054,11.376,24.259,37.273,50.0,Latent_Defect
C09452,L052,Type_B,leakage_current,11.034,11.21,11.873,12.348,50.0,Healthy
C09453,L053,Type_A,leakage_current,10.021,10.134,10.817,11.136,50.0,Healthy
C09454,L054,Type_A,leakage_current,9.897,10.108,10.176,10.842,50.0,Healthy
C09455,L055,Type_C,leakage_current,10.116,10.422,10.869,11.262,50.0,Healthy
C09456,L056,Type_B,leakage_current,11.017,11.05,11.07,10.946,50.0,Healthy
C09457,L057,Type_C,leakage_current,9.44,9.363,9.541,9.787,50.0,Healthy
C09458,L058,Type_A,leakage_current,9.22,17.116,40.691,64.099,50.0,Obvious_Failure
C09459,L059,Type_A,leakage_current,9.698,9.843,10.816,11.834,50.0,Healthy
C09460,L060,Type_A,leakage_current,10.632,10.741,11.5,12.352,50.0,Healthy
C09461,L061,Type_B,leakage_current,10.297,10.516,11.015,11.653,50.0,Healthy
C09462,L062,Type_A,leakage_current,10.204,10.237,10.293,10.387,50.0,Healthy
C09463,L063,Type_A,leakage_current,10.187,10.501,10.684,10.996,50.0,Healthy
C09464,L064,Type_C,leakage_current,10.229,10.446,11.218,11.768,50.0,Healthy
C09465,L065,Type_A,leakage_current,10.708,10.79,11.308,12.137,50.0,Healthy
C09466,L066,Type_C,leakage_current,9.787,9.898,10.973,12.105,50.0,Healthy
C09467,L067,Type_C,leakage_current,8.415,8.399,9.185,9.927,50.0,Healthy
C09468,L068,Type_A,leakage_current,10.364,10.644,11.431,12.261,50.0,Healthy
C09469,L069,Type_C,leakage_current,9.986,10.238,10.597,10.957,50.0,Healthy
C09470,L070,Type_A,leakage_current,9.454,9.679,10.263,10.901,50.0,Healthy
C09471,L071,Type_B,leakage_current,11.112,11.11,11.181,11.499,50.0,Healthy
C09472,L072,Type_A,leakage_current,10.494,10.81,11.528,12.216,50.0,Healthy
C09473,L073,Type_A,leakage_current,10.336,10.453,10.891,11.383,50.0,Healthy
C09474,L074,Type_C,leakage_current,9.451,9.535,9.798,10.104,50.0,Healthy
C09475,L075,Type_A,leakage_current,9.809,9.785,10.738,11.582,50.0,Healthy
C09476,L076,Type_B,leakage_current,10.334,10.481,10.796,11.214,50.0,Healthy
C09477,L077,Type_A,leakage_current,8.818,9.012,9.379,10.007,50.0,Healthy
C09478,L078,Type_B,leakage_current,10.864,11.231,11.879,12.532,50.0,Healthy
C09479,L079,Type_B,leakage_current,10.697,11.02,11.55,12.199,50.0,Healthy
C09480,L080,Type_B,leakage_current,10.281,10.517,10.951,11.595,50.0,Healthy
C09481,L081,Type_A,leakage_current,10.691,10.941,11.657,12.264,50.0,Healthy
C09482,L082,Type_B,leakage_current,10.666,10.976,11.828,12.361,50.0,Healthy
C09483,L083,Type_B,leakage_current,10.229,10.492,11.067,12.221,50.0,Healthy
C09484,L084,Type_C,leakage_current,10.795,11.429,12.291,13.069,50.0,Healthy
C09485,L085,Type_A,leakage_current,10.729,10.918,11.274,11.626,50.0,Healthy
C09486,L086,Type_B,leakage_current,10.069,10.114,10.661,10.928,50.0,Healthy
C09487,L087,Type_A,leakage_current,9.717,10.206,10.745,11.933,50.0,Healthy
C09488,L088,Type_A,leakage_current,10.263,12.498,26.996,42.124,50.0,Latent_Defect
C09489,L089,Type_B,leakage_current,10.714,10.952,11.041,11.606,50.0,Healthy
C09490,L090,Type_C,leakage_current,8.748,10.16,30.571,41.625,50.0,Latent_Defect
C09491,L091,Type_A,leakage_current,10.06,10.078,10.898,11.467,50.0,Healthy
C09492,L092,Type_A,leakage_current,9.102,11.083,24.037,37.027,50.0,Latent_Defect
C09493,L093,Type_C,leakage_current,9.092,9.248,9.65,10.289,50.0,Healthy
C09494,L094,Type_B,leakage_current,10.849,10.993,11.385,11.682,50.0,Healthy
C09495,L095,Type_A,leakage_current,10.906,11.038,10.986,11.014,50.0,Healthy
C09496,L096,Type_A,leakage_current,9.235,9.456,10.085,10.561,50.0,Healthy
C09497,L097,Type_B,leakage_current,10.852,11.19,11.945,12.79,50.0,Healthy
C09498,L098,Type_B,leakage_current,10.999,11.318,12.482,13.578,50.0,Healthy
C09499,L099,Type_B,leakage_current,11.241,11.552,12.372,13.268,50.0,Healthy
C09500,L100,Type_B,leakage_current,9.824,9.929,10.506,10.645,50.0,Healthy
C09501,L001,Type_A,leakage_current,8.92,11.274,29.24,46.183,50.0,Latent_Defect
C09502,L002,Type_A,leakage_current,10.398,12.744,31.898,39.605,50.0,Latent_Defect
C09503,L003,Type_A,leakage_current,9.668,9.621,10.092,10.743,50.0,Healthy
C09504,L004,Type_A,leakage_current,11.715,19.908,44.293,68.559,50.0,Obvious_Failure
C09505,L005,Type_B,leakage_current,10.841,10.928,11.515,11.875,50.0,Healthy
C09506,L006,Type_C,leakage_current,8.815,9.004,9.387,9.9,50.0,Healthy
C09507,L007,Type_C,leakage_current,9.378,9.769,10.497,11.313,50.0,Healthy
C09508,L008,Type_A,leakage_current,10.507,13.457,30.556,48.481,50.0,Rapid_Drift
C09509,L009,Type_A,leakage_current,10.23,10.517,11.244,11.715,50.0,Healthy
C09510,L010,Type_A,leakage_current,9.93,10.094,10.768,11.514,50.0,Healthy
C09511,L011,Type_C,leakage_current,9.635,9.907,10.597,11.307,50.0,Healthy
C09512,L012,Type_A,leakage_current,9.086,9.221,10.211,10.957,50.0,Healthy
C09513,L013,Type_C,leakage_current,9.063,9.11,9.748,10.131,50.0,Healthy
C09514,L014,Type_A,leakage_current,10.189,10.507,10.876,11.433,50.0,Healthy
C09515,L015,Type_C,leakage_current,9.929,10.241,10.902,11.416,50.0,Healthy
C09516,L016,Type_A,leakage_current,9.374,9.385,9.821,10.642,50.0,Healthy
C09517,L017,Type_A,leakage_current,9.882,10.005,10.475,10.967,50.0,Healthy
C09518,L018,Type_B,leakage_current,11.186,11.405,11.873,12.659,50.0,Healthy
C09519,L019,Type_C,leakage_current,9.818,9.898,10.192,10.511,50.0,Healthy
C09520,L020,Type_A,leakage_current,9.998,10.121,10.68,11.329,50.0,Healthy
C09521,L021,Type_B,leakage_current,10.539,10.845,11.657,12.712,50.0,Healthy
C09522,L022,Type_B,leakage_current,9.106,9.175,9.697,10.446,50.0,Healthy
C09523,L023,Type_B,leakage_current,9.693,16.062,35.487,53.783,50.0,Obvious_Failure
C09524,L024,Type_C,leakage_current,9.176,10.793,23.438,35.944,50.0,Latent_Defect
C09525,L025,Type_B,leakage_current,10.114,10.408,10.983,11.416,50.0,Healthy
C09526,L026,Type_B,leakage_current,10.784,13.489,32.596,51.188,50.0,Rapid_Drift
C09527,L027,Type_B,leakage_current,9.626,9.703,10.694,11.755,50.0,Healthy
C09528,L028,Type_B,leakage_current,10.636,11.003,11.186,11.677,50.0,Healthy
C09529,L029,Type_A,leakage_current,9.941,10.277,11.326,12.291,50.0,Healthy
C09530,L030,Type_A,leakage_current,9.638,9.758,10.533,11.24,50.0,Healthy
C09531,L031,Type_A,leakage_current,8.707,12.43,40.496,68.504,50.0,Rapid_Drift
C09532,L032,Type_A,leakage_current,9.745,9.774,10.23,10.598,50.0,Healthy
C09533,L033,Type_B,leakage_current,10.174,12.11,28.456,44.92,50.0,Latent_Defect
C09534,L034,Type_A,leakage_current,8.94,9.223,9.797,10.454,50.0,Healthy
C09535,L035,Type_A,leakage_current,10.884,11.187,12.222,13.309,50.0,Healthy
C09536,L036,Type_B,leakage_current,11.068,11.306,12.011,13.003,50.0,Healthy
C09537,L037,Type_B,leakage_current,11.742,13.755,33.631,41.684,50.0,Latent_Defect
C09538,L038,Type_A,leakage_current,10.499,10.788,11.619,12.624,50.0,Healthy
C09539,L039,Type_A,leakage_current,9.753,10.175,10.618,11.142,50.0,Healthy
C09540,L040,Type_A,leakage_current,10.469,13.459,40.075,66.856,50.0,Rapid_Drift
C09541,L041,Type_B,leakage_current,9.996,10.257,11.329,12.156,50.0,Healthy
C09542,L042,Type_A,leakage_current,10.631,10.909,11.395,12.228,50.0,Healthy
C09543,L043,Type_A,leakage_current,10.611,10.688,11.519,12.067,50.0,Healthy
C09544,L044,Type_C,leakage_current,9.277,9.459,10.066,10.821,50.0,Healthy
C09545,L045,Type_A,leakage_current,9.609,9.666,10.236,10.755,50.0,Healthy
C09546,L046,Type_A,leakage_current,10.384,10.585,11.226,11.752,50.0,Healthy
C09547,L047,Type_A,leakage_current,10.149,12.528,30.335,42.411,50.0,Latent_Defect
C09548,L048,Type_B,leakage_current,10.528,10.578,11.072,11.652,50.0,Healthy
C09549,L049,Type_B,leakage_current,10.694,11.998,26.919,41.439,50.0,Latent_Defect
C09550,L050,Type_A,leakage_current,9.248,9.377,10.07,10.787,50.0,Healthy
C09551,L051,Type_A,leakage_current,10.168,12.024,32.074,44.249,50.0,Latent_Defect
C09552,L052,Type_B,leakage_current,10.587,10.727,11.261,12.094,50.0,Healthy
C09553,L053,Type_A,leakage_current,9.605,10.956,23.539,36.048,50.0,Latent_Defect
C09554,L054,Type_A,leakage_current,9.238,9.734,10.43,10.928,50.0,Healthy
C09555,L055,Type_A,leakage_current,10.568,10.975,11.483,12.079,50.0,Healthy
C09556,L056,Type_A,leakage_current,8.823,9.199,9.947,10.324,50.0,Healthy
C09557,L057,Type_B,leakage_current,9.886,11.792,26.421,40.172,50.0,Latent_Defect
C09558,L058,Type_A,leakage_current,10.237,10.559,11.179,12.14,50.0,Healthy
C09559,L059,Type_A,leakage_current,9.883,10.202,10.719,11.469,50.0,Healthy
C09560,L060,Type_A,leakage_current,9.136,9.285,10.133,10.828,50.0,Healthy
C09561,L061,Type_A,leakage_current,11.034,12.647,31.957,44.981,50.0,Latent_Defect
C09562,L062,Type_B,leakage_current,10.963,11.266,12.022,12.862,50.0,Healthy
C09563,L063,Type_A,leakage_current,9.097,11.04,26.302,41.545,50.0,Latent_Defect
C09564,L064,Type_A,leakage_current,11.855,11.891,12.309,12.769,50.0,Healthy
C09565,L065,Type_A,leakage_current,9.852,10.061,10.538,10.808,50.0,Healthy
C09566,L066,Type_A,leakage_current,9.624,9.73,10.154,10.725,50.0,Healthy
C09567,L067,Type_A,leakage_current,10.363,12.468,30.987,47.824,50.0,Latent_Defect
C09568,L068,Type_C,leakage_current,10.218,10.408,10.786,11.116,50.0,Healthy
C09569,L069,Type_B,leakage_current,11.292,12.93,28.5,42.318,50.0,Latent_Defect
C09570,L070,Type_A,leakage_current,10.505,10.826,11.685,11.965,50.0,Healthy
C09571,L071,Type_B,leakage_current,10.784,11.141,12.02,12.392,50.0,Healthy
C09572,L072,Type_B,leakage_current,10.069,13.877,34.845,56.194,50.0,Rapid_Drift
C09573,L073,Type_B,leakage_current,11.439,20.844,48.735,75.811,50.0,Obvious_Failure
C09574,L074,Type_A,leakage_current,10.339,12.391,25.82,38.59,50.0,Latent_Defect
C09575,L075,Type_A,leakage_current,11.073,11.307,12.281,13.133,50.0,Healthy
C09576,L076,Type_A,leakage_current,10.14,10.379,10.833,11.425,50.0,Healthy
C09577,L077,Type_A,leakage_current,10.091,10.337,11.123,11.691,50.0,Healthy
C09578,L078,Type_A,leakage_current,9.662,9.896,10.287,10.331,50.0,Healthy
C09579,L079,Type_A,leakage_current,10.4,11.873,30.423,43.704,50.0,Latent_Defect
C09580,L080,Type_C,leakage_current,9.612,9.836,10.437,11.388,50.0,Healthy
C09581,L081,Type_A,leakage_current,10.932,11.095,11.622,12.346,50.0,Healthy
C09582,L082,Type_B,leakage_current,10.23,10.4,10.721,10.946,50.0,Healthy
C09583,L083,Type_C,leakage_current,9.661,9.865,10.4,10.951,50.0,Healthy
C09584,L084,Type_A,leakage_current,8.706,8.8,9.195,9.391,50.0,Healthy
C09585,L085,Type_A,leakage_current,10.563,10.684,11.096,11.78,50.0,Healthy
C09586,L086,Type_A,leakage_current,10.553,10.681,11.259,11.823,50.0,Healthy
C09587,L087,Type_A,leakage_current,10.278,10.526,11.049,11.531,50.0,Healthy
C09588,L088,Type_B,leakage_current,10.963,11.196,11.796,12.519,50.0,Healthy
C09589,L089,Type_C,leakage_current,9.452,9.564,10.292,10.739,50.0,Healthy
C09590,L090,Type_A,leakage_current,10.378,10.763,11.306,11.755,50.0,Healthy
C09591,L091,Type_C,leakage_current,9.797,12.859,31.203,49.497,50.0,Rapid_Drift
C09592,L092,Type_B,leakage_current,11.072,11.334,12.34,13.305,50.0,Healthy
C09593,L093,Type_A,leakage_current,9.534,9.819,10.782,11.817,50.0,Healthy
C09594,L094,Type_B,leakage_current,12.021,12.126,12.903,13.451,50.0,Healthy
C09595,L095,Type_A,leakage_current,9.736,12.492,38.856,65.604,50.0,Rapid_Drift
C09596,L096,Type_C,leakage_current,9.083,9.215,9.808,10.394,50.0,Healthy
C09597,L097,Type_A,leakage_current,9.343,9.548,10.353,11.125,50.0,Healthy
C09598,L098,Type_A,leakage_current,10.624,10.805,11.152,12.074,50.0,Healthy
C09599,L099,Type_B,leakage_current,11.287,11.339,11.831,12.499,50.0,Healthy
C09600,L100,Type_B,leakage_current,10.776,11.0,11.807,12.496,50.0,Healthy
C09601,L001,Type_A,leakage_current,9.705,9.752,10.239,10.581,50.0,Healthy
C09602,L002,Type_A,leakage_current,10.298,10.42,11.544,12.342,50.0,Healthy
C09603,L003,Type_B,leakage_current,11.27,11.523,11.942,12.608,50.0,Healthy
C09604,L004,Type_B,leakage_current,12.366,12.383,12.652,13.216,50.0,Healthy
C09605,L005,Type_C,leakage_current,8.269,8.434,8.766,9.039,50.0,Healthy
C09606,L006,Type_A,leakage_current,9.796,10.136,11.077,11.903,50.0,Healthy
C09607,L007,Type_A,leakage_current,9.544,9.598,10.285,10.69,50.0,Healthy
C09608,L008,Type_A,leakage_current,9.996,10.264,10.904,11.539,50.0,Healthy
C09609,L009,Type_A,leakage_current,8.885,9.283,9.962,10.633,50.0,Healthy
C09610,L010,Type_B,leakage_current,10.032,10.415,11.199,12.357,50.0,Healthy
C09611,L011,Type_C,leakage_current,9.888,10.074,10.568,10.737,50.0,Healthy
C09612,L012,Type_B,leakage_current,9.237,9.259,9.914,10.233,50.0,Healthy
C09613,L013,Type_C,leakage_current,8.619,8.764,8.983,9.509,50.0,Healthy
C09614,L014,Type_A,leakage_current,11.131,11.507,12.687,13.299,50.0,Healthy
C09615,L015,Type_A,leakage_current,9.946,9.992,10.377,10.862,50.0,Healthy
C09616,L016,Type_A,leakage_current,10.465,10.652,11.134,11.423,50.0,Healthy
C09617,L017,Type_C,leakage_current,9.561,9.557,9.7,9.714,50.0,Healthy
C09618,L018,Type_A,leakage_current,11.853,12.138,12.34,12.518,50.0,Healthy
C09619,L019,Type_B,leakage_current,10.07,10.448,10.797,11.381,50.0,Healthy
C09620,L020,Type_A,leakage_current,9.738,10.138,10.478,10.593,50.0,Healthy
C09621,L021,Type_C,leakage_current,8.937,17.665,44.482,71.464,50.0,Obvious_Failure
C09622,L022,Type_A,leakage_current,11.222,11.528,11.915,11.943,50.0,Healthy
C09623,L023,Type_A,leakage_current,9.624,9.755,10.558,11.314,50.0,Healthy
C09624,L024,Type_B,leakage_current,10.293,10.453,11.276,12.169,50.0,Healthy
C09625,L025,Type_B,leakage_current,10.912,11.075,11.471,11.953,50.0,Healthy
C09626,L026,Type_A,leakage_current,10.034,12.192,31.597,41.118,50.0,Latent_Defect
C09627,L027,Type_A,leakage_current,10.067,19.006,46.352,73.782,50.0,Obvious_Failure
C09628,L028,Type_B,leakage_current,11.639,11.853,12.292,13.01,50.0,Healthy
C09629,L029,Type_A,leakage_current,9.961,10.079,10.989,11.52,50.0,Healthy
C09630,L030,Type_B,leakage_current,11.165,11.427,12.188,12.708,50.0,Healthy
C09631,L031,Type_A,leakage_current,11.392,11.792,12.445,13.253,50.0,Healthy
C09632,L032,Type_B,leakage_current,11.469,11.703,12.596,13.522,50.0,Healthy
C09633,L033,Type_A,leakage_current,11.635,12.021,12.906,13.375,50.0,Healthy
C09634,L034,Type_A,leakage_current,9.709,9.676,9.874,10.469,50.0,Healthy
C09635,L035,Type_A,leakage_current,10.09,10.186,10.836,11.605,50.0,Healthy
C09636,L036,Type_A,leakage_current,10.081,10.358,11.15,11.787,50.0,Healthy
C09637,L037,Type_B,leakage_current,10.288,10.636,11.261,11.694,50.0,Healthy
C09638,L038,Type_B,leakage_current,10.855,10.924,11.556,11.911,50.0,Healthy
C09639,L039,Type_C,leakage_current,10.63,10.809,11.233,11.744,50.0,Healthy
C09640,L040,Type_A,leakage_current,9.748,10.266,11.407,12.461,50.0,Healthy
C09641,L041,Type_A,leakage_current,9.714,9.819,10.612,11.242,50.0,Healthy
C09642,L042,Type_A,leakage_current,10.43,10.597,11.505,12.278,50.0,Healthy
C09643,L043,Type_A,leakage_current,10.954,11.412,12.348,13.307,50.0,Healthy
C09644,L044,Type_C,leakage_current,8.965,8.863,9.57,9.988,50.0,Healthy
C09645,L045,Type_B,leakage_current,11.263,11.204,11.502,12.207,50.0,Healthy
C09646,L046,Type_B,leakage_current,10.706,10.619,11.471,11.813,50.0,Healthy
C09647,L047,Type_B,leakage_current,10.405,10.542,11.063,11.742,50.0,Healthy
C09648,L048,Type_A,leakage_current,10.573,10.793,11.702,12.298,50.0,Healthy
C09649,L049,Type_A,leakage_current,9.92,11.14,27.322,42.898,50.0,Latent_Defect
C09650,L050,Type_A,leakage_current,10.001,11.979,25.375,38.909,50.0,Latent_Defect
C09651,L051,Type_A,leakage_current,9.819,10.022,10.627,11.487,50.0,Healthy
C09652,L052,Type_A,leakage_current,9.956,10.035,10.16,10.446,50.0,Healthy
C09653,L053,Type_B,leakage_current,12.474,12.563,12.909,13.53,50.0,Healthy
C09654,L054,Type_A,leakage_current,11.177,11.235,11.508,11.839,50.0,Healthy
C09655,L055,Type_B,leakage_current,11.42,13.441,32.081,39.863,50.0,Latent_Defect
C09656,L056,Type_B,leakage_current,10.444,10.627,11.31,11.893,50.0,Healthy
C09657,L057,Type_A,leakage_current,9.861,18.318,43.186,68.386,50.0,Obvious_Failure
C09658,L058,Type_B,leakage_current,10.088,10.552,11.556,12.547,50.0,Healthy
C09659,L059,Type_B,leakage_current,10.555,13.461,41.552,69.629,50.0,Rapid_Drift
C09660,L060,Type_A,leakage_current,10.78,10.928,11.339,11.881,50.0,Healthy
C09661,L061,Type_A,leakage_current,9.294,9.488,9.936,10.423,50.0,Healthy
C09662,L062,Type_A,leakage_current,10.241,10.42,11.078,11.941,50.0,Healthy
C09663,L063,Type_A,leakage_current,9.579,17.639,41.519,64.89,50.0,Obvious_Failure
C09664,L064,Type_C,leakage_current,10.095,10.286,11.035,11.821,50.0,Healthy
C09665,L065,Type_A,leakage_current,10.326,11.365,24.485,37.11,50.0,Latent_Defect
C09666,L066,Type_A,leakage_current,9.355,9.584,10.013,10.172,50.0,Healthy
C09667,L067,Type_A,leakage_current,8.534,8.712,9.554,10.305,50.0,Healthy
C09668,L068,Type_B,leakage_current,10.482,10.715,11.431,12.046,50.0,Healthy
C09669,L069,Type_A,leakage_current,8.987,14.856,32.487,50.045,50.0,Obvious_Failure
C09670,L070,Type_A,leakage_current,9.639,9.551,9.876,10.357,50.0,Healthy
C09671,L071,Type_B,leakage_current,11.6,14.347,42.502,70.997,50.0,Rapid_Drift
C09672,L072,Type_A,leakage_current,10.026,10.298,11.346,12.422,50.0,Healthy
C09673,L073,Type_A,leakage_current,10.021,10.341,11.145,12.045,50.0,Healthy
C09674,L074,Type_A,leakage_current,9.706,9.789,10.269,10.527,50.0,Healthy
C09675,L075,Type_B,leakage_current,10.243,10.5,11.07,11.877,50.0,Healthy
C09676,L076,Type_B,leakage_current,10.862,10.932,11.484,12.442,50.0,Healthy
C09677,L077,Type_A,leakage_current,10.731,10.743,11.005,11.31,50.0,Healthy
C09678,L078,Type_A,leakage_current,10.921,11.133,11.791,12.659,50.0,Healthy
C09679,L079,Type_B,leakage_current,11.693,11.737,12.08,12.638,50.0,Healthy
C09680,L080,Type_A,leakage_current,10.189,10.427,10.831,11.199,50.0,Healthy
C09681,L081,Type_B,leakage_current,11.351,11.489,11.915,12.416,50.0,Healthy
C09682,L082,Type_A,leakage_current,9.319,9.754,10.275,10.919,50.0,Healthy
C09683,L083,Type_B,leakage_current,10.696,10.699,11.29,12.061,50.0,Healthy
C09684,L084,Type_A,leakage_current,9.765,10.035,10.901,11.398,50.0,Healthy
C09685,L085,Type_A,leakage_current,10.342,10.668,11.383,12.402,50.0,Healthy
C09686,L086,Type_A,leakage_current,9.881,11.042,26.998,42.157,50.0,Latent_Defect
C09687,L087,Type_C,leakage_current,10.499,10.858,11.57,12.626,50.0,Healthy
C09688,L088,Type_B,leakage_current,10.745,10.907,11.411,12.328,50.0,Healthy
C09689,L089,Type_C,leakage_current,9.255,15.134,32.96,50.546,50.0,Obvious_Failure
C09690,L090,Type_B,leakage_current,11.382,11.521,12.208,12.78,50.0,Healthy
C09691,L091,Type_B,leakage_current,10.418,10.646,11.146,11.596,50.0,Healthy
C09692,L092,Type_A,leakage_current,9.983,10.262,10.515,11.277,50.0,Healthy
C09693,L093,Type_B,leakage_current,10.239,15.266,30.764,46.032,50.0,Obvious_Failure
C09694,L094,Type_B,leakage_current,11.938,11.934,12.08,12.249,50.0,Healthy
C09695,L095,Type_A,leakage_current,10.132,10.198,10.495,10.738,50.0,Healthy
C09696,L096,Type_A,leakage_current,9.994,12.925,32.508,52.853,50.0,Rapid_Drift
C09697,L097,Type_C,leakage_current,9.377,9.393,9.498,9.343,50.0,Healthy
C09698,L098,Type_C,leakage_current,10.385,19.014,45.293,71.426,50.0,Obvious_Failure
C09699,L099,Type_C,leakage_current,9.151,9.143,9.94,10.595,50.0,Healthy
C09700,L100,Type_B,leakage_current,10.402,10.464,10.79,11.3,50.0,Healthy
C09701,L001,Type_C,leakage_current,10.826,10.87,11.525,12.168,50.0,Healthy
C09702,L002,Type_C,leakage_current,9.794,13.268,40.457,68.4,50.0,Rapid_Drift
C09703,L003,Type_A,leakage_current,9.401,9.384,9.914,10.623,50.0,Healthy
C09704,L004,Type_B,leakage_current,11.413,11.45,11.467,11.972,50.0,Healthy
C09705,L005,Type_A,leakage_current,10.353,10.595,11.493,12.26,50.0,Healthy
C09706,L006,Type_A,leakage_current,10.176,10.405,10.946,11.655,50.0,Healthy
C09707,L007,Type_C,leakage_current,10.013,10.343,10.76,11.181,50.0,Healthy
C09708,L008,Type_A,leakage_current,11.002,11.221,12.081,13.111,50.0,Healthy
C09709,L009,Type_B,leakage_current,11.143,11.541,12.334,13.103,50.0,Healthy
C09710,L010,Type_A,leakage_current,9.423,9.458,9.715,9.871,50.0,Healthy
C09711,L011,Type_A,leakage_current,9.208,9.437,10.087,10.762,50.0,Healthy
C09712,L012,Type_C,leakage_current,8.755,9.12,9.944,10.359,50.0,Healthy
C09713,L013,Type_A,leakage_current,10.739,11.131,11.962,12.75,50.0,Healthy
C09714,L014,Type_C,leakage_current,8.081,8.536,9.2,9.61,50.0,Healthy
C09715,L015,Type_C,leakage_current,8.261,8.455,9.098,9.492,50.0,Healthy
C09716,L016,Type_B,leakage_current,10.726,16.608,33.901,50.193,50.0,Obvious_Failure
C09717,L017,Type_A,leakage_current,10.317,10.522,10.862,11.145,50.0,Healthy
C09718,L018,Type_A,leakage_current,10.141,11.675,24.918,38.032,50.0,Latent_Defect
C09719,L019,Type_B,leakage_current,10.149,10.377,10.81,11.768,50.0,Healthy
C09720,L020,Type_A,leakage_current,8.679,8.728,9.265,9.575,50.0,Healthy
C09721,L021,Type_A,leakage_current,9.883,9.985,10.517,11.107,50.0,Healthy
C09722,L022,Type_B,leakage_current,10.314,10.572,11.468,12.302,50.0,Healthy
C09723,L023,Type_B,leakage_current,10.925,18.47,40.869,63.815,50.0,Obvious_Failure
C09724,L024,Type_A,leakage_current,9.801,10.131,10.815,11.781,50.0,Healthy
C09725,L025,Type_A,leakage_current,10.563,14.34,32.592,51.297,50.0,Rapid_Drift
C09726,L026,Type_C,leakage_current,8.254,10.203,28.168,45.729,50.0,Latent_Defect
C09727,L027,Type_A,leakage_current,9.251,9.251,9.793,10.017,50.0,Healthy
C09728,L028,Type_B,leakage_current,9.996,10.12,10.215,10.645,50.0,Healthy
C09729,L029,Type_A,leakage_current,10.1,10.299,11.055,11.671,50.0,Healthy
C09730,L030,Type_C,leakage_current,9.203,9.335,9.596,10.135,50.0,Healthy
C09731,L031,Type_B,leakage_current,11.04,11.384,12.099,12.718,50.0,Healthy
C09732,L032,Type_B,leakage_current,10.275,12.274,27.344,42.59,50.0,Latent_Defect
C09733,L033,Type_A,leakage_current,10.606,13.137,29.788,46.56,50.0,Rapid_Drift
C09734,L034,Type_A,leakage_current,10.025,10.147,10.738,11.238,50.0,Healthy
C09735,L035,Type_C,leakage_current,8.894,9.017,9.503,9.997,50.0,Healthy
C09736,L036,Type_A,leakage_current,10.18,10.458,11.532,12.237,50.0,Healthy
C09737,L037,Type_A,leakage_current,9.581,12.973,36.079,59.797,50.0,Rapid_Drift
C09738,L038,Type_A,leakage_current,9.82,10.4,11.011,11.244,50.0,Healthy
C09739,L039,Type_B,leakage_current,10.868,10.91,11.347,11.695,50.0,Healthy
C09740,L040,Type_A,leakage_current,9.373,9.66,10.275,10.937,50.0,Healthy
C09741,L041,Type_A,leakage_current,10.788,11.095,11.742,12.489,50.0,Healthy
C09742,L042,Type_B,leakage_current,10.984,11.325,11.612,12.209,50.0,Healthy
C09743,L043,Type_C,leakage_current,8.54,8.757,9.045,9.48,50.0,Healthy
C09744,L044,Type_C,leakage_current,9.121,9.401,10.233,10.604,50.0,Healthy
C09745,L045,Type_B,leakage_current,10.519,10.842,11.525,12.411,50.0,Healthy
C09746,L046,Type_A,leakage_current,9.095,9.235,9.63,9.859,50.0,Healthy
C09747,L047,Type_C,leakage_current,9.469,9.74,10.529,11.016,50.0,Healthy
C09748,L048,Type_B,leakage_current,10.782,11.085,11.328,11.733,50.0,Healthy
C09749,L049,Type_A,leakage_current,9.992,12.48,29.463,47.414,50.0,Rapid_Drift
C09750,L050,Type_A,leakage_current,10.689,10.636,11.166,12.101,50.0,Healthy
C09751,L051,Type_A,leakage_current,8.825,12.162,32.903,53.431,50.0,Rapid_Drift
C09752,L052,Type_A,leakage_current,10.537,13.446,35.363,57.405,50.0,Rapid_Drift
C09753,L053,Type_B,leakage_current,10.266,10.387,11.137,11.355,50.0,Healthy
C09754,L054,Type_A,leakage_current,10.18,10.538,11.133,11.96,50.0,Healthy
C09755,L055,Type_A,leakage_current,10.733,10.815,11.439,12.391,50.0,Healthy
C09756,L056,Type_A,leakage_current,9.601,17.895,44.385,71.791,50.0,Obvious_Failure
C09757,L057,Type_A,leakage_current,9.733,9.902,10.305,10.666,50.0,Healthy
C09758,L058,Type_B,leakage_current,11.322,11.395,11.821,12.164,50.0,Healthy
C09759,L059,Type_B,leakage_current,11.829,12.183,12.806,13.466,50.0,Healthy
C09760,L060,Type_A,leakage_current,10.585,10.875,11.568,12.064,50.0,Healthy
C09761,L061,Type_A,leakage_current,10.907,11.115,11.769,12.498,50.0,Healthy
C09762,L062,Type_B,leakage_current,10.717,10.78,11.293,11.665,50.0,Healthy
C09763,L063,Type_A,leakage_current,9.986,9.949,10.393,10.945,50.0,Healthy
C09764,L064,Type_A,leakage_current,10.159,12.146,25.971,40.023,50.0,Latent_Defect
C09765,L065,Type_A,leakage_current,10.358,10.595,11.384,12.313,50.0,Healthy
C09766,L066,Type_A,leakage_current,10.172,10.404,11.049,11.8,50.0,Healthy
C09767,L067,Type_B,leakage_current,10.464,10.607,11.51,12.206,50.0,Healthy
C09768,L068,Type_C,leakage_current,9.747,9.853,10.308,10.962,50.0,Healthy
C09769,L069,Type_A,leakage_current,10.438,10.693,11.77,12.282,50.0,Healthy
C09770,L070,Type_A,leakage_current,10.125,10.328,10.848,11.421,50.0,Healthy
C09771,L071,Type_C,leakage_current,10.253,10.321,10.767,11.136,50.0,Healthy
C09772,L072,Type_A,leakage_current,9.493,9.607,10.234,10.886,50.0,Healthy
C09773,L073,Type_B,leakage_current,11.041,11.182,11.689,12.019,50.0,Healthy
C09774,L074,Type_A,leakage_current,10.829,20.319,48.519,76.273,50.0,Obvious_Failure
C09775,L075,Type_B,leakage_current,10.386,13.156,37.374,62.184,50.0,Rapid_Drift
C09776,L076,Type_A,leakage_current,9.407,9.679,10.666,11.332,50.0,Healthy
C09777,L077,Type_A,leakage_current,10.359,10.423,10.983,11.38,50.0,Healthy
C09778,L078,Type_B,leakage_current,11.53,11.824,13.062,14.041,50.0,Healthy
C09779,L079,Type_B,leakage_current,9.92,9.849,10.253,10.757,50.0,Healthy
C09780,L080,Type_B,leakage_current,10.569,10.895,11.241,11.977,50.0,Healthy
C09781,L081,Type_C,leakage_current,9.196,9.299,10.137,10.962,50.0,Healthy
C09782,L082,Type_A,leakage_current,9.673,12.219,31.558,40.396,50.0,Latent_Defect
C09783,L083,Type_A,leakage_current,9.612,9.849,10.628,11.229,50.0,Healthy
C09784,L084,Type_B,leakage_current,9.719,15.676,33.535,51.68,50.0,Obvious_Failure
C09785,L085,Type_C,leakage_current,8.33,8.376,8.954,9.934,50.0,Healthy
C09786,L086,Type_A,leakage_current,9.784,10.14,11.02,11.553,50.0,Healthy
C09787,L087,Type_C,leakage_current,9.742,9.74,10.287,11.143,50.0,Healthy
C09788,L088,Type_A,leakage_current,10.366,10.706,11.763,13.108,50.0,Healthy
C09789,L089,Type_A,leakage_current,9.591,9.853,10.206,10.639,50.0,Healthy
C09790,L090,Type_A,leakage_current,11.045,11.263,12.047,12.849,50.0,Healthy
C09791,L091,Type_B,leakage_current,10.883,12.35,30.586,43.067,50.0,Latent_Defect
C09792,L092,Type_B,leakage_current,11.107,17.495,36.163,55.271,50.0,Obvious_Failure
C09793,L093,Type_A,leakage_current,10.134,10.24,10.604,10.88,50.0,Healthy
C09794,L094,Type_C,leakage_current,9.645,9.741,10.502,11.199,50.0,Healthy
C09795,L095,Type_B,leakage_current,11.143,11.424,12.209,12.656,50.0,Healthy
C09796,L096,Type_B,leakage_current,11.144,11.218,11.859,12.349,50.0,Healthy
C09797,L097,Type_C,leakage_current,8.905,9.21,10.128,10.99,50.0,Healthy
C09798,L098,Type_C,leakage_current,8.731,9.07,9.749,10.461,50.0,Healthy
C09799,L099,Type_A,leakage_current,10.054,10.343,10.746,11.192,50.0,Healthy
C09800,L100,Type_C,leakage_current,9.837,18.913,45.816,73.472,50.0,Obvious_Failure
C09801,L001,Type_A,leakage_current,10.366,10.5,11.245,11.917,50.0,Healthy
C09802,L002,Type_A,leakage_current,9.846,9.913,10.728,10.805,50.0,Healthy
C09803,L003,Type_B,leakage_current,11.688,11.777,12.569,13.299,50.0,Healthy
C09804,L004,Type_A,leakage_current,10.669,10.736,11.058,11.232,50.0,Healthy
C09805,L005,Type_B,leakage_current,10.271,10.453,11.053,11.937,50.0,Healthy
C09806,L006,Type_A,leakage_current,9.906,10.224,10.677,11.18,50.0,Healthy
C09807,L007,Type_C,leakage_current,9.11,9.23,10.105,10.913,50.0,Healthy
C09808,L008,Type_B,leakage_current,10.791,10.986,11.672,12.355,50.0,Healthy
C09809,L009,Type_A,leakage_current,10.209,10.329,10.859,11.557,50.0,Healthy
C09810,L010,Type_B,leakage_current,10.477,15.679,31.187,47.071,50.0,Obvious_Failure
C09811,L011,Type_A,leakage_current,9.936,11.211,31.345,48.362,50.0,Latent_Defect
C09812,L012,Type_A,leakage_current,9.136,9.398,9.976,10.709,50.0,Healthy
C09813,L013,Type_C,leakage_current,9.379,9.492,9.603,9.745,50.0,Healthy
C09814,L014,Type_A,leakage_current,9.621,9.775,10.18,10.801,50.0,Healthy
C09815,L015,Type_A,leakage_current,9.294,9.533,10.301,10.334,50.0,Healthy
C09816,L016,Type_A,leakage_current,9.462,9.536,10.132,11.018,50.0,Healthy
C09817,L017,Type_A,leakage_current,9.802,9.875,10.46,11.062,50.0,Healthy
C09818,L018,Type_A,leakage_current,9.807,11.825,24.796,37.535,50.0,Latent_Defect
C09819,L019,Type_A,leakage_current,11.028,11.251,11.406,11.722,50.0,Healthy
C09820,L020,Type_A,leakage_current,10.835,13.628,36.581,59.874,50.0,Rapid_Drift
C09821,L021,Type_C,leakage_current,10.32,10.573,11.506,12.48,50.0,Healthy
C09822,L022,Type_A,leakage_current,9.273,9.269,9.529,10.07,50.0,Healthy
C09823,L023,Type_A,leakage_current,9.946,10.05,10.814,11.362,50.0,Healthy
C09824,L024,Type_A,leakage_current,9.893,10.005,10.02,10.644,50.0,Healthy
C09825,L025,Type_A,leakage_current,9.456,9.749,10.832,11.505,50.0,Healthy
C09826,L026,Type_A,leakage_current,9.315,9.515,10.154,10.321,50.0,Healthy
C09827,L027,Type_A,leakage_current,9.47,9.564,10.238,10.779,50.0,Healthy
C09828,L028,Type_A,leakage_current,9.84,10.101,10.414,10.855,50.0,Healthy
C09829,L029,Type_A,leakage_current,10.606,10.814,11.532,12.049,50.0,Healthy
C09830,L030,Type_B,leakage_current,11.127,11.47,11.98,12.546,50.0,Healthy
C09831,L031,Type_A,leakage_current,9.794,9.981,10.766,11.443,50.0,Healthy
C09832,L032,Type_A,leakage_current,9.207,9.503,10.137,10.865,50.0,Healthy
C09833,L033,Type_B,leakage_current,10.574,12.155,24.808,37.864,50.0,Latent_Defect
C09834,L034,Type_B,leakage_current,10.825,11.156,11.876,12.753,50.0,Healthy
C09835,L035,Type_A,leakage_current,9.801,10.056,10.753,11.976,50.0,Healthy
C09836,L036,Type_B,leakage_current,10.868,11.019,11.511,11.67,50.0,Healthy
C09837,L037,Type_A,leakage_current,10.538,13.711,34.518,55.076,50.0,Rapid_Drift
C09838,L038,Type_B,leakage_current,10.691,12.152,27.186,42.094,50.0,Latent_Defect
C09839,L039,Type_B,leakage_current,9.75,9.862,10.289,10.804,50.0,Healthy
C09840,L040,Type_B,leakage_current,10.485,10.805,11.61,12.437,50.0,Healthy
C09841,L041,Type_A,leakage_current,10.362,10.378,10.857,11.288,50.0,Healthy
C09842,L042,Type_B,leakage_current,11.23,11.29,11.865,12.497,50.0,Healthy
C09843,L043,Type_B,leakage_current,10.619,13.021,26.206,39.582,50.0,Latent_Defect
C09844,L044,Type_A,leakage_current,8.548,8.862,9.584,10.605,50.0,Healthy
C09845,L045,Type_A,leakage_current,10.371,10.469,10.745,10.851,50.0,Healthy
C09846,L046,Type_A,leakage_current,10.938,11.095,11.767,13.079,50.0,Healthy
C09847,L047,Type_A,leakage_current,10.735,10.954,11.478,12.205,50.0,Healthy
C09848,L048,Type_B,leakage_current,10.81,10.951,11.475,11.675,50.0,Healthy
C09849,L049,Type_A,leakage_current,10.743,10.938,11.525,11.921,50.0,Healthy
C09850,L050,Type_B,leakage_current,10.738,11.14,11.287,11.882,50.0,Healthy
C09851,L051,Type_A,leakage_current,10.005,10.152,10.618,11.371,50.0,Healthy
C09852,L052,Type_C,leakage_current,9.627,9.613,10.36,10.86,50.0,Healthy
C09853,L053,Type_A,leakage_current,11.062,11.487,12.32,13.119,50.0,Healthy
C09854,L054,Type_A,leakage_current,9.661,15.606,32.893,49.383,50.0,Obvious_Failure
C09855,L055,Type_A,leakage_current,8.565,8.611,8.901,8.918,50.0,Healthy
C09856,L056,Type_B,leakage_current,11.192,13.936,31.059,48.054,50.0,Rapid_Drift
C09857,L057,Type_B,leakage_current,9.102,12.018,35.855,59.765,50.0,Rapid_Drift
C09858,L058,Type_A,leakage_current,10.296,10.413,11.177,11.641,50.0,Healthy
C09859,L059,Type_B,leakage_current,10.359,17.114,38.002,57.996,50.0,Obvious_Failure
C09860,L060,Type_A,leakage_current,9.42,9.493,10.199,11.089,50.0,Healthy
C09861,L061,Type_C,leakage_current,9.619,9.684,10.129,10.85,50.0,Healthy
C09862,L062,Type_A,leakage_current,10.665,16.92,35.421,54.088,50.0,Obvious_Failure
C09863,L063,Type_A,leakage_current,9.741,10.092,11.059,11.737,50.0,Healthy
C09864,L064,Type_B,leakage_current,11.305,11.423,11.919,12.196,50.0,Healthy
C09865,L065,Type_B,leakage_current,10.99,11.218,11.408,12.035,50.0,Healthy
C09866,L066,Type_A,leakage_current,10.202,10.658,11.101,11.798,50.0,Healthy
C09867,L067,Type_B,leakage_current,10.746,11.137,11.334,11.49,50.0,Healthy
C09868,L068,Type_A,leakage_current,11.393,11.656,12.198,12.894,50.0,Healthy
C09869,L069,Type_A,leakage_current,10.411,17.851,40.858,63.645,50.0,Obvious_Failure
C09870,L070,Type_C,leakage_current,10.083,10.27,10.698,11.262,50.0,Healthy
C09871,L071,Type_B,leakage_current,10.148,10.464,11.189,11.696,50.0,Healthy
C09872,L072,Type_C,leakage_current,10.78,11.123,11.759,12.698,50.0,Healthy
C09873,L073,Type_A,leakage_current,9.38,9.79,10.563,11.56,50.0,Healthy
C09874,L074,Type_B,leakage_current,10.706,19.271,45.889,72.258,50.0,Obvious_Failure
C09875,L075,Type_B,leakage_current,11.976,12.078,12.403,12.96,50.0,Healthy
C09876,L076,Type_A,leakage_current,10.69,10.937,11.143,11.599,50.0,Healthy
C09877,L077,Type_B,leakage_current,11.27,11.35,11.529,12.041,50.0,Healthy
C09878,L078,Type_A,leakage_current,9.814,11.696,24.51,37.662,50.0,Latent_Defect
C09879,L079,Type_B,leakage_current,10.188,10.269,11.127,11.746,50.0,Healthy
C09880,L080,Type_B,leakage_current,9.813,11.583,30.682,38.99,50.0,Latent_Defect
C09881,L081,Type_B,leakage_current,10.233,10.699,11.627,12.36,50.0,Healthy
C09882,L082,Type_A,leakage_current,9.615,10.024,10.787,11.524,50.0,Healthy
C09883,L083,Type_A,leakage_current,11.005,10.993,11.421,11.994,50.0,Healthy
C09884,L084,Type_A,leakage_current,9.367,10.843,23.855,36.285,50.0,Latent_Defect
C09885,L085,Type_A,leakage_current,9.799,9.948,10.643,11.605,50.0,Healthy
C09886,L086,Type_B,leakage_current,10.738,10.966,11.79,12.284,50.0,Healthy
C09887,L087,Type_B,leakage_current,10.673,10.909,11.413,11.781,50.0,Healthy
C09888,L088,Type_A,leakage_current,9.503,9.578,10.427,10.994,50.0,Healthy
C09889,L089,Type_A,leakage_current,10.179,10.309,10.625,11.162,50.0,Healthy
C09890,L090,Type_C,leakage_current,8.956,9.254,9.879,10.82,50.0,Healthy
C09891,L091,Type_A,leakage_current,11.031,11.126,11.655,11.904,50.0,Healthy
C09892,L092,Type_A,leakage_current,10.196,10.36,11.23,12.254,50.0,Healthy
C09893,L093,Type_A,leakage_current,9.237,9.623,10.709,11.892,50.0,Healthy
C09894,L094,Type_A,leakage_current,9.446,11.286,27.595,42.783,50.0,Latent_Defect
C09895,L095,Type_B,leakage_current,10.667,11.057,11.985,12.905,50.0,Healthy
C09896,L096,Type_A,leakage_current,10.392,10.564,11.459,12.599,50.0,Healthy
C09897,L097,Type_A,leakage_current,10.377,10.564,11.291,11.715,50.0,Healthy
C09898,L098,Type_A,leakage_current,9.875,10.167,10.869,11.731,50.0,Healthy
C09899,L099,Type_A,leakage_current,10.041,10.301,11.197,11.991,50.0,Healthy
C09900,L100,Type_B,leakage_current,10.624,10.881,11.743,12.842,50.0,Healthy
C09901,L001,Type_C,leakage_current,8.563,8.703,8.904,9.261,50.0,Healthy
C09902,L002,Type_A,leakage_current,11.495,18.797,41.314,63.798,50.0,Obvious_Failure
C09903,L003,Type_A,leakage_current,9.741,11.074,27.838,41.998,50.0,Latent_Defect
C09904,L004,Type_A,leakage_current,10.507,10.792,11.397,11.622,50.0,Healthy
C09905,L005,Type_B,leakage_current,10.874,11.209,11.982,12.949,50.0,Healthy
C09906,L006,Type_C,leakage_current,9.635,10.003,10.71,11.646,50.0,Healthy
C09907,L007,Type_A,leakage_current,10.788,10.887,11.586,12.056,50.0,Healthy
C09908,L008,Type_A,leakage_current,9.854,18.215,42.681,67.104,50.0,Obvious_Failure
C09909,L009,Type_A,leakage_current,9.356,9.486,10.517,11.694,50.0,Healthy
C09910,L010,Type_B,leakage_current,10.813,10.937,11.715,12.42,50.0,Healthy
C09911,L011,Type_B,leakage_current,11.546,11.641,12.45,13.2,50.0,Healthy
C09912,L012,Type_A,leakage_current,11.321,11.437,11.7,12.091,50.0,Healthy
C09913,L013,Type_B,leakage_current,10.898,10.909,11.11,11.57,50.0,Healthy
C09914,L014,Type_A,leakage_current,10.494,10.439,10.447,10.695,50.0,Healthy
C09915,L015,Type_B,leakage_current,10.54,10.479,10.755,11.245,50.0,Healthy
C09916,L016,Type_A,leakage_current,11.209,11.25,11.589,11.758,50.0,Healthy
C09917,L017,Type_B,leakage_current,10.697,10.907,11.386,12.677,50.0,Healthy
C09918,L018,Type_A,leakage_current,9.412,9.47,10.082,10.577,50.0,Healthy
C09919,L019,Type_B,leakage_current,10.744,10.858,11.577,12.451,50.0,Healthy
C09920,L020,Type_A,leakage_current,9.356,9.688,10.357,11.554,50.0,Healthy
C09921,L021,Type_A,leakage_current,9.904,11.97,28.147,42.189,50.0,Latent_Defect
C09922,L022,Type_A,leakage_current,10.69,10.907,11.571,12.234,50.0,Healthy
C09923,L023,Type_A,leakage_current,10.116,10.275,10.789,11.317,50.0,Healthy
C09924,L024,Type_A,leakage_current,10.516,10.662,11.369,12.237,50.0,Healthy
C09925,L025,Type_A,leakage_current,9.601,9.707,10.172,10.254,50.0,Healthy
C09926,L026,Type_B,leakage_current,11.735,12.105,12.587,12.953,50.0,Healthy
C09927,L027,Type_A,leakage_current,8.942,8.932,9.163,9.655,50.0,Healthy
C09928,L028,Type_A,leakage_current,9.424,9.646,10.591,11.452,50.0,Healthy
C09929,L029,Type_A,leakage_current,10.867,11.22,11.972,12.704,50.0,Healthy
C09930,L030,Type_B,leakage_current,10.235,10.497,11.305,11.881,50.0,Healthy
C09931,L031,Type_A,leakage_current,9.202,9.287,9.507,9.975,50.0,Healthy
C09932,L032,Type_B,leakage_current,10.69,10.884,11.647,12.666,50.0,Healthy
C09933,L033,Type_B,leakage_current,11.315,16.832,33.818,50.641,50.0,Obvious_Failure
C09934,L034,Type_A,leakage_current,8.476,8.828,9.568,10.371,50.0,Healthy
C09935,L035,Type_B,leakage_current,10.757,11.078,11.979,12.74,50.0,Healthy
C09936,L036,Type_B,leakage_current,9.412,13.37,32.949,52.364,50.0,Rapid_Drift
C09937,L037,Type_A,leakage_current,10.118,10.545,11.384,12.474,50.0,Healthy
C09938,L038,Type_A,leakage_current,10.375,10.496,11.167,11.727,50.0,Healthy
C09939,L039,Type_A,leakage_current,10.239,15.713,32.68,49.002,50.0,Obvious_Failure
C09940,L040,Type_A,leakage_current,10.545,10.74,11.463,11.894,50.0,Healthy
C09941,L041,Type_C,leakage_current,9.458,9.432,10.057,10.787,50.0,Healthy
C09942,L042,Type_B,leakage_current,10.713,15.893,31.237,47.066,50.0,Obvious_Failure
C09943,L043,Type_B,leakage_current,10.501,10.755,11.124,11.47,50.0,Healthy
C09944,L044,Type_C,leakage_current,8.887,9.091,9.568,9.971,50.0,Healthy
C09945,L045,Type_B,leakage_current,10.945,13.0,26.653,40.644,50.0,Latent_Defect
C09946,L046,Type_C,leakage_current,10.283,10.435,10.696,11.108,50.0,Healthy
C09947,L047,Type_A,leakage_current,10.473,10.791,11.489,12.047,50.0,Healthy
C09948,L048,Type_A,leakage_current,10.932,11.187,11.813,12.235,50.0,Healthy
C09949,L049,Type_B,leakage_current,11.575,11.603,12.126,12.794,50.0,Healthy
C09950,L050,Type_C,leakage_current,10.041,13.264,35.959,57.985,50.0,Rapid_Drift
C09951,L051,Type_A,leakage_current,10.212,10.569,11.076,11.717,50.0,Healthy
C09952,L052,Type_C,leakage_current,9.244,9.506,10.533,11.44,50.0,Healthy
C09953,L053,Type_A,leakage_current,10.991,11.043,10.952,11.373,50.0,Healthy
C09954,L054,Type_C,leakage_current,9.737,10.139,10.879,11.041,50.0,Healthy
C09955,L055,Type_B,leakage_current,11.636,19.787,44.677,69.374,50.0,Obvious_Failure
C09956,L056,Type_B,leakage_current,9.909,10.234,10.949,11.604,50.0,Healthy
C09957,L057,Type_A,leakage_current,9.736,9.798,10.547,11.188,50.0,Healthy
C09958,L058,Type_C,leakage_current,10.268,11.901,31.421,47.825,50.0,Latent_Defect
C09959,L059,Type_B,leakage_current,10.647,10.96,11.782,12.574,50.0,Healthy
C09960,L060,Type_A,leakage_current,10.669,10.872,11.496,12.217,50.0,Healthy
C09961,L061,Type_A,leakage_current,9.227,9.292,9.522,9.657,50.0,Healthy
C09962,L062,Type_A,leakage_current,9.536,19.368,48.066,76.581,50.0,Obvious_Failure
C09963,L063,Type_A,leakage_current,9.448,9.472,10.039,10.729,50.0,Healthy
C09964,L064,Type_C,leakage_current,9.596,9.576,9.979,9.974,50.0,Healthy
C09965,L065,Type_A,leakage_current,9.216,10.454,25.5,40.178,50.0,Latent_Defect
C09966,L066,Type_A,leakage_current,11.004,11.149,11.995,12.994,50.0,Healthy
C09967,L067,Type_C,leakage_current,9.029,9.194,9.661,10.018,50.0,Healthy
C09968,L068,Type_B,leakage_current,11.352,11.439,12.115,12.808,50.0,Healthy
C09969,L069,Type_A,leakage_current,10.033,10.238,11.196,12.091,50.0,Healthy
C09970,L070,Type_B,leakage_current,10.062,10.434,11.009,11.775,50.0,Healthy
C09971,L071,Type_B,leakage_current,10.063,10.342,11.142,11.83,50.0,Healthy
C09972,L072,Type_A,leakage_current,10.491,10.947,11.475,11.956,50.0,Healthy
C09973,L073,Type_A,leakage_current,9.679,10.067,10.781,11.284,50.0,Healthy
C09974,L074,Type_A,leakage_current,10.046,10.276,10.844,11.193,50.0,Healthy
C09975,L075,Type_B,leakage_current,9.693,9.905,10.817,11.626,50.0,Healthy
C09976,L076,Type_C,leakage_current,10.72,11.155,11.959,12.989,50.0,Healthy
C09977,L077,Type_A,leakage_current,10.112,10.226,10.968,11.845,50.0,Healthy
C09978,L078,Type_B,leakage_current,11.136,11.497,12.041,12.779,50.0,Healthy
C09979,L079,Type_B,leakage_current,11.98,12.083,12.325,12.839,50.0,Healthy
C09980,L080,Type_B,leakage_current,10.776,10.709,10.979,11.088,50.0,Healthy
C09981,L081,Type_A,leakage_current,10.036,11.44,26.723,42.026,50.0,Latent_Defect
C09982,L082,Type_B,leakage_current,10.967,11.298,12.188,12.804,50.0,Healthy
C09983,L083,Type_A,leakage_current,10.546,10.618,11.093,11.685,50.0,Healthy
C09984,L084,Type_B,leakage_current,10.092,10.261,10.889,11.337,50.0,Healthy
C09985,L085,Type_C,leakage_current,8.994,9.138,9.38,9.478,50.0,Healthy
C09986,L086,Type_C,leakage_current,8.666,8.729,9.004,8.943,50.0,Healthy
C09987,L087,Type_A,leakage_current,9.983,10.318,10.799,11.487,50.0,Healthy
C09988,L088,Type_B,leakage_current,11.788,11.866,12.212,12.974,50.0,Healthy
C09989,L089,Type_A,leakage_current,10.782,11.022,11.53,11.994,50.0,Healthy
C09990,L090,Type_B,leakage_current,9.933,10.039,10.171,10.555,50.0,Healthy
C09991,L091,Type_A,leakage_current,10.226,10.469,11.391,12.027,50.0,Healthy
C09992,L092,Type_A,leakage_current,10.493,10.629,10.946,11.379,50.0,Healthy
C09993,L093,Type_A,leakage_current,9.771,9.771,10.345,10.822,50.0,Healthy
C09994,L094,Type_A,leakage_current,9.905,12.78,33.367,54.217,50.0,Rapid_Drift
C09995,L095,Type_B,leakage_current,9.887,10.067,10.436,10.647,50.0,Healthy
C09996,L096,Type_B,leakage_current,10.697,13.557,32.193,50.554,50.0,Rapid_Drift
C09997,L097,Type_B,leakage_current,10.549,10.669,10.986,11.2,50.0,Healthy
C09998,L098,Type_A,leakage_current,10.897,10.979,11.553,12.236,50.0,Healthy
C09999,L099,Type_B,leakage_current,10.965,11.344,12.532,13.796,50.0,Healthy
C10000,L100,Type_A,leakage_current,8.791,8.786,9.221,9.68,50.0,Healthy
